x,y,theta,qz,qw,cmd_v,cmd_om
-4.569606132526216e-05,0.0004241045747805927,1.5716860995846649,0.7215952154318852,0.6922893606037092,-0.0,-0.0
-4.569606132526216e-05,0.0004241045747805927,1.5716860995846649,0.7215952154318852,0.6922893606037092,-0.0,-0.0
-4.569606132526216e-05,0.0004241045747805927,1.5716860995846649,0.7215952154318852,0.6922893606037092,-0.0,-0.0
-4.569606132526216e-05,0.0004241045747805927,1.5716860995846649,0.7215952154318852,0.6922893606037092,-0.0,-0.0
-4.569606132526216e-05,0.0004241045747805927,1.5716860995846649,0.7215952154318852,0.6922893606037092,-0.0,-0.0
-4.569606132526216e-05,0.0004241045747805927,1.5716860995846649,0.7215952154318852,0.6922893606037092,-0.0,-0.0
-4.569606132526216e-05,0.0004241045747805927,1.5716860995846649,0.7215952154318852,0.6922893606037092,-0.0,-0.0
-4.569606132526216e-05,0.0004241045747805927,1.5716860995846649,0.7215952154318852,0.6922893606037092,-0.0,-0.0
-4.569606132526216e-05,0.0004241045747805927,1.5716860995846649,0.7215952154318852,0.6922893606037092,-0.0,-0.0
-4.569606132526216e-05,0.0004241045747805927,1.5716860995846649,0.7215952154318852,0.6922893606037092,-0.0,-0.0
-4.569606132526216e-05,0.0004241045747805927,1.5716860995846649,0.7215952154318852,0.6922893606037092,-0.0,-0.0
-4.569606132526216e-05,0.0004241045747805927,1.5716860995846649,0.7215952154318852,0.6922893606037092,-0.0,-0.0
-4.569606132526216e-05,0.0004241045747805927,1.5716860995846649,0.7215952154318852,0.6922893606037092,-0.0,-0.0
-4.569606132526216e-05,0.0004241045747805927,1.5716860995846649,0.7215952154318852,0.6922893606037092,-0.0,-0.0
-4.569606132526216e-05,0.0004241045747805927,1.5716860995846649,0.7215952154318852,0.6922893606037092,-0.0,-0.0
-4.569606132526216e-05,0.0004241045747805927,1.5716860995846649,0.7215952154318852,0.6922893606037092,-0.0,-0.0
-4.569606132526216e-05,0.0004241045747805927,1.5716860995846649,0.7215952154318852,0.6922893606037092,-0.0,-0.0
-4.569606132526216e-05,0.0004241045747805927,1.5716860995846649,0.7215952154318852,0.6922893606037092,-0.0,-0.0
-4.569606132526216e-05,0.0004241045747805927,1.5716860995846649,0.7215952154318852,0.6922893606037092,-0.0,-0.0
-4.569606132526216e-05,0.0004241045747805927,1.5716860995846649,0.7215952154318852,0.6922893606037092,-0.0,-0.0
-4.569606132526216e-05,0.0004241045747805927,1.5716860995846649,0.7215952154318852,0.6922893606037092,-0.0,-0.0
-4.569606132526216e-05,0.0004241045747805927,1.5716860995846649,0.7215952154318852,0.6922893606037092,-0.0,-0.0
-4.569606132526216e-05,0.0004241045747805927,1.5716860995846649,0.7215952154318852,0.6922893606037092,-0.0,-0.0
-4.569606132526216e-05,0.0004241045747805927,1.5716860995846649,0.7215952154318852,0.6922893606037092,-0.0,-0.0
-4.569606132526216e-05,0.0004241045747805927,1.5716860995846649,0.7215952154318852,0.6922893606037092,-0.0,-0.0
-4.569606132526216e-05,0.0004241045747805927,1.5716860995846649,0.7215952154318852,0.6922893606037092,-0.0,-0.0
-4.569606132526216e-05,0.0004241045747805927,1.5716860995846649,0.7215952154318852,0.6922893606037092,-0.0,-0.0
-4.569606132526216e-05,0.0004241045747805927,1.5716860995846649,0.7215952154318852,0.6922893606037092,-0.0,-0.0
-4.569606132526216e-05,0.0004241045747805927,1.5716860995846649,0.7215952154318852,0.6922893606037092,-0.0,-0.0
-4.569606132526216e-05,0.0004241045747805927,1.5716860995846649,0.7215952154318852,0.6922893606037092,-0.0,-0.0
-4.569606132526216e-05,0.0004241045747805927,1.5716860995846649,0.7215952154318852,0.6922893606037092,-0.0,-0.0
-4.569606132526216e-05,0.0004241045747805927,1.5716860995846649,0.7215952154318852,0.6922893606037092,-0.0,-0.0
-4.569606132526216e-05,0.0004241045747805927,1.5716860995846649,0.7215952154318852,0.6922893606037092,-0.0,-0.0
-4.569606132526216e-05,0.0004241045747805927,1.5716860995846649,0.7215952154318852,0.6922893606037092,-0.0,-0.0
-4.569606132526216e-05,0.0004241045747805927,1.5716860995846649,0.7215952154318852,0.6922893606037092,-0.0,-0.0
-2.342696814612228e-05,0.00012928514555931916,1.5711036753880445,0.7213923172976316,0.6924982541129854,0.0018700227332421801,0.0
6.155598486577325e-06,-2.73333237601948e-05,1.5707128496029759,0.7212563272817604,0.6926385835358523,0.008779413455431661,0.0
-2.3499924551309406e-05,0.0003457735269688432,1.5715021686884667,0.7215313650721796,0.6923555460622066,0.010997103527188301,0.0
4.701997857678122e-05,0.0003734608225236783,1.5731164082344733,0.722086653970911,0.6917698070511297,0.010997103527188301,0.0
5.302631754035539e-05,0.0004983375335959596,1.573670120690444,0.7222773618998112,0.6915691143769243,0.010997103527188301,0.0
5.004357521441956e-05,0.0005475948251686173,1.5737599410404675,0.7223080131267507,0.6915362869071064,0.01634042251526137,0.0
4.706083288848373e-05,0.0005968521167412752,1.573849761390491,0.7223386643536903,0.6915034594372885,0.021968678687866942,0.0
4.40780905625479e-05,0.000646109408313933,1.5739395817405144,0.7223693155806299,0.6914706319674707,0.028963526782897313,0.0
1.5100732515218094e-05,0.004341638773725099,1.571492042347777,0.7215291281291272,0.6923604166913745,0.03619965201331292,0.0
-0.00013074524109120875,0.005084512185522422,1.5722619523720738,0.721795163763267,0.6920821886630918,0.0553602654964109,0.0
-0.00025261765292690266,0.0060775113929255505,1.5739091343849096,0.7223603012327908,0.6914830794480373,0.07172220989828662,0.0
-0.000865295609553182,0.008197229006561307,1.570930142679415,0.7213318353578985,0.6925604666243127,0.07659211538603247,0.0
-0.0009169570840924223,0.010093998145690501,1.570436342395177,0.7211543299958955,0.692732308177198,0.08045493285855641,0.0
-0.0009178580163920894,0.011263582708593345,1.57056360667385,0.7211982468442601,0.6926862647326886,0.08144667744636536,0.0
-0.0007756834378748814,0.011295975995690821,1.5713591718374929,0.7214723589739626,0.6923980173871086,0.08256613998628995,0.0
-0.0006335088593576735,0.0113283692827883,1.5721547370011355,0.7217464711036651,0.6921097700415287,0.0908116504589797,0.0
-0.0004913342808404656,0.011360762569885776,1.5729503021647784,0.7220205832333675,0.6918215226959489,0.09615607175155516,0.0
-0.0017452353285215764,0.026288365149606665,1.5722733411348548,0.7217998408868297,0.6920787844032391,0.10639875208119567,0.0
-0.0012172605597137972,0.028534151344248002,1.5754279832399785,0.7228841406967434,0.6909332642175521,0.11390552520291727,0.0
-0.0012982342250281327,0.03135051036636419,1.5748318615766939,0.7226742162841211,0.6911449171876564,0.1628348596789517,0.0
-0.0014191572029855274,0.03520880988601899,1.5744093469467717,0.7225266401834475,0.6912960901415021,0.16825752614840897,0.0
0.00024493733903763806,0.03923899775306646,1.588750401349772,0.7274328376370285,0.6860671508417179,0.18407333618180058,0.0
-0.00020921425949731388,0.04167869656414436,1.5853101977553716,0.7262582875143827,0.6873237342163151,0.18919306993484497,0.0
-0.000902241792247345,0.04250566655519874,1.580257839066686,0.7245263030380786,0.6891625815813822,0.18919306993484497,0.0
-0.001595269324997376,0.04333263654625311,1.5752054803780005,0.7227943185617746,0.6910014289464493,0.18708122147040965,0.0
-0.001589181728796614,0.05821424786989987,1.5786261035516904,0.7239901632700171,0.6897784422326388,0.18682917050479259,0.0
-0.00269047252123213,0.07276245376129338,1.575262457699524,0.7228332477835835,0.6909991072710802,0.18679281848854154,0.0
-0.003124307444234562,0.07979212156755751,1.572229504659636,0.7217837869239014,0.6920937560522665,0.18919306993484497,0.0
-0.0032400006539017845,0.08564728075176739,1.5729883974235104,0.7220463466869956,0.6918198277756198,0.18919306993484497,0.0
-0.00361706992386362,0.09139966137447325,1.5722633612254615,0.7217931944519508,0.6920793270161902,0.18919306993484497,0.0
-0.00406733531339846,0.09713880486998108,1.569203626854929,0.7207373900193573,0.6931864461913886,0.18919306993484497,0.0
-0.0036445971059753455,0.1012568160096531,1.574214673000415,0.7224635915889998,0.6913704762550071,0.18919306993484497,0.0
-0.0036628488854547497,0.10174015507472724,1.5743561296060058,0.7225127033355899,0.6913195806921724,0.18603692196041255,0.0
-0.0036811005344552575,0.10222349068449182,1.574497585200347,0.7225618147310885,0.6912686854931814,0.18090489506721497,0.0
-0.0036993521834557653,0.10270682629425641,1.5746390407946884,0.7226109261265871,0.6912177902941905,0.18090489506721497,0.0
-0.004578941969914919,0.12850769478830265,1.5724046798664382,0.7218433058488599,0.6920294829981963,0.18090489506721497,0.0
-0.005161939295407169,0.13449920379389396,1.5702028859442778,0.7210811725345627,0.6928238884278117,0.1765015321227948,0.0
-0.005242947525549163,0.13967999244112647,1.5712616683737026,0.7214459547781764,0.6924402428697062,0.16761385146058289,0.0
-0.0058350071399158356,0.14626770399017008,1.5686121141639102,0.7205324501740482,0.6933996802698056,0.16018442809581757,0.0
-0.005612196605859365,0.15119547941678574,1.5708274693891748,0.7212971132816903,0.6925982961063782,0.16018442809581757,0.0
-0.005787390278031348,0.15668650469664258,1.5695309295552207,0.7208427178188017,0.6930606947935642,0.16018442809581757,0.0
-0.00595655989961541,0.15733179760358396,1.5687883730151502,0.7205860376271161,0.6933289434806836,0.16018442809581757,0.0
-0.006125903670467796,0.15797465154347817,1.5680476876440665,0.7203300125650558,0.6935965242063047,0.1620725150946826,0.0
-0.006295247441320182,0.15861750548337236,1.5673070022729831,0.7200739875029954,0.6938641049319256,0.16432851552963257,-0.0032030651373317776
-0.006438994204919018,0.1769100193091423,1.5704310458727282,0.7211530246007946,0.6927347262291206,0.16432851552963257,-0.013927013408178708
-0.006621459219594349,0.1820140567884515,1.572282836684515,0.7217992430317304,0.692071633684103,0.16432851552963257,-0.03858916847862603
-0.006970285428239508,0.18908778340997603,1.5728913104027349,0.7220098629504463,0.691852099199982,0.167308019575379,-0.06437213413399831
-0.007573812486947205,0.19388772019461273,1.5693559604596565,0.7207881563895724,0.6931295966482851,0.16759541700138317,-0.09563732131615296
-0.007300962973155433,0.1990942320781348,1.5707997542846401,0.7212853172914636,0.6926061794512163,0.16814630808560185,-0.13497329117355825
-0.007307562142683776,0.20410298467762267,1.5671033931693905,0.7200071452512239,0.6939410709604837,0.16432851552963257,-0.17227606033172563
-0.007291377531991964,0.2097068989225536,1.5660400371817647,0.7196255805076676,0.6943116509664119,0.16776968744442788,-0.1965323374858305
-0.006952043986164322,0.2146227137373137,1.5633582969371516,0.7186858163154206,0.6952680293799864,0.16627013290283701,-0.19920346587896345
-0.006612710440336679,0.21953852855207381,1.5606765566925387,0.7177460521231736,0.696224407793561,0.1634053169015867,-0.24473120775868573
-0.006273374468653346,0.22445437850941705,1.5579947972764794,0.7168062812126627,0.6971807930441726,0.16018442809581757,-0.32099091593211976
-0.005934040922825703,0.22937019332417716,1.5553130570318663,0.7158665170204157,0.6981371714577471,0.16040104093624521,-0.3566789865493774
-0.005704036950519065,0.23502177101999913,1.5516304021806115,0.7145754577822306,0.6994499351806701,0.16337690396361712,-0.3566789865493774
-0.0058144394013068205,0.24051968059499415,1.5380184407957522,0.7098021658770896,0.7043007242100654,0.16847261786460876,-0.35671420506061413
-0.00578421337826897,0.24472524902874673,1.5244168369016513,0.7050071496941146,0.7091228861211764,0.16847261786460876,-0.36803934480501277
-0.0058103154756487035,0.250754135736535,1.511352363288431,0.7003435830885739,0.7136962572013716,0.16847261786460876,-0.39275296140950466
-0.005485326675080605,0.25203337754812943,1.50515623925911,0.6981342734036604,0.7158677869353833,0.16847261786460876,-0.41487020609280806
-0.0055247301490088194,0.25241402919333433,1.5047697355301508,0.697994247939369,0.7160009748714977,0.16847261786460876,-0.419669172167778
-0.005564133622937034,0.2527946808385393,1.5043832318011918,0.6978542224750778,0.7161341628076121,0.16847261786460876,-0.419669172167778
-0.005603537096865249,0.25317533248374424,1.5039967280722326,0.6977141970107864,0.7162673507437264,0.16847261786460876,-0.4711637205274932
-0.005642940570793464,0.2535559841289492,1.5036102243432734,0.697574171546495,0.7164005386798408,0.16847261786460876,-0.5318181661862285
-0.002843866081590396,0.28231375753658583,1.422403858770354,0.6679121389829805,0.7441182981891127,0.16847261786460876,-0.5598519922761551
-0.0022941408840865215,0.28707215225796373,1.4076821392051695,0.6624130875658214,0.7490103481346001,0.16847261786460876,-0.5613971322774887
-0.001837737917016818,0.29244609348961204,1.3877764446856649,0.6549213586273944,0.7555611606809668,0.16847261786460876,-0.5613971322774887
-0.001977040776227209,0.29786395912785946,1.364634247826774,0.6461166836992107,0.7630668813450275,0.16847261786460876,-0.5460590329917162
-0.0008842123291889153,0.30088304318521925,1.3541622453144204,0.6421244452381852,0.766453818892305,0.17427519980905726,-0.5393472982270747
-0.0008064005730514857,0.30127202699227634,1.3528034085544842,0.6416035455942503,0.7668899039503831,0.18256609170477972,-0.46059927831493547
-0.000728588816914056,0.30166101079933344,1.3514445717945482,0.6410826459503153,0.7673259890084612,0.18919306993484497,-0.45116429328918456
-0.0006507770607766264,0.3020499946063905,1.3500857350346123,0.6405617463063803,0.7677620740665392,0.18919306993484497,-0.45116429328918456
0.003979532768064971,0.3236422141787804,1.277752111502839,0.6123751914737933,0.7904140069350702,0.19333717226982117,-0.45116429328918456
0.0057091524033325075,0.32952101427084884,1.2631323815367925,0.6065857859127829,0.7948754232818024,0.19333717226982117,-0.45116429328918456
0.007618015917694099,0.3347608448723177,1.2508238210378368,0.6016878334645147,0.7986005973634488,0.19333717226982117,-0.45116429328918456
0.0093538755460199,0.3416961974621021,1.2348360843899504,0.5952880525252254,0.8033892834410292,0.19333717226982117,-0.45116429328918456
0.01147886871365148,0.34781637615864597,1.2197295760627425,0.5892087192773044,0.8078706220014751,0.19333717226982117,-0.45116429328918456
0.013311318777951433,0.3531656243484143,1.2079451391512206,0.5844423451690943,0.8113338440828859,0.19325664854408056,-0.45116429328918456
0.01348752461200235,0.35369530156829426,1.206661995563365,0.5839214125992156,0.8117082446001027,0.19016897864165522,-0.45116429328918456
0.013663730446053268,0.3542249787881742,1.2053788519755095,0.5834004800293368,0.8120826451173194,0.18919306993484497,-0.45116429328918456
0.013839936280104187,0.35475465600805417,1.204095708387654,0.582879547459458,0.8124570456345361,0.18919306993484497,-0.46382541852308423
0.021838058505401183,0.3756612334784546,1.1479313665998905,0.5598369484644902,0.8285027563600139,0.18504898250102997,-0.5423670958312055
0.023849366265641957,0.380739024006314,1.134348690344809,0.5542021672970745,0.8322927635426673,0.18090489506721497,-0.5900220589569543
0.02654337114633922,0.38691928782194773,1.1179648776358575,0.5473689285885928,0.8368098684792838,0.17429839101483735,-0.6273540723456636
0.028876527462821,0.39191410751301387,1.1018674226311727,0.5406138304053505,0.8411849367183916,0.17261670529842377,-0.648137610563849
0.03109916652162021,0.39672670734567816,1.082691340190104,0.5325219726442041,0.8463267349598013,0.17048675984809644,-0.6477886463060519
0.03319362411132683,0.4008668224074173,1.064944673762907,0.5249920714947263,0.8510197486261338,0.1719433390174673,-0.6401349067687988
0.03351897657408901,0.4008433820757397,1.0626397737333304,0.5240154768554327,0.8516315966953769,0.16873177973782083,-0.6401349067687988
0.0338443290368512,0.40081994174406216,1.060334873703754,0.523038882216139,0.85224344476462,0.16847261786460876,-0.6401349067687988
0.034169681499613386,0.40079650141238465,1.0580299736741774,0.5220622875768455,0.8528552928338631,0.16847261786460876,-0.6401349067687988
0.04261317376017078,0.41751535659037187,0.9790695972292647,0.4879808665146638,0.8727741371017167,0.16847261786460876,-0.6401349067687988
0.0455271805863504,0.4225711197767777,0.9528851011307511,0.47651326362333696,0.8790887763646155,0.16847261786460876,-0.6401349067687988
0.048540337492737964,0.4269278968117664,0.9300104133113436,0.46642813928686916,0.8844817092852809,0.16847261786460876,-0.6401349067687988
0.0507475218189082,0.42987790162390765,0.9144104656027143,0.4595132724460913,0.8880893932502156,0.16847261786460876,-0.6401349067687988
0.05467648843288427,0.43470787105811165,0.8891023357278569,0.4482410666724907,0.8938372808968144,0.16847261786460876,-0.6630120122112817
0.05829318484779365,0.4392432922162401,0.8662632450751798,0.43800661011932707,0.8989012165541413,0.16847261786460876,-0.6716299712657928
0.05914012877911559,0.4402655631927613,0.8608410320440544,0.4355688200670053,0.9000871165938327,0.16847261786460876,-0.6716299712657928
0.05941872170626966,0.4405952125006845,0.8589525838862374,0.43471889957244725,0.9004983189083431,0.16847261786460876,-0.6716299712657928
0.05969731264180982,0.44092485945200044,0.8570641492286182,0.43386898515382755,0.9009095182832375,0.16847261786460876,-0.6716299712657928
0.07145336522272272,0.4542584765631323,0.7776151188419487,0.39775157950682,0.917437923398141,0.16847261786460876,-0.6716299712657928
0.07475028028618726,0.4576623378429496,0.7520589443032233,0.386001230210323,0.9224571117511265,0.16847261786460876,-0.6820068357404978
0.07836976103153416,0.4612471790615423,0.7305779465874412,0.37607129402705947,0.9265491481968896,0.16875026020353717,-0.672685015947399
0.08191563206680184,0.464471631698615,0.7117127601437117,0.3673143299864292,0.9300536715736527,0.17676079273223877,-0.6716299712657928
0.08516202830827604,0.4679955292189421,0.6843628800283974,0.3545630996404275,0.934992583925456,0.17676079273223877,-0.6716299712657928
0.08923612852618594,0.4715067382320334,0.6609187457620914,0.3435777348301168,0.9390811572906212,0.17676079273223877,-0.6716299712657928
0.09182542797407948,0.4734547145091881,0.6517890991321605,0.33928669400514466,0.9406376927897102,0.17676079273223877,-0.6716299712657928
0.09223264314013511,0.473748951302625,0.6501552289349094,0.33851776472060957,0.9409135069371692,0.17676079273223877,-0.6716299712657928
0.09263985830619076,0.4740431880960619,0.6485213587376583,0.3377488354360745,0.9411893210846283,0.17676079273223877,-0.6716299712657928
0.10596936035061841,0.4863883330623732,0.5779389378532573,0.30433627902976723,0.9525408186422022,0.17680209792122176,-0.6716299712657928
0.1114607246005063,0.48882069330115036,0.5520226459896036,0.29196274383179666,0.9563875440996032,0.1799068010084424,-0.6716299712657928
0.11602515840498448,0.49190369874549256,0.5316499564544643,0.2822048689977295,0.9593091749166835,0.18523029159554782,-0.6634117178619604
0.12026639041877152,0.49444488815494375,0.5100690132181813,0.2718376612200781,0.9622998875960448,0.18929817788325498,-0.6393360877970625
0.12486168908770265,0.4973505553570093,0.4880498761775516,0.2612264557835517,0.9652326927086355,0.1941913229716757,-0.6053940071448285
0.1295845396544586,0.5000126674539856,0.46694022348313985,0.251023679422719,0.967933948212819,0.20269130635224492,-0.5456496000289917
0.13386713657471414,0.5023285375702609,0.4499349725991183,0.24278360206443766,0.9700287577155817,0.21055261448293777,-0.5141544789075851
0.13581755894701783,0.5033130718560621,0.44327805785135127,0.2395510371017063,0.9708212298437245,0.21683748311188816,-0.5141544789075851
0.13776798131932155,0.5042976061418635,0.43662114310358424,0.23631847213897494,0.9716137019718672,0.21820172667503357,-0.4869224054961783
0.13971840369162525,0.5052821404276647,0.4299642283558172,0.23308590717624358,0.9724061741000101,0.2234301706744824,-0.46279127058827296
0.1594746214455729,0.514880234304548,0.3798109274749605,0.20863291302306836,0.9779561700247649,0.23320549029544968,-0.4256450667725319
0.1661665448217641,0.5176620381068712,0.36456615217352856,0.20117311386142986,0.9795207133048722,0.24612242747870733,-0.3479144309931972
0.17358410936639176,0.520677841352836,0.34838584100569425,0.19324260175063787,0.9811184999674134,0.2568089557088957,-0.21495101228356361
0.18069669751612377,0.5235464291027659,0.3338146751491347,0.18608986972678276,0.9825021860858607,0.2622402514369025,-0.18345591947436332
0.18761805983762772,0.5261325446112074,0.3215830389220186,0.18007726967295776,0.9836199839233042,0.26380279660224915,-0.11929759364833677
0.1939542305872204,0.5281932447671227,0.3146834132189456,0.17668333990069132,0.9842378031371978,0.26780989366636276,-0.0889706127345562
0.19469786926129848,0.5284514149663022,0.31438536456314936,0.17653660055709638,0.9842637761517067,0.268437174115598,-0.0889706127345562
0.1954415079353766,0.5287095851654817,0.31408731590735317,0.17638986121350145,0.9842897491662155,0.2761494867212879,-0.0011870269652198076
0.21460195775253296,0.5356958810911825,0.3109744974386859,0.1748580726502527,0.9845652503111291,0.28452324867248535,0.0
0.23092990318136172,0.5412037822200045,0.308689110517671,0.17373196253271708,0.9847590828634981,0.29078594254371276,0.0
0.2367325987913577,0.5432771389638784,0.30869825636926745,0.1737358832100823,0.9847549837418873,0.29695552587509155,0.0
0.2488563013268008,0.5474840463898122,0.30925373398206657,0.17401068320800162,0.9847140627643098,0.29695552587509155,0.0
0.25779486530481016,0.5507670948102047,0.3127322770118963,0.17572218782796406,0.984404790481737,0.30109962821006775,0.0
0.26677042518297983,0.5536383971290156,0.31191724013550043,0.1753216780486518,0.9844800664991096,0.30109962821006775,0.0
0.2772157626951168,0.5573387335738307,0.3110443702601447,0.17489170783360278,0.984554844991365,0.2970656542358562,0.0
0.27865522531453507,0.5578763447394686,0.3115271878858747,0.17512921923776428,0.9845116783361374,0.30109962821006775,0.0
0.2795629053200982,0.5582154115777858,0.31212686202356194,0.17542429683014343,0.984458520334338,0.30109962821006775,0.0
0.2804705853256613,0.5585544784161028,0.3127265361612492,0.1757193744225226,0.9844053623325387,0.2822751958594149,0.0
0.31426534888083574,0.5702500858764552,0.31028841068985774,0.17451957680128002,0.9846210123717994,0.2459672308471282,0.0
0.32439835018484997,0.5738703960272299,0.3111556619599835,0.17494663740391675,0.9845459189727511,0.23477809131145477,0.0
0.3332317682843815,0.5767663563235867,0.3116089456001582,0.17516926869637475,0.9845034134151801,0.23477809131145477,0.0
0.34074566051040206,0.5793307984433167,0.31232227891315273,0.17551993522173995,0.9844382836918675,0.23477809131145477,0.0
0.34946052734696076,0.5825088787575489,0.31181314060948645,0.17526899466104104,0.9844810957108995,0.23477809131145477,0.0
0.35721557624546346,0.5852231978268544,0.31409486057484004,0.17639127639507043,0.9842762641290601,0.23477809131145477,0.0
0.35975655038462945,0.5859808418916476,0.31284912731081926,0.17577876938445955,0.9843892995019281,0.21442820372971835,0.0
0.36036506338260677,0.5861815100477087,0.31307478030136254,0.1758898143438889,0.9843693538240792,0.17614356157277344,0.0
0.3609735763805841,0.5863821782037699,0.3133004332919058,0.17600085930331824,0.9843494081462304,0.17261670529842377,0.0
0.38108254717418627,0.5938550242661138,0.31436166081664346,0.17652509350434972,0.984266751906946,0.17261670529842377,0.0
0.3898502714004988,0.5966361265420529,0.31475005412548845,0.17671404745810357,0.9842202874517558,0.17094261311625458,0.0
0.3961896153755499,0.5988014302946147,0.31591643985872264,0.1772864345620375,0.9841083306788473,0.17057320206267673,0.0
0.40091336822612633,0.6005809404889335,0.3159497766383507,0.1773044830253833,0.9841145061917573,0.16847261786460876,0.0
0.40500735866617293,0.6020358746282531,0.3156835576081723,0.177174531856541,0.9841439051093817,0.16847261786460876,0.0
0.4087893103451534,0.6034398473853337,0.3128470135346829,0.17577877790971788,0.9843953581383491,0.16847261786460876,0.0
0.41079930289654415,0.6041001101234856,0.31306823985571786,0.17588802047076976,0.9843779059315715,0.16847261786460876,0.0
0.41116910238903764,0.6042205648294515,0.31274853607356157,0.17573072523585342,0.9844063553451768,0.16847261786460876,0.0
0.4115389018815311,0.6043410195354174,0.3124288322914053,0.17557343000093706,0.9844348047587823,0.16847261786460876,0.0
0.41968895629713737,0.6072641872580897,0.31237519068532793,0.17554697336625424,0.9844392146702774,0.17037444361259865,0.0
0.4364355164775708,0.6131195216895223,0.3117357761093768,0.17523187446911206,0.9844932788581351,0.17676079273223877,0.0
0.4412837260674344,0.6148624851609041,0.31155110310936607,0.1751414503700787,0.9845121613267391,0.17976326184268643,0.041788993403315544
0.44612157269513164,0.61660070500967,0.3115877554813226,0.1751598214007523,0.9845107980132626,0.19431123260699698,0.0890316467732191
0.4518110221136301,0.6186649415899635,0.31336781829227445,0.17603637410603862,0.9843566182079397,0.20096798961779505,0.0890316467732191
0.45747193055291685,0.620712261352766,0.31569031637866946,0.17717959425038676,0.984152954174771,0.20162534713745117,0.0890316467732191
0.46198527837761977,0.6221880044187728,0.3175488307651012,0.17809406664146332,0.9839879822681386,0.20162534713745117,0.0890316467732191
0.4626804537537953,0.6224556652334516,0.3184065902378128,0.1785159259433546,0.9839107592488107,0.20162534713745117,0.0890316467732191
0.4633756241602792,0.6227233241346685,0.3192643435785465,0.17893778222944481,0.9838335367815371,0.20162534713745117,0.10165915098179541
0.4640707945667631,0.6229909830358853,0.3201220969192802,0.17935963851553502,0.9837563143142635,0.20576944947242737,0.1094979970053284
0.4923650007416408,0.6310766228643865,0.3350874521058559,0.18672015914037893,0.9824102613395902,0.20576944947242737,0.10477920025587081
0.4986391196682599,0.6333485597877045,0.3388242038871493,0.18855544693600118,0.9820602208671824,0.20576944947242737,0.10477920025587081
0.5049000786870614,0.6355315592549992,0.3426973945710829,0.1904569618818897,0.9816933096591928,0.2043430385857544,0.12052674666047096
0.5110991776152127,0.6379991885883695,0.3465731200609836,0.1923587498943695,0.9813211624284098,0.19868597837100554,0.13169636303418403
0.5174589283342194,0.6403973942398036,0.3503497688204696,0.19421168205291947,0.9809573063053005,0.1894734460723449,0.18245155958078432
0.5237665791382369,0.6429473854952054,0.3534942422958443,0.19575375295737302,0.9806508197200434,0.1695058490901794,0.27276721535738924
0.524257229833284,0.6431388773354507,0.35375189793765693,0.1958800837639536,0.9806255796414176,0.16018442809581757,0.31234951887178675
0.5247478805283313,0.643330369175696,0.3540095535794695,0.1960064145705342,0.9806003395627919,0.15337844851980545,0.3769703432628759
0.5252385312233785,0.6435218610159413,0.35426720922128213,0.19613274537711478,0.9805750994841661,0.1471766977185097,0.41973021328449245
0.5349065768794212,0.6471887264462513,0.362726257325114,0.200275796032733,0.9797243774910083,0.14360806345939636,0.4245127478178275
0.5526783082331338,0.6539795167923173,0.38911073371476534,0.21318474726823058,0.9770062043209737,0.14360806345939636,0.4529048946134381
0.5568671225496443,0.655787527438226,0.40494739085571657,0.22091434079549008,0.9752879772411176,0.14360806345939636,0.4962363717648392
0.5586974076030088,0.6587243477372521,0.4127733431067298,0.22472432831878805,0.9743961763038591,0.14775215089321136,0.5142155200242996
0.563640838272829,0.6609556233618534,0.43426420736559934,0.23518136364242526,0.9719248057561409,0.14775215089321136,0.5142155200242996
0.5683899537143013,0.6632297251312644,0.4548585513357649,0.24517669512722698,0.9694512278708548,0.15189623832702637,0.5142155200242996
0.5704504971378602,0.6643640553466201,0.4627750126465219,0.24901051887836775,0.9684671316938855,0.15483670616188733,0.5142155200242996
0.5717484424175457,0.6650543111721645,0.46755457044140103,0.25132371224642847,0.9678672589101812,0.15604034066200256,0.5142155200242996
0.5730463876972313,0.6657445669977088,0.4723341282362801,0.25363690561448915,0.967267386126477,0.15792112538769496,0.5142155200242996
0.5826232654998816,0.6711095272411292,0.5061013903251278,0.26992010510958375,0.9628082237933047,0.15879733342022848,0.5142155200242996
0.592436972365693,0.6768475946847909,0.5410809947196751,0.2867292150047935,0.9579806753380381,0.16018442809581757,0.4930272702743788
0.5974550123056709,0.680073977734349,0.5600504856624428,0.2958025517210421,0.9552186080141232,0.1638433653052242,0.466972866654396
0.6018590928924937,0.6829636752838387,0.5761695609568718,0.3034914782858362,0.9528035686655226,0.1729691452035472,0.41705166759770185
0.6067129681160239,0.6863223036173335,0.5924905534484085,0.3112567300093455,0.9502955150105714,0.18218133772027834,0.3470389970826096
0.611542440987838,0.689670768474655,0.6068054823909177,0.3180499226220636,0.9480419440150424,0.19849515443997956,0.10477920025587081
0.6130615761936578,0.6907129428716451,0.611256385543812,0.3201590275397647,0.9473320090561892,0.22551318496875872,0.04550054438058579
0.6135080779297355,0.6910279747100033,0.6125131867594293,0.3207541439064459,0.9471302664185007,0.23469727040134813,0.026041443459689617
0.6139545796658132,0.6913430065483616,0.6137699879750467,0.32134926027312716,0.9469285237808122,0.23763678641983788,0.03686255193171189
0.6320013359517739,0.7053670176986324,0.6383219352764882,0.33294878700780906,0.9429111582692083,0.23893824219703674,0.026041443459689617
0.6390833112164539,0.7107264591754259,0.6370326647824854,0.3323399176481029,0.9431228501945984,0.23893824219703674,0.026041443459689617
0.6459471556544908,0.7160405180267376,0.6356657840905025,0.33169613776553236,0.9433522271303199,0.2362357229889755,0.026041443459689617
0.6521907108390894,0.7210753826888212,0.6343453390565124,0.33107398678337496,0.9435731342379929,0.23893824219703674,0.07620153974222339
0.6594897028656669,0.7269867101432136,0.633452886283716,0.3306538709586577,0.9437235265114648,0.24275217580018058,0.3007318793461361
0.6644906865367274,0.7308832490167658,0.6333925099473916,0.33062526041196305,0.9437331622167837,0.27590524228214264,0.8406526679966491
0.6656934860812217,0.7318019903735152,0.6334176554526796,0.3306371279320631,0.9437290116243636,0.30020864272668535,1.008434610549801
0.6662107874414711,0.7321918122254512,0.6334951977935983,0.33067370389633616,0.9437161538737274,0.30623677227711377,0.9867030382156372
0.6667280888017206,0.7325816340773871,0.6335727401345169,0.33071027986060914,0.9437032961230911,0.3039014125888976,0.8069149185512461
0.66724539016197,0.732971455929323,0.6336502824754356,0.33074685582488217,0.9436904383724549,0.2826164363686249,0.5690900334638782
0.6996172348016477,0.7597576792074752,0.7159717130151982,0.36929428224474276,0.9292700376634828,0.26794689893722534,0.466972866654396
0.7073229596322185,0.7668549095454764,0.7443388607326776,0.38243597746533103,0.9239362028173996,0.26794689893722534,0.466972866654396
0.7149860601259954,0.774365877600614,0.7691289413072934,0.3938584916981617,0.919124940790145,0.26380279660224915,0.48177184923197797
0.7226724555211249,0.7818822608531503,0.7909468891277458,0.4038613178525762,0.914773178657516,0.26380279660224915,0.48272039890289303
0.729428864440792,0.7890690352810442,0.8070851626682134,0.4112301604610422,0.9114860413016729,0.262156868920915,0.4984679877758026
0.734179357476138,0.794740920457066,0.8182107582134976,0.41629522997983953,0.9091866443079509,0.2588120704632752,0.5331802458644439
0.7346642544756241,0.7953130161164692,0.8193942120429561,0.41683327854607366,0.908940436439615,0.25551462173461914,0.571571141579585
0.7351491514751101,0.7958851117758723,0.8205776658724145,0.4173713271123078,0.9086942285712789,0.24780128388450198,0.6200794844306811
0.735634048474596,0.7964572074352754,0.821761119701873,0.41790937567854197,0.9084480207029428,0.24433671696282974,0.6401959478855133
0.7567802565430496,0.8209073834694406,0.8837196527384739,0.44584552900554186,0.8950639052724095,0.24308234453201294,0.653422777891772
0.7623887528252098,0.8279229688273617,0.9037953437175528,0.454809056619507,0.8905467452281326,0.24308234453201294,0.6413858484902282
0.7679850009514407,0.8350165736266286,0.9246681034420193,0.46407770780205027,0.8857508270501058,0.24556517701829836,0.6401959478855133
0.773339230170498,0.8420318476111657,0.9441614330150218,0.47268759535540306,0.8811836605855314,0.24722643196582794,0.6472870046839269
0.7778570907730241,0.8485766284776437,0.9633067463453721,0.48110104891542166,0.8766184281094231,0.24722643196582794,0.6465322618782668
0.7823897935634322,0.8554029544221383,0.9854176692279257,0.4907623926737466,0.8712453189611085,0.25216812276255357,0.6401959478855133
0.7866929882249517,0.8629004594528659,1.0074696606826183,0.500269356196536,0.8656631533068497,0.2551306132330845,0.6401959478855133
0.7909918792858139,0.8705257304447217,1.029532542062877,0.5097677981357963,0.8600554762961977,0.260404357547336,0.6272818794768434
0.7952907703466762,0.8781510014365774,1.0515954234431357,0.5192662400750567,0.8544477992855457,0.26331124319868715,0.6383280449519777
0.7992735023007929,0.8853554272181807,1.0719534566619444,0.5279769607357564,0.8491840905036284,0.27209097146987915,0.6868617220541581
0.8038214476788642,0.8936992838317313,1.0914710828055583,0.5362429392050038,0.8439979499470014,0.2752568339113879,0.6874386012554169
0.8088539272566901,0.9042508106667411,1.1213738477042892,0.5487970959690981,0.8358796809620976,0.27209097146987915,0.6921193201542393
0.8124781461482663,0.9125043122236252,1.1441306942754363,0.558270018516886,0.8295777857313877,0.2712883581664272,0.70928602751076
0.8158622869053238,0.9202250449127507,1.1656894303790601,0.5671754348541431,0.823505663915806,0.2667245999576566,0.7819239079952239
0.8200567870148132,0.9290379498565409,1.1884487737429514,0.5765154171422935,0.8170062682783681,0.2652913256254807,0.7819239079952239
0.8212076980746811,0.9318494391031449,1.1958749188367563,0.5795454037715853,0.8148605070229182,0.26665196658816304,0.7868446332278931
0.8215065318247576,0.9325688851440982,1.197779991892923,0.5803215068573885,0.8143083521442129,0.26380279660224915,0.7976714402437209
0.8218053634385221,0.9332883260418529,1.1996850513300432,0.5810976043949614,0.8137562012127698,0.26380279660224915,0.7976714402437209
0.8317146538975264,0.9643400987738284,1.2895383566584881,0.6170647790513413,0.7868453704283277,0.26380279660224915,0.7976714402437209
0.8346492847587953,0.9740667323916838,1.3189571917754501,0.6285679999881433,0.7776794027485155,0.26774300545279056,0.7976714402437209
0.8366907411205636,0.9832093826010485,1.344696840165911,0.6385232931807033,0.7695244851215984,0.27102020643405633,0.7819239079952239
0.8381169808850644,0.9912611392112988,1.3670616705401955,0.6470912975741153,0.7623397808259009,0.27209097146987915,0.7819239079952239
0.8397623982888065,1.0014806561058385,1.395136446111753,0.6577299199385057,0.7531831844440103,0.27209097146987915,0.7678891685017892
0.8412526270699325,1.0114858075010442,1.4218397835689662,0.6677270874626687,0.7443343380325341,0.27209097146987915,0.7582623544776029
0.8417895437759328,1.015932932502976,1.4333932198536996,0.6720164552838465,0.7404654665492862,0.2761415184346836,0.7504287868738174
0.8419178569278591,1.016830266618122,1.4356315698661983,0.6728448370827919,0.7397129981682772,0.27661297708485805,0.7332452221613102
0.8420461700797854,1.0177276007332676,1.4378699198786968,0.6736732188817373,0.7389605297872682,0.28037917613983154,0.7082610850649652
0.8447525300050835,1.047023344135146,1.514782883606829,0.7015431062848074,0.7124682919912775,0.28195542564541615,0.6814488100585968
0.845359407083073,1.0605962481203344,1.5493708330751157,0.713825576585321,0.7002968368505462,0.28452324867248535,0.6846728732424529
0.845552763541324,1.0704379469471998,1.5738775174593884,0.7223502512956524,0.6914953401139967,0.28452324867248535,0.6620061280037283
0.8455343255017633,1.0803925320239123,1.5971596804454957,0.7303538298667445,0.6830424980522212,0.28452324867248535,0.6464589988286358
0.8446827044272452,1.0903290270544423,1.6183443873600016,0.737548551060577,0.6752688920278577,0.2864548907161275,0.6401959478855133
0.8435561205280789,1.10056387183529,1.6394431703328438,0.744634146421155,0.6674535445889671,0.2865593584706966,0.6401959478855133
0.8431604681724238,1.1087949109931325,1.6564074719335635,0.7502677792041035,0.6611126832160219,0.2872955766147527,0.6401959478855133
0.8429132088966437,1.1116011591092894,1.6623230097133088,0.7522146407877134,0.6588860523874237,0.28452324867248535,0.6401959478855133
0.8426659496208634,1.1144074072254462,1.6682385474930541,0.7541615023713234,0.6566594215588256,0.28474553866119223,0.6401959478855133
0.8402459426567537,1.1317524623088078,1.7058034887160436,0.7663082461720901,0.6423346753369371,0.28798015513890945,0.6401959478855133
0.8375820994428728,1.148006046857312,1.7413460606768545,0.7776550564934126,0.6286589341722153,0.28866735100746155,0.6401959478855133
0.8354913157244597,1.1598512825346423,1.7672781969508524,0.7857417082539363,0.6185240430057566,0.28452324867248535,0.6401959478855133
0.833371915231339,1.1699169741814281,1.7887539817743559,0.7923380708875264,0.6100514483843692,0.28452324867248535,0.6401959478855133
0.8309494734572459,1.1802144016395038,1.810280498695333,0.7988597544686334,0.6014893156865694,0.28452324867248535,0.6287572491556016
0.8285763825659077,1.1892286764844133,1.8286011593689102,0.8043358786121259,0.5941462736711325,0.2867174124837484,0.6244483590126038
0.826268205788934,1.1970952508757573,1.8446808771842444,0.8090899951077115,0.5876627970056327,0.28866735100746155,0.6131787216056085
0.8260541682225928,1.1978006273741535,1.8461487519386945,0.8095206541512538,0.5870685048697385,0.28866735100746155,0.5975448176739351
0.8258401306562516,1.19850600387255,1.8476166266931446,0.8099513131947962,0.5864742127338443,0.2907004782822089,0.5772057056427001
0.8256260930899105,1.1992113803709463,1.8490845014475945,0.8103819722383385,0.58587992059795,0.29676584809661405,0.5764849274927374
0.8124639397136234,1.2369120737961163,1.9287519216013518,0.8330556529321289,0.5531331726009298,0.29695552587509155,0.5593765507227101
0.8085436454421913,1.2462545575892832,1.947130104258483,0.8381049065483402,0.5454560113698261,0.30200705996620036,0.5361127263725994
0.804432449534439,1.2562093535480208,1.9658689613843523,0.8431819397019762,0.5375817148818235,0.30524373054504395,0.4674514047708757
0.8004529035187191,1.2658527017958179,1.9837964774603807,0.8479723928724989,0.5300056653314194,0.30938780307769775,0.44598004146139764
0.7966126770310628,1.2736521336309166,2.000596896396498,0.8523954715550824,0.5228644499312143,0.31353190541267395,0.41973021328449245
0.7913182456211038,1.2846740584238898,2.0197565530209673,0.8573626439595603,0.5146732258412854,0.31353190541267395,0.41973021328449245
0.7909020582864154,1.2854881898369128,2.020975033611161,0.8576753285487623,0.5141503621046296,0.31353190541267395,0.41973021328449245
0.790485870951727,1.2863023212499358,2.022193514201355,0.8579880131379642,0.513627498367974,0.31353190541267395,0.41973021328449245
0.7900696836170387,1.2871164526629588,2.0234119947915485,0.8583006977271662,0.5131046346313183,0.31353190541267395,0.41973021328449245
0.7715874437585122,1.3224481897507494,2.071211947080947,0.8703115745838077,0.49244327515975256,0.31353190541267395,0.41973021328449245
0.7654259235309521,1.3332943333941492,2.0858389872695624,0.8738897353353815,0.48606510803874087,0.31353190541267395,0.41973021328449245
0.7597543389383608,1.342641146772348,2.0992954331489653,0.8771368521983212,0.4801725460965178,0.31353190541267395,0.41973021328449245
0.755179948179414,1.3500106247579433,2.110025062405042,0.879695336197215,0.47545732442827837,0.31353190541267395,0.41973021328449245
0.7490897765985617,1.3599674826593382,2.1254721051854886,0.8833366697107644,0.468646426108067,0.31353190541267395,0.41973021328449245
0.7429507284562819,1.369514937655844,2.140989715381988,0.8869440587757826,0.4617776464437127,0.31353190541267395,0.41973021328449245
0.7408466460965906,1.3726953584432229,2.1459043217411793,0.8880761685394906,0.4595967950809912,0.31353190541267395,0.41973021328449245
0.7402748441298003,1.373528119692089,2.147116450198656,0.8883548313021409,0.45905862416726106,0.31353190541267395,0.41973021328449245
0.73970304216301,1.374360880940955,2.1483285786561326,0.8886334940647913,0.45852045325353097,0.31353190541267395,0.41973021328449245
0.7182412474115263,1.4048192812309146,2.1963145613704866,0.8993819431091882,0.43707149339234,0.3149335987628277,0.41973021328449245
0.7123158867062536,1.4126755925011631,2.2093853028842165,0.9022182402702458,0.431183976591753,0.31767600774765015,0.41205629017291595
0.7050313710600865,1.4216966806916247,2.2253933362894194,0.9056425208149688,0.4239498145681164,0.32047103783839975,0.3933615001877808
0.6988816256343973,1.4296889308182317,2.238633816866203,0.9084252896270945,0.4179431503567173,0.32596418261528015,0.38305918286776797
0.695255660054443,1.4342509083338002,2.245703421255166,0.90989237706643,0.414727362658351,0.3281954934068385,0.3482610488342705
0.6874850378758431,1.4434867389637895,2.2595899180498646,0.9127474912348987,0.4083986866406755,0.33010828495025635,0.3237813112044183
0.6798772725577602,1.4518840860069624,2.273594296366549,0.9155933661974693,0.4020012682669409,0.3321609953175004,0.30949737429618834
0.6791873441227149,1.4526761614786794,2.2747347473026065,0.9158225922959763,0.4014791708363241,0.3316865587645801,0.30949737429618834
0.6784974156876695,1.4534682369503962,2.2758751982386642,0.9160518183944834,0.40095707340570735,0.33425235748291016,0.3075491532959934
0.6544764917602929,1.4799446204505722,2.3081799394289995,0.9224144799407228,0.3861115303138812,0.33215434527294174,0.2937498137354851
0.6460179800210113,1.488940636061294,2.3196985561122543,0.924623763982797,0.3807930402337216,0.33425235748291016,0.2937498137354851
0.6381173166370928,1.4971774992448303,2.32949770255866,0.9264788856429244,0.3762584309184913,0.33425235748291016,0.2937498137354851
0.6299520305433552,1.505216082204316,2.3387987891470208,0.9282074105317877,0.37194123762323356,0.3314103439774589,0.30949737429618834
0.6220591226723015,1.5128401711890442,2.348243192596123,0.9299556927996525,0.3675548169332605,0.33304578070113416,0.30949737429618834
0.6142918933846453,1.5211132551363038,2.357891061050934,0.9317168710251262,0.36306410109560844,0.3280322892829318,0.32527489881869953
0.6091199970775665,1.5255827410072726,2.363195908065146,0.9326817707963483,0.3605935208343755,0.3202674318979674,0.3409924671053886
0.6084391528775629,1.5262901581229156,2.3642577430154916,0.9328721642009861,0.3600979383300855,0.31767600774765015,0.3499287171533733
0.6077583038102842,1.5269975802958005,2.365319585556771,0.933062558966724,0.3596023522829343,0.31767600774765015,0.36635318735438127
0.6070774596102806,1.5277049974114432,2.3663814205071168,0.9332529523713619,0.3591067697786443,0.31767600774765015,0.4121209350097294
0.5725266119267151,1.55925621868432,2.409970361172054,0.9408619536957364,0.33868504060412474,0.31698605591760365,0.43547777384519576
0.5646732960363033,1.566195332435001,2.421752317972135,0.9428283260875667,0.3331321941602794,0.31401856085593766,0.43547777384519576
0.5568194391397088,1.5732580930457372,2.4357346014175727,0.9451111106773277,0.32652467122188505,0.31353190541267395,0.45122530609369277
0.5491821237901408,1.579614354042736,2.4493995961908492,0.9473030659500479,0.3200539001388452,0.31353190541267395,0.45122530609369277
0.541260360557999,1.586020396855823,2.466003536756258,0.9499216379604557,0.31217656143091643,0.31353190541267395,0.45122530609369277
0.5334862677181726,1.5919726084302854,2.4818357643995697,0.9523661970446713,0.3046481699596186,0.31353190541267395,0.45122530609369277
0.5327167240507805,1.5925563987983,2.4832785562975417,0.9525854181919743,0.30396096067657086,0.31353190541267395,0.45122530609369277
0.5319471803833885,1.5931401891663146,2.4847213481955137,0.9528046393392773,0.3032737513935231,0.31420497725318813,0.45122530609369277
0.5311776367159964,1.593723979534329,2.486164140093486,0.9530238604865803,0.30258654211047536,0.31353190541267395,0.45122530609369277
0.4966917816869322,1.6178908087290178,2.5463754936056326,0.9617395517827391,0.27377353662456194,0.314804919918353,0.45122530609369277
0.48725277629867164,1.6240205589121166,2.562007458055622,0.9638450216799672,0.2662469449464989,0.31641805147691887,0.45122530609369277
0.4784830389432928,1.6295000726780482,2.5757720069015297,0.9656574436741034,0.2596080173950701,0.31602282831008466,0.45122530609369277
0.470084003808779,1.6348087356689947,2.588895518786205,0.9673522948550467,0.2532692570458231,0.31391088924553134,0.45122530609369277
0.4602597548933283,1.6407384815945754,2.604854064561775,0.9693320167719723,0.2455398791667632,0.31353190541267395,0.48937200975114103
0.45006809344645976,1.645463757111564,2.6164543712349553,0.9707274970981868,0.23991044754291171,0.31353190541267395,0.5253063559855268
0.4477062652990181,1.6467080506519087,2.620107042637142,0.9711646613287815,0.23813732700535675,0.31353190541267395,0.5534533256282489
0.4468493054399372,1.6471457062648687,2.6213521147376615,0.9713131558476743,0.23753280153860998,0.31353190541267395,0.5865971763025486
0.44599234558085643,1.6475833618778286,2.6225971868381808,0.9714616503665671,0.2369282760718632,0.31353190541267395,0.5929532945156097
0.4116000823372193,1.6653557966074413,2.682595123358544,0.9781263936564389,0.20768220213145913,0.31353190541267395,0.5886161922769814
0.40250685670038416,1.6697794106827908,2.7008516927373645,0.9799719578982057,0.19874314217964878,0.31353190541267395,0.5738819363669225
0.3918812552923147,1.6743604400997316,2.72339973917154,0.9821382583587781,0.18768022465213313,0.31353190541267395,0.5614581733942031
0.38283980380640126,1.677986626180182,2.7419904923240175,0.9838402944650286,0.178542890911841,0.31353190541267395,0.5614581733942031
0.37202725966913097,1.6822954075765404,2.7622498081455675,0.9855950359049022,0.16856736431161487,0.31514204579119676,0.5614581733942031
0.36161150593383307,1.6857933503203237,2.7820821673463265,0.9872231217535657,0.1587867071472326,0.3200562643729375,0.5524131819563124
0.35964374767999596,1.6865076048485759,2.7853946706362644,0.987487022784398,0.15715175937927675,0.32528023602566813,0.5325620539860125
0.359251537719659,1.6866269582805136,2.786037743965207,0.9875384516799793,0.15683438699068877,0.32596418261528015,0.5170992167642273
0.358859327759322,1.686746311712451,2.7866808172941493,0.9875898805755607,0.15651701460210077,0.32596418261528015,0.49278255794004694
0.35846711779898505,1.6868656651443887,2.787323890623092,0.9876413094711421,0.1561996422135128,0.32596418261528015,0.4925083677665128
0.3580749078386481,1.6869850185763262,2.787966963952034,0.9876927383667236,0.15588226982492479,0.32596418261528015,0.48548442274946535
0.3576826978783111,1.687104372008264,2.788610037280977,0.987744167262305,0.15556489743633678,0.3290696348558505,0.4984679877758026
0.35729048791797413,1.6872237254402016,2.789253110609919,0.9877955961578863,0.1552475250477488,0.33151769410368437,0.47736462486176606
0.2744032891306051,1.709703023983033,2.9198144710036966,0.9958589909777574,0.09048229877803776,0.33538196252373986,0.466972866654396
0.26334933205361044,1.7118290104951353,2.936374411529623,0.9965664219199255,0.08223298158847109,0.33839645981788635,0.42437853505715356
0.2581363774132622,1.712848758977647,2.944287081924311,0.9968822382415037,0.07828946057905922,0.34254056215286255,0.4039826527237892
0.25759631181171533,1.712958636636699,2.9450817693285236,0.9969128005809323,0.07789331336197126,0.34254056215286255,0.4039826527237892
0.2570562462101685,1.7130685142957507,2.9458764567327362,0.9969433629203611,0.07749716614488332,0.34254056215286255,0.4039826527237892
0.25651618060862164,1.7131783919548025,2.946671144136949,0.9969739252597898,0.07710101892779538,0.34254056215286255,0.4039826527237892
0.2559761150070748,1.7132882696138543,2.947465831541161,0.9970044875992186,0.07670487171070743,0.34668463468551636,0.37979350281085544
0.25543604940552794,1.713398147272906,2.9482605189453737,0.9970350499386472,0.07630872449361949,0.35076326299920624,0.3569888001874599
0.1810120961797194,1.7228108294729698,3.034266969590152,0.9994134740906111,0.03337632588268139,0.35082873702049255,0.19627408065092272
0.16969363607895951,1.7237425633044496,3.0465113590320367,0.999590355395102,0.02725689617480739,0.35082873702049255,0.06941374590093286
0.15810997567979496,1.7246223914120633,3.057039101962678,0.9997175963214945,0.02199477465048368,0.35497283935546875,0.0009045810856596528
0.1523992442444155,1.7250645972329695,3.0612795666485386,0.9997628268005565,0.019875110143371708,0.3611354879806607,0.0
0.1516621026369314,1.7251126677771411,3.0616503062116185,0.999766685786744,0.019689787644759205,0.36718931485040823,0.0
0.15092496102944727,1.725160738321313,3.062021045774698,0.9997705447729316,0.019504465146146704,0.3821126652979506,0.0
0.15018781942196316,1.7252088088654847,3.062391785337778,0.9997744037591192,0.019319142647534204,0.4041055410842247,0.0
0.14945067781447904,1.7252568794096563,3.062762524900857,0.9997782627453068,0.019133820148921704,0.4266819251096279,0.0
0.08631598708615745,1.728579992390808,3.0603538023526315,0.9997500023594638,0.020337808982508677,0.42956650257110596,0.0
0.07453901164901636,1.7292104882399268,3.0606360366964593,0.9997412385052212,0.02019649167493867,0.42956650257110596,0.0
0.062221764331976806,1.7296668638756028,3.06051841562077,0.9997257400183566,0.020254997350398724,0.42759182546341684,0.0
0.05366789859810997,1.7299558226554812,3.060013452984261,0.9997175878173482,0.020507347121592703,0.4283108772379413,0.0
0.052820472021329404,1.7299922424813012,3.0600000445353928,0.999717747933324,0.02051405556480491,0.42542240023612976,-0.06928087951869807
0.05197304544454884,1.7300286623071215,3.0599866360865247,0.9997179080492998,0.020520764008017122,0.4225545320561208,-0.18465443138889287
0.05112561886776827,1.7300650821329415,3.0599732276376566,0.9997180681652758,0.020527472451229333,0.4105774685992949,-0.3395290914875561
0.050278192290987705,1.7301015019587616,3.0599598191887885,0.9997182282812516,0.020534180894441544,0.4051197926584545,-0.38817407935857773
-0.028921824279424635,1.7353021435628206,3.05224150861713,0.9996614419331143,0.02439281587363339,0.39641374349594116,-0.43541673272848125
-0.04034460561882766,1.7360429344106014,3.0456612945637755,0.9995738043941499,0.027681616503159135,0.39641374349594116,-0.43541673272848125
-0.05554414997747813,1.737165415098561,3.0292378025749667,0.9993187050480652,0.03588905169280684,0.39641374349594116,-0.43541673272848125
-0.06795591078286707,1.7384361600328295,3.0125171276540836,0.9989970103081393,0.044242927320941976,0.39425339893294564,-0.45183542520436376
-0.08108473021899557,1.7398709673482375,2.994131331001762,0.9985442701220192,0.053424400316421816,0.38226378682618284,-0.5272089132688159
-0.09343251432656138,1.7412893885558223,2.975566239876269,0.9979922416000299,0.06269017617685467,0.3749085145584051,-0.580126816621725
-0.09495325047425006,1.7414844984584092,2.9732524918818872,0.9979167553653387,0.06384453666620821,0.37154918909072876,-0.607551416404269
-0.09601334606711136,1.741627718662459,2.9716438748455283,0.9978634857221262,0.06464704538766475,0.37154918909072876,-0.5934799195600327
-0.09707344923847164,1.741770939890373,2.9700352463093544,0.9978102156980952,0.06544955984616196,0.37154918909072876,-0.6054753238528071
-0.13823965529497867,1.7486086719402096,2.906143563322858,0.9952030262824051,0.0972858932193083,0.3691606171777028,-0.6086397856473923
-0.15124749668582638,1.751241199926497,2.884645383322989,0.9940967687371149,0.10797725814281231,0.35834376632533976,-0.6401349067687988
-0.1629469317213998,1.7539367050309336,2.8644590093900852,0.9929476691156237,0.1180041666116764,0.35497283935546875,-0.6535455974865665
-0.17241922593132525,1.7563966930990207,2.848385500856467,0.991966601204966,0.12598026396417117,0.35497283935546875,-0.641869152871404
-0.18511830436027435,1.7600859240318636,2.8250218675667034,0.9904396563083802,0.1375610991668601,0.35497283935546875,-0.6503581380637428
-0.19641250458721377,1.7641661117299443,2.802209218996935,0.9888134661553087,0.1488502740585605,0.35497283935546875,-0.6428449925258679
-0.20108144571154726,1.7655835129841821,2.793675976057549,0.9881706191820029,0.1530679925563038,0.35497283935546875,-0.6558824390172958
-0.20234391071316388,1.7657635925652337,2.791256510160102,0.9879860560228276,0.15426351287380138,0.35497283935546875,-0.6558824390172958
-0.20360637571478046,1.7659436721462851,2.7888370442626544,0.9878014928636524,0.15545903319129897,0.35497283935546875,-0.6674785400085365
-0.23219216585824706,1.776850970098749,2.728543488805129,0.9826391077619425,0.18515770557172265,0.35497283935546875,-0.6558824390172958
-0.23391519588830897,1.7774666963888477,2.724558832910563,0.9822718295290358,0.18711575331498714,0.35497283935546875,-0.6558824390172958
-0.2589192772293241,1.7880794197709469,2.6711043014090388,0.9769345778681414,0.2133023115048942,0.35497283935546875,-0.6558824390172958
-0.2694216813643786,1.793269776905804,2.6489676198565415,0.9745221330930659,0.2241039655772062,0.35497283935546875,-0.6475098510168947
-0.2800177040817011,1.7988542750871706,2.6266829846071618,0.9719650152491237,0.23494835154834373,0.35497283935546875,-0.6420321193430167
-0.2898544537720483,1.804300114749589,2.604949842904718,0.9693509135961337,0.24549526623328868,0.35497283935546875,-0.6401349067687988
-0.29634259880766833,1.8078675241627014,2.591376078951982,0.9676587921141317,0.25206747846878585,0.35497283935546875,-0.6401349067687988
-0.29736649905456425,1.8083436583422352,2.5902623341178357,0.9675187327322003,0.25260642253715243,0.35497283935546875,-0.6401349067687988
-0.29839039930146016,1.8088197925217693,2.589148589283689,0.9673786733502691,0.25314536660551906,0.35497283935546875,-0.6401349067687988
-0.3268715111134415,1.8263492450782794,2.529044737358372,0.9593316773392955,0.28209715208576147,0.35497283935546875,-0.6401349067687988
-0.3375375811172937,1.833720774339343,2.5049331048059447,0.9558605312228458,0.29364171281439083,0.35497283935546875,-0.6401349067687988
-0.3453858361221631,1.839245215946962,2.487479267179499,0.9532651807643008,0.3019732852664049,0.35183499949862435,-0.6401349067687988
-0.352426890351584,1.8447952376582188,2.470777296442848,0.9506460879488903,0.3099021334820468,0.3145861655642496,-0.808684045503812
-0.36206668100110906,1.8526071255265684,2.447221010195041,0.946909422675766,0.3210709159116854,0.2740816781861315,-0.9585437700391778
-0.3716825696881328,1.8604051872725125,2.4236534569887573,0.9431630045374999,0.33224230588625103,0.2345069285273657,-1.0737911655482122
-0.379282245886632,1.866696863485614,2.4033946439868803,0.9397561884522433,0.34178130420647485,0.21268072118682246,-1.109117373093482
-0.3800182728842142,1.8673026805675774,2.401384616115185,0.9394116310090261,0.3427253857654798,0.19973383517797647,-1.1913601994514464
-0.3807542998817964,1.8679084976495408,2.39937458824349,0.9390670735658089,0.34366946732448467,0.19333717226982117,-1.2017470867817968
-0.38149032687937856,1.8685143147315042,2.3973645603717944,0.9387225161225916,0.34461354888348955,0.19333717226982117,-1.1913601994514464
-0.4055389260943564,1.8911492755200383,2.274504107634454,0.9157829704654767,0.4015877068033918,0.19333717226982117,-1.1913601994514464
-0.4088214646251789,1.8949627650584133,2.2370617116747193,0.90809835264654,0.41865795000443334,0.1938296274104331,-1.1913601994514464
-0.4121061237646053,1.8992593764436767,2.192717597827578,0.8985864115208044,0.43868434373893656,0.19420819035595535,-1.175612610578537
-0.41519032993604205,1.9037037360552291,2.152235436601407,0.8895029512073154,0.4567711285625117,0.20032263021961266,-1.16481544144204
-0.4169318906697584,1.9057026253346987,2.117709890240618,0.8815136240666156,0.4720725243480483,0.20162534713745117,-1.1175257113481794
-0.4182926385939839,1.9084262436089314,2.097672079867748,0.8767359173789007,0.4808783690088505,0.21049445375081755,-1.1104149896375712
-0.4193087237457393,1.9094352411247213,2.0905072767931148,0.8749976054397997,0.4840105172085689,0.21342844458172688,-1.099265784390347
-0.4203033935832773,1.9103377022076882,2.0841423265550367,0.8734481435848142,0.4867901353348544,0.21820172667503357,-1.0968748927116394
-0.4212980634208152,1.911240163290655,2.0777773763169587,0.8718986817298285,0.48956975346113984,0.2195781936804397,-1.0968748927116394
-0.4318879167354844,1.9340134459170326,1.9277321617547902,0.8327358530867882,0.5535328241117684,0.22315663212597583,-1.08112730383873
-0.4346278948480032,1.9408680210689677,1.8889106771283857,0.8218366154808195,0.5695925603390438,0.22704427866833712,-1.0790206859110274
-0.4356782990496285,1.946497720404602,1.853163513030515,0.8115531566126869,0.5842100599252175,0.23063400387763977,-1.0633473745939048
-0.4373583205600429,1.9514845122769404,1.8258681128619045,0.8035056375568949,0.595231842059478,0.2388264769493644,-1.0496322393417359
-0.4393033900184084,1.9590555812138637,1.7871563691964434,0.7918299992745649,0.6106683652013687,0.2526677842022579,-0.9938540028026236
-0.4412290825000759,1.965898520061666,1.7525663802450373,0.7811579050927454,0.6242768780579006,0.2806967592286928,-0.8751525276801165
-0.4416946401673985,1.9679813398175918,1.7433535946529115,0.7782705641119423,0.6278658265853637,0.30385957526823015,-0.7845006553146832
-0.44180811430775574,1.968517253478875,1.7408650973169766,0.7774876132002437,0.6288327915827386,0.37212186318765733,-0.5476619195130372
-0.4419215884481129,1.9690531671401583,1.7383765999810417,0.7767046622885453,0.6297997565801136,0.3927821383352678,-0.41772178915192215
-0.44203506258847014,1.9695890808014413,1.735888102645107,0.7759217113768467,0.6307667215774885,0.40055784583091736,-0.38666935063923596
-0.4481943805541444,2.008983601490422,1.602835255909034,0.732245597262569,0.6809265995898737,0.3998728772647109,-0.3724265187978744
-0.44850361662993327,2.0203744102051058,1.5831503301887626,0.7255117528324608,0.6881039321359196,0.3972300756379533,-0.3724265187978744
-0.4478253098501861,2.0307566174985436,1.5738994168951252,0.7223398288125236,0.6914702065403606,0.38538013746553273,-0.3724265187978744
-0.4479129142327924,2.0440848540966163,1.5579155787580539,0.7167939416843075,0.6972241490231247,0.37076427641153004,-0.3724265187978744
-0.4477660718522718,2.057367376349109,1.544936353661617,0.7122513356037168,0.701858361564173,0.3431304636509529,-0.44892263200970706
-0.4476671212987533,2.064514970534661,1.538603133299464,0.7100279390041928,0.7041129221229335,0.31135474352318343,-0.5839230135678094
-0.4476568448737875,2.065631131145941,1.5376438419548486,0.7096906767019593,0.7044539440119351,0.29281145334243774,-0.6967845458230574
-0.44764656844882167,2.0667472917572214,1.5366845506102333,0.7093534143997258,0.7047949659009366,0.25725562381341277,-0.734620213508606
-0.4476059609886002,2.070568294635099,1.5325736053657106,0.7078928664557842,0.7062410504900684,0.22065013273470066,-0.6966815031654373
-0.44659314549242257,2.1164883948697697,1.470759782347558,0.6857403962787622,0.7277896729200044,0.18826875906728963,-0.5416981698861597
-0.4463783062457966,2.1244929902090584,1.4513266650488985,0.6786318179793561,0.7344131526832676,0.1278532273099126,-0.2936887726187706
-0.44595603657102373,2.131643257471308,1.4306644089146636,0.6710054656026586,0.7413816021583353,0.02914751839951525,-0.09623293840086129
-0.4448785178553397,2.1383302277192016,1.4101791911090704,0.6633747697486003,0.7482132426813817,0.0,0.0
-0.44357481274591815,2.1439637119591977,1.3906203699652684,0.6560288386350862,0.7546679443872117,0.0,0.0
-0.4432450225454336,2.147297525351372,1.3829122826453963,0.6531110526483018,0.7571856017320728,0.0,0.0
-0.4431700777305867,2.147783847260939,1.381350444457217,0.6525191011194943,0.7576948729930989,0.0,0.0
-0.4430951329157398,2.1482701691705057,1.3797886062690379,0.6519271495906866,0.7582041442541251,0.0,0.0
-0.44302018756512124,2.1487564945567303,1.3782267569154607,0.6513351938300871,0.7587134191558716,0.0,0.0
-0.439693246632325,2.164550162341461,1.3340040161603666,0.6344035823662417,0.7729316570169704,0.0,0.0
-0.43963251894314503,2.1660848333527403,1.328507745313852,0.6322773094686057,0.7746724582450262,0.0,0.0
-0.4395133422002675,2.1668869349161306,1.325600187589255,0.6311503979421694,0.7755907798277031,0.0,0.0
-0.43932026110311845,2.1670217493562043,1.3253007263400545,0.631034324319159,0.7756853513561687,0.0,-0.15526033249486978
-0.4393894584359373,2.1666727766245537,1.3269735506232334,0.6316794420003382,0.7751530368041127,0.0,-0.3699923285079723
-0.43956433332529726,2.1662299519029924,1.3279964013221908,0.6320722614918975,0.7748255501894534,0.0,-0.4680193143363391
-0.4395741688802601,2.166198627597915,1.3281509900959487,0.6321317860460449,0.7747762471776859,0.0,-0.611160350339817
-0.43958400443522283,2.166167303292838,1.3283055788697067,0.6321913106001924,0.7747269441659183,0.0,-0.6899638756853205
-0.43959383999018564,2.166135978987761,1.3284601676434646,0.6322508351543398,0.7746776411541507,0.0,-0.8127076429247073
-0.4400678628467574,2.164831924362501,1.2706257212656644,0.6095888750376324,0.7926351623160999,0.0,-0.9370631604794728
-0.44000889444292884,2.1643611844962005,1.246362341033915,0.5999291395033861,0.7999731859735709,0.0,-0.9524445109330699
-0.43968950248290634,2.1630374840690405,1.2164100697353761,0.5878931330160277,0.8088833534253211,0.0,-0.9691702155670503
-0.4400473039940304,2.162348899885564,1.1860445509898216,0.5755462318998532,0.8177177001248508,0.0,-0.9708945214748382
-0.4415099068026512,2.1627644352088944,1.145767215566992,0.5589494643603495,0.8291219134934554,0.0,-0.9708945214748382
-0.4416645037218809,2.162334816021477,1.108909741037983,0.5435729326906152,0.8392769179755213,0.0,-0.9708945214748382
-0.44167115768259696,2.1623054017427883,1.101898358091513,0.5406286649663069,0.8411794197294443,0.0,-0.9708945214748382
-0.4417202201725129,2.1621531843256023,1.0992041466640892,0.5394959175380065,0.8419083495881885,0.0,-0.9803497085226972
-0.44176928266242876,2.162000966908416,1.0965099352366656,0.5383631701097062,0.8426372794469326,0.0,-1.0026218904155269
-0.4421867279804159,2.1586327309136912,0.9892661451108966,0.4924404102388249,0.870303683041338,0.0,-1.0265442269401543
-0.44254520024372057,2.157989616969743,0.9606875758853332,0.47995363925873935,0.8772495658547452,0.0,-1.0571773969023812
-0.4432306555872548,2.157128432671308,0.9198862294186684,0.4619580556992822,0.8868568152082457,0.0,-1.0653798282146454
-0.44366132406523917,2.156578650772851,0.8893902123699534,0.448382178798936,0.8937975913410281,0.0,-1.0636809922259545
-0.44418673018867216,2.1559882944916007,0.8518341464831941,0.43152136073618297,0.9020613483853669,0.0,-1.0386107789741408
-0.4446607585704732,2.155439509669497,0.8164884822522624,0.4155129719567953,0.9095466193939409,0.0,-0.9396802367448918
-0.44512298786692195,2.1550080509074103,0.7858947587156752,0.40147349882280425,0.9156112010670776,0.0,-0.6558824390172958
-0.4455558892550701,2.154569381299577,0.7579056651391793,0.3885542647173828,0.9209850122554527,0.031647016522057134,-0.5457389612141024
-0.4459887906432183,2.1541307116917445,0.7299165715626835,0.37563503061196135,0.9263588234438277,0.04895364260690031,-0.5456496000289917
-0.44642169203136645,2.1536920420839114,0.7019274779861877,0.3627157965065399,0.9317326346322028,0.052438028156757355,-0.5456496000289917
-0.4465294964707855,2.1536689288772877,0.6847952781259276,0.35476566288466543,0.9349170282920304,0.06838740492067108,-0.4874245222416479
-0.44607141832393843,2.1543004704069064,0.6744997114770234,0.3499435881158003,0.9367184568012061,0.08650426970171206,-0.43368107200731715
-0.4448648635996968,2.1553218112614765,0.6580388415984623,0.34222263095301153,0.9395680111085815,0.09802304208278656,-0.4182038021259463
-0.4430061051513914,2.1568174547768684,0.6386443940608937,0.33309883947271757,0.9428518977440348,0.10596065312625837,-0.396713952737762
-0.43995494512353633,2.1581045038476523,0.6156983808133496,0.32226450291137454,0.9466251924040773,0.12221987390011842,-0.38817407935857773
-0.43887434458297403,2.1588577013168675,0.6100332476504075,0.3195812646360042,0.9475325371927931,0.1325143779221895,-0.38817407935857773
-0.4386313661980638,2.159015066716744,0.6089188880620151,0.3190530450423526,0.9477097881674831,0.13766379699862918,-0.38817407935857773
-0.43838838781315365,2.1591724321166197,0.6078045284736228,0.318524825448701,0.9478870391421731,0.1409642386403491,-0.38817407935857773
-0.429076281499148,2.1662704797631886,0.5704264500778742,0.30075475978420024,0.9536729147751225,0.14553698410811183,-0.38817407935857773
-0.42369227873071874,2.1697797362126643,0.5533255985338572,0.2925910128720537,0.9562143506348403,0.15189623832702637,-0.38817407935857773
-0.41958214695211016,2.172185864241405,0.5411501880331822,0.2867649981570106,0.9579795724259551,0.15189623832702637,-0.38817407935857773
-0.4158332036698553,2.174338732303247,0.5318536694001059,0.28230959149000545,0.9593042586884,0.15359692960273605,-0.37888913402657187
-0.4116053820237951,2.177047322558001,0.5188428734578738,0.27606255366208965,0.9611189077782445,0.15401975373339216,-0.38817407935857773
-0.4073539455648923,2.179626412640453,0.506231339422318,0.26999660206363607,0.9628408904905945,0.1526741228844757,-0.38817407935857773
-0.4044754203956627,2.181519807583374,0.4987513183315935,0.26639373384913323,0.9638441144039611,0.15581319585786851,-0.38817407935857773
-0.4040176642651988,2.1817192632445064,0.49726767073686506,0.26567865770763716,0.964041467060654,0.15189623832702637,-0.3724265187978744
-0.4035599081347349,2.1819187189056386,0.4957840231421367,0.26496358156614114,0.9642388197173468,0.15189623832702637,-0.3724265187978744
-0.39917213223500697,2.184288527337986,0.4840097666093109,0.25927318475711264,0.9657471100053173,0.15189623832702637,-0.3724265187978744
-0.3856125448504956,2.1916677987102875,0.44739527855647304,0.24155866029789919,0.9703646167811184,0.15189623832702637,-0.370434547718878
-0.38151642597947805,2.193710548906417,0.4352337210612099,0.2356534253986538,0.9718145729848533,0.15191616633736302,-0.35660326024624484
-0.37705496168564495,2.195860855834162,0.4224348776818109,0.22942980380069447,0.9733036094887739,0.15604034066200256,-0.33024007712722864
-0.37249781822532857,2.197918924843711,0.4107292103168792,0.22372940126998653,0.9746300903679094,0.15829646974688907,-0.3094363331794739
-0.3681020391439766,2.199846250890022,0.3999191151894816,0.2184580367823216,0.9758242200000214,0.16018442809581757,-0.3094363331794739
-0.3632562352513123,2.201839370149219,0.3898465599608333,0.21354083043093317,0.9769123536040039,0.16018442809581757,-0.2936887726187706
-0.3627840282405685,2.2020579541624383,0.3888748539828003,0.21306609090210077,0.9770156267544184,0.16018442809581757,-0.2936887726187706
-0.36231182122982475,2.2022765381756577,0.3879031480047673,0.21259135137326834,0.9771188999048331,0.16018442809581757,-0.2936887726187706
-0.361839614219081,2.202495122188877,0.3869314420267343,0.21211661184443595,0.9772221730552477,0.16018442809581757,-0.29492028296496514
-0.34375019021988584,2.2096748669628994,0.3495350120358523,0.1938080410154501,0.9810160709408758,0.16018442809581757,-0.3087435962570839
-0.33939479500757963,2.211177088807479,0.34089486240390066,0.18956770920173815,0.9818417293222369,0.16018442809581757,-0.3094363331794739
-0.3340798941581002,2.21316629960356,0.3296196628276094,0.18402945748854094,0.9828946260941971,0.16018442809581757,-0.3094363331794739
-0.32985104116684044,2.214785024331521,0.3197597759484701,0.1791818048440461,0.9837909155181302,0.16018442809581757,-0.3094363331794739
-0.32478318436271114,2.2165301079098088,0.3087391080966365,0.17375811783993297,0.9847634540575966,0.16269766847743192,-0.3094363331794739
-0.32010768443869686,2.2181123570115426,0.2990386688618775,0.1689801072347068,0.9855965768172377,0.16432851552963257,-0.3094363331794739
-0.3197326162553506,2.2182557152638966,0.2981356695124378,0.16853508006993223,0.9856726934324572,0.16432851552963257,-0.3094363331794739
-0.3193575480720044,2.2183990735162507,0.29723267016299804,0.1680900529051577,0.9857488100476768,0.16432851552963257,-0.3094363331794739
-0.3189824772073397,2.218542432793456,0.2963296643581219,0.16764502255893618,0.9858249272070451,0.1651422835787622,-0.3094363331794739
-0.31137748346889355,2.2210804997616136,0.281214056508001,0.1601836585459826,0.9870267939626123,0.16847261786460876,-0.3094363331794739
-0.2961274014733162,2.2259798353800933,0.2517198624726057,0.14561734932812156,0.9893250334935486,0.16847261786460876,-0.3094363331794739
-0.2904294405565074,2.2277305739169786,0.24107909327510976,0.14035134968957083,0.9900831234410462,0.16847261786460876,-0.3094363331794739
-0.2865460687524526,2.2287009593396343,0.23338014659128878,0.13653920792403465,0.9906174325664969,0.16847261786460876,-0.3094363331794739
-0.2804265370558786,2.230854129735518,0.22227059465423615,0.13103374635655704,0.9913551014581169,0.16847261786460876,-0.3094363331794739
-0.27488766388159747,2.2322706135037436,0.21136395663752305,0.12562573372001917,0.9920555917723298,0.16847261786460876,-0.3251838654279709
-0.2732234395180967,2.232690707730874,0.2078419946609522,0.12387863883576887,0.9922759981544585,0.16847261786460876,-0.3251838654279709
-0.27280295335839383,2.2328046040866236,0.20698328655275716,0.12345257874498754,0.9923290068661037,0.16847261786460876,-0.3251838654279709
-0.272382467198691,2.232918500442373,0.2061245784445621,0.1230265186542062,0.9923820155777489,0.16847261786460876,-0.3251838654279709
-0.26828608081192,2.2336939213207936,0.1976233989511139,0.11880350070963457,0.9928638799301699,0.16847261786460876,-0.3251838654279709
-0.24866665008577127,2.23729311177381,0.15707859898470908,0.0986565330786877,0.9951077724067354,0.16847261786460876,-0.3251838654279709
-0.24351419389873316,2.238276220257613,0.1465619944366643,0.09342267335877387,0.9956133916583301,0.16847261786460876,-0.3251838654279709
-0.2385292276263459,2.2391294254997915,0.13596556710918392,0.08814638045484025,0.9960940069205281,0.16932750556645043,-0.3251838654279709
-0.2331224402763352,2.2399559730786116,0.12439968090052371,0.08238456966190297,0.9965869239884388,0.1712023208186223,-0.3251838654279709
-0.22789923640296095,2.240650460976724,0.11484297537490255,0.07762159434770838,0.99696908929033,0.16903071415525828,-0.3251838654279709
-0.22471610807717168,2.2410672320159435,0.10866786138133236,0.0745430074877005,0.997203693170168,0.17261670529842377,-0.3251838654279709
-0.2242174479880446,2.241137150140299,0.10776872345479226,0.07409467912670083,0.9972369837944514,0.17211771137374027,-0.3251838654279709
-0.22371878789891755,2.2412070682646545,0.10686958552825217,0.07364635076570115,0.9972702744187348,0.17022885792848377,-0.3251838654279709
-0.21157646281053077,2.242703061335652,0.08327736430058806,0.06187603133346322,0.9980455020119877,0.17261670529842377,-0.33228694026673344
-0.20082205636678963,2.2437241208240555,0.06229310042406056,0.051402535350484564,0.9986646257521684,0.17261670529842377,-0.33531877384790026
-0.1957408415450892,2.24410567937106,0.05180715517991464,0.04616582927047949,0.9989192692271363,0.17261670529842377,-0.3251838654279709
-0.1936175320230913,2.244302140992821,0.04719016687818157,0.04385969883120144,0.999022934288003,0.1741243122846883,-0.3251838654279709
-0.18520900669515067,2.2450089174968486,0.028361842818697185,0.03445299366241168,0.9993934237717693,0.17459014963194353,-0.3251838654279709
-0.17977322244852123,2.2453638247123306,0.01655482619784326,0.028552534471030032,0.9995805914389955,0.17261670529842377,-0.33693975037943913
-0.17634671738231236,2.245487375524156,0.01035214722295869,0.025452395935793216,0.9996656154928953,0.17261670529842377,-0.32834315397230446
-0.17588789067190605,2.245507275626162,0.009622012735927788,0.025087451431460128,0.999674940957027,0.17394438157435668,-0.3251838654279709
-0.17542906396149974,2.2455271757281676,0.008891878248896886,0.024722506927127044,0.9996842664211587,0.17307666644176878,-0.3251838654279709
-0.17497023725109342,2.245547075830174,0.008161743761865983,0.024357562422793955,0.9996935918852904,0.17676079273223877,-0.3380158165573611
-0.1509982350471971,2.245446539654425,-0.037341255866406256,0.001608690866434185,0.999988201736513,0.17676079273223877,-0.3251838654279709
-0.14580245971458858,2.2453823149799628,-0.04822112746205388,-0.003831181267734024,0.9999831266605396,0.17676079273223877,-0.3251838654279709
-0.14058012772149941,2.245263858995799,-0.05867531558974604,-0.009058114844168325,0.9999498654062489,0.17676079273223877,-0.3295797684429529
-0.13511546950136571,2.245024108527204,-0.06875855706908664,-0.014099344379806367,0.9998913413132102,0.17676079273223877,-0.3251838654279709
-0.12954225281243945,2.244506433356767,-0.07697595929404802,-0.018207530344532603,0.9998283721245086,0.17342169712925784,-0.33787245153183915
-0.12411852671338945,2.244304668355045,-0.08672151326621927,-0.023079254827684637,0.9997286210141887,0.17676079273223877,-0.3280538153376192
-0.12365294606625568,2.2443702156774714,-0.08784518437287836,-0.023640920579065607,0.9997149322941702,0.17676079273223877,-0.3271405657873762
-0.1231873654191219,2.2444357629998977,-0.08896885547953744,-0.024202586330446575,0.9997012435741516,0.17838995352205178,-0.2908639446968385
-0.12272178477198813,2.244501310322324,-0.09009252658619653,-0.024764252081827545,0.9996875548541331,0.18425503995410938,-0.24946310635134258
-0.10434318439216175,2.2425605711518917,-0.12423669062280951,-0.041825579225984066,0.9990926849053418,0.19748125970363617,-0.16644645870715027
-0.09638645811742291,2.241706348421643,-0.13919122829840613,-0.049295996782030935,0.9987782585906058,0.19748125970363617,-0.13621326610445975
-0.089929214613134,2.2408190495378117,-0.14764768857007102,-0.053518585692440834,0.9985604884531033,0.19748125970363617,-0.13621326610445975
-0.08541154443847743,2.240225001467619,-0.151595548750744,-0.05548957863793642,0.9984530777616779,0.20053896083692652,-0.13621326610445975
-0.07806438712881604,2.239227455617309,-0.154423364467785,-0.056901225751686324,0.9983733132548207,0.19811187446715411,-0.13621326610445975
-0.0701524804889862,2.2381223356793787,-0.15818062040854355,-0.058776812427998294,0.9982666276752719,0.20162534713745117,-0.1361259076062159
-0.06853050518052137,2.2378995369699535,-0.1592138646383458,-0.059292547266956624,0.9982364000741925,0.20075105685514522,-0.13621326610445975
-0.06796326370981598,2.237811547418471,-0.15968355467296166,-0.059526980766796904,0.9982225193663103,0.20162534713745117,-0.13621326610445975
-0.06739602223911058,2.237723557866989,-0.16015324470757752,-0.059761414266637176,0.9982086386584282,0.20072723507988946,-0.13621326610445975
-0.06212349562837936,2.2370295129183866,-0.16387289603003463,-0.06161746510617194,0.9980904361409615,0.19818299046010238,-0.13621326610445975
-0.037510589655993645,2.233162915215528,-0.17915332159673875,-0.06924157244878282,0.9975955410384788,0.20162534713745117,-0.13621326610445975
-0.03109058806963893,2.2320680917979465,-0.18358635665170467,-0.07145256399517605,0.9974392703274204,0.20162534713745117,-0.13621326610445975
-0.02560662704034867,2.231327379603859,-0.18824707914005695,-0.07377682141215235,0.9972708588792236,0.19941765307781337,-0.13621326610445975
-0.018337957993683235,2.2301736925329814,-0.19268395914954797,-0.07598893927512002,0.9971036288385038,0.19918419749880117,-0.13621326610445975
-0.011676199485850918,2.2286643206432393,-0.1958015068148096,-0.07754317784702278,0.9969848992575625,0.1994644082339893,-0.13621326610445975
-0.008438828026629007,2.228082040628029,-0.19788817485371538,-0.07858327422184824,0.9969028284944879,0.20155994046351647,-0.13621326610445975
-0.007843756404033847,2.228055536285059,-0.19852575576438947,-0.07890103869839515,0.9968772903383054,0.20162534713745117,-0.13621326610445975
-0.007248684781438688,2.2280290319420883,-0.19916333667506358,-0.07921880317494207,0.9968517521821229,0.20162534713745117,-0.13621326610445975
0.013016039727149844,2.224213996833283,-0.21351470569060893,-0.08636982500951214,0.9962579762141753,0.19909395219099218,-0.13621326610445975
0.020364657397114606,2.2226849216007256,-0.2184631702807754,-0.08883449200908745,0.9960407818291666,0.1992010969331958,-0.13621326610445975
0.02685534286587456,2.221106481736062,-0.22212711916443573,-0.0906592033005025,0.9958779069707483,0.20031244248513763,-0.13621326610445975
0.033230792803636174,2.219977828460038,-0.22732324394426257,-0.0932463216024716,0.9956398007224837,0.20162534713745117,-0.13621326610445975
0.03945440383499771,2.2188807803205153,-0.23210541560003609,-0.09562682145362476,0.9954151241377751,0.2011526036499289,-0.13621326610445975
0.04593504783943599,2.2174502324691905,-0.23630326362044857,-0.09771593462576215,0.9952124698129773,0.19897217105718007,-0.13621326610445975
0.04906590078110972,2.2167133951084206,-0.23798882878505806,-0.09855458750245753,0.995129156287984,0.19952031286009458,-0.13621326610445975
0.04960348049266623,2.2165666087534577,-0.2383216658774327,-0.09872019326024613,0.9951127328384746,0.2000064379677192,-0.13621326610445975
0.05014106020422275,2.2164198223984943,-0.23865450296980734,-0.09888579901803472,0.9950963093889652,0.197554968167968,-0.1356530810201788
0.05067864375887353,2.2162730349941726,-0.23898734244159528,-0.09905140595971944,0.9950798858220464,0.2030237339456443,0.0
0.07733359909142543,2.2103316406656623,-0.2566781383864358,-0.10784933857960192,0.9941652321877668,0.20576944947242737,0.0
0.08354572538446224,2.2086910880705477,-0.26032169399010413,-0.10966030509991327,0.9939670903403922,0.20576944947242737,0.0
0.08987656939490629,2.207051172063342,-0.2606043794080927,-0.10980076131962112,0.9939512847825216,0.20576944947242737,0.0
0.09654517470042061,2.2053449664802938,-0.2586128495676497,-0.10881093558503699,0.9940598571088309,0.20396374281860308,0.0
0.10362754415343296,2.203672311275623,-0.2574393764204714,-0.10822772270284985,0.9941240535597279,0.19748125970363617,0.0
0.10883711886133833,2.2024397500653143,-0.25748192256339153,-0.10824893691182769,0.9941223586227892,0.19748125970363617,0.0
0.10943068215428263,2.2023103377708346,-0.25747702707914594,-0.1082465074310517,0.9941226591719133,0.19748125970363617,0.0
0.11002424544722693,2.2021809254763554,-0.2574721315949004,-0.10824407795027571,0.9941229597210375,0.2001662352206312,0.0
0.11061780874017123,2.2020515131818756,-0.2574672361106548,-0.10824164846949973,0.9941232602701616,0.20721250174890377,0.0
0.13565587792277228,2.1957213800818494,-0.2575416054126743,-0.10827855498403603,0.9941186880313365,0.21477133668467627,0.0
0.1422928867420512,2.1942294380699114,-0.2573165619263656,-0.10816673413322304,0.9941312312089229,0.21810830807948817,0.0
0.14935835133870204,2.192531539623894,-0.25667395016487593,-0.10784727603141231,0.9941656366646846,0.21001951759775983,0.0
0.15660441679397635,2.190705450446596,-0.25727169023767094,-0.10814441015250689,0.9941334759486992,0.20991353690624237,0.0
0.16284482976030848,2.1896203871446707,-0.2591614904490686,-0.10908327391748322,0.9940267975224691,0.20991353690624237,0.0
0.17148616747195589,2.187101116810356,-0.2575032300967698,-0.10825893226064774,0.9941157345384403,0.206882961985496,0.0
0.17237340295601725,2.187043999271017,-0.2580131827565935,-0.10851221274963621,0.9940863474532461,0.20459709395244863,0.007367055038798169
0.17301348375421205,2.1870473246766937,-0.25849931687713074,-0.1087536671978303,0.9940583711040011,0.19759125406846062,0.05670058868002164
0.17365356455240688,2.1870506500823703,-0.258985450997668,-0.1089951216460244,0.9940303947547561,0.19465088510164236,0.08403953128088132
0.19726040558206961,2.1812047364529326,-0.2579580813072818,-0.10848499828529846,0.994090917912991,0.19333717226982117,0.1582919838135315
0.20405981164707693,2.179283653698759,-0.25390720135443273,-0.10647111972168417,0.9943068703613831,0.18896742123461358,0.23333199807075838
0.21040722319599245,2.1776988615076576,-0.2500300971809999,-0.10454342929489441,0.9945116331373501,0.18090489506721497,0.31985110219425605
0.21597362621010702,2.176384108834629,-0.24531578901594792,-0.10219908808971602,0.9947568935144409,0.17723255798830623,0.3549472978269612
0.2230590228952116,2.174854827123575,-0.23803640053636194,-0.09857787572691007,0.9951229570952448,0.16353477189991888,0.41973021328449245
0.22971111908464004,2.173653761147745,-0.2286379466682349,-0.09390028938473675,0.9955730176011413,0.15189623832702637,0.4713926208152914
0.2321825194330926,2.1731449873236897,-0.22457456444204926,-0.09187712373564436,0.9957587298835108,0.14149778020733816,0.5064870352990198
0.23266784110223673,2.173115381542818,-0.2237928926334249,-0.09148777742609411,0.9957927989564381,0.1313912745195477,0.5299630522727966
0.23315316277138085,2.173085775761946,-0.22301122082480052,-0.09109843111654387,0.9958268680293655,0.11626278525053416,0.5299630522727966
0.23363848444052498,2.1730561699810744,-0.22222954901617614,-0.09070908480699362,0.9958609371022928,0.1054048705636218,0.5649023179762295
0.2550893042937271,2.1694062216003935,-0.15060202246566776,-0.0549932874599467,0.9984752630616671,0.10216713696718216,0.5772057056427001
0.25914447598420154,2.168922084795299,-0.12807357445023937,-0.04374300907600842,0.9990318641263457,0.10216713696718216,0.5772057056427001
0.262697037749097,2.168475124949597,-0.10711133515449894,-0.03326978763729253,0.9994342804915991,0.09698469894092036,0.6008446882059975
0.2657980526235854,2.1680642517062996,-0.08840135994940315,-0.023918796575282623,0.9997027935406335,0.08354336604328258,0.6637235957142218
0.26920255928327347,2.1678672146955535,-0.06877642299401615,-0.014108310938766577,0.999893709241013,0.08144667744636536,0.685397428584838
0.2705251487722431,2.1679340710860178,-0.06022990272566273,-0.009835382829681657,0.9999441547195823,0.08144667744636536,0.675065398894739
0.2708136692273666,2.167907490602467,-0.05843400339994981,-0.008937476621308296,0.999952339015583,0.07806975544160187,0.6874386012554169
0.27110218968249017,2.1678809101189165,-0.056638104074236875,-0.008039570412934937,0.9999605233115837,0.07730258256196976,0.6874386012554169
0.282226738719364,2.1676358027261777,0.020947844928186462,0.03074809804704155,0.999516968916272,0.07730258256196976,0.700822884366725
0.28492624673717554,2.167998437001381,0.04585988872394923,0.04319522409401784,0.9990524628354979,0.07730258256196976,0.6912415337978344
0.28744494802883974,2.16813677685756,0.06547949995046465,0.05299364183788825,0.9985833386613598,0.07730258256196976,0.7001810791349945
0.29032547763823296,2.168313695263714,0.08610384572111163,0.06328822570194002,0.9979841042000072,0.07730258256196976,0.7281980854064685
0.293745769082335,2.1686030259445777,0.10888774580393788,0.07465292851478068,0.9971993094486892,0.07730258256196976,0.7914376818566458
0.2970475479857242,2.1690499958201332,0.13161598385572942,0.08598011249807344,0.996286078106839,0.07730258256196976,0.8227486966908408
0.29940781443571735,2.169419716333329,0.147766890998558,0.09402264939925192,0.9955589224829874,0.07976309256578175,0.8385164825695571
0.2996503278980338,2.1694610281201,0.14957288105441918,0.09492147844276828,0.9954723903065208,0.08144667744636536,0.8336194342164304
0.2998928413603502,2.1695023399068716,0.15137887111028037,0.09582030748628463,0.9953858581300542,0.07554829984011024,0.8449140936136246
0.3001353548226667,2.169543651693643,0.15318486116614155,0.09671913652980099,0.9952993259535875,0.07315848767757416,0.8515445639370007
0.3003778682849831,2.1695849634804145,0.1549908512220027,0.09761796557331735,0.9952127937771209,0.07036143117728628,0.897708043907981
0.32064495929417564,2.174696839521344,0.331390074250597,0.1848977058339357,0.9827222039708166,0.06500239882128202,0.9237129092216492
0.3221567666627921,2.175232184840335,0.34414590162257697,0.19116353028353003,0.9815325165970353,0.056582119315862656,0.9749981107536921
0.3303500248412168,2.179726178695079,0.41665589786109947,0.2266128226761052,0.9739467125180081,0.04593266102241212,0.9867030382156372
0.3319143925940625,2.180384708576901,0.4438503527339083,0.23983588822234825,0.9707812939529892,0.039723853880985434,1.0339456915855407
0.3331084584477626,2.180745292255105,0.46937192445007303,0.2522044690839954,0.9676438101312894,0.034584064256056875,1.0339456915855407
0.33321777312204687,2.180785088978721,0.4725054450891472,0.25371970931027926,0.9672455130267104,0.030947107001948734,1.052621028407106
0.3333270877963311,2.1808248857023367,0.4756389657282214,0.25523494953656317,0.9668472159221312,0.023038954843965485,1.0826719666558036
0.33462986685511853,2.181713782242272,0.5107575019763542,0.2720991234028275,0.9619651439154175,0.019285287708044052,1.1126835227012635
0.3389249524078799,2.184537920381638,0.6139369164481394,0.32142511472606977,0.9468923368121347,0.019285287708044052,1.1126835227012635
0.3401327665541081,2.185459391529483,0.6457692550609452,0.3364549344713202,0.9416575083880344,0.019285287708044052,1.1284309983253478
0.3412826750973871,2.1865231887270604,0.6865454848241351,0.35558212760795493,0.934602158375097,0.019285287708044052,1.1284309983253478
0.3421820998402563,2.1872410843252608,0.7227203360504905,0.3724268043965766,0.9280161068193515,0.019285287708044052,1.1127335614813583
0.3431299596430261,2.188052696761116,0.7617893374965052,0.39048193663973824,0.9205619979705592,0.01991343709367963,1.1284309983253478
0.3440803366252845,2.1889985108662984,0.7999690105095671,0.4079822762511224,0.9129386475212039,0.026734699749352386,1.1284309983253478
0.3449596496542304,2.190167530415481,0.8368090379764959,0.42457714375477085,0.904956108500708,0.027573473751544952,1.1278741058353885
0.34581021478165286,2.1913586431720367,0.8735841100781168,0.44108570128049956,0.8968675000990671,0.046839057651255206,1.0997002078809859
0.34666077990907535,2.1925497559285922,0.9103591821797377,0.4575942588062283,0.8887788916974262,0.08301770731782104,1.0122283006610595
0.347498740893933,2.193741838505657,0.9420889567220386,0.4717656567251254,0.8816569881012203,0.12703168392181396,0.8050433016516656
0.3489660076561674,2.1956970238114066,0.9826525019906885,0.4895507351818556,0.8719112172313794,0.1458949431998815,0.7697050200838066
0.35096073723567994,2.197320916407051,1.0217361170129848,0.5065012939997114,0.8621895339867837,0.15816915141675894,0.7780948754208882
0.35099596682647966,2.200985011918006,1.0410852674232243,0.5148004467126752,0.8572185494439343,0.16540464619488096,0.7661763191223144
0.35329419744806745,2.2053642837825085,1.0738605325774873,0.528768505403284,0.8486514339672855,0.16864851508906736,0.7484235561115468
0.35593420634909073,2.21083320039241,1.1087590488600574,0.5434947435874884,0.8392948039636721,0.1730320456702318,0.6968729541772606
0.3566252640319547,2.2122615502184733,1.1164801286952484,0.5467294981964538,0.8371883542953825,0.17676079273223877,0.6018153269662536
0.35683656672286324,2.212751908093219,1.118903542967395,0.5477425022347946,0.8365237036403123,0.17676079273223877,0.4975104045932668
0.3570478694137718,2.2132422659679647,1.1213269572395415,0.5487555062731354,0.8358590529852419,0.1830609594463941,0.4153143773441867
0.36286281314652313,2.2266556003709526,1.1691985015804522,0.5685228807450434,0.8223685261675389,0.19195450799594618,0.3252596997870534
0.36973242614612833,2.239863708308393,1.2168204923258532,0.5880575946337717,0.8087605997349869,0.19333717226982117,0.20009145944449186
0.3715912957815794,2.2458873227088523,1.2271649966480185,0.5922345452414408,0.8057105553411245,0.19333717226982117,0.011122764531390467
0.37323215841382756,2.251343080700706,1.2338545913422896,0.5949231085537764,0.8037210181232644,0.20576944947242737,0.0
0.3754933192137893,2.257910808434801,1.2363730885175366,0.5959298483160121,0.8029646581720705,0.2150754860005301,0.0
0.37775147565544875,2.264288462877369,1.232730211607833,0.594467899224144,0.8040509250372841,0.2338797009871295,0.0
0.37899347069203876,2.2680067199816207,1.2303636814944712,0.5935182100861104,0.8047566659826549,0.238997121426798,0.0
0.379198919639217,2.2686371165295465,1.2300794982738674,0.5934040176828704,0.8048412126645266,0.24308234453201294,0.0
0.37940436858639515,2.2692675130774718,1.2297953150532634,0.5932898252796304,0.8049257593463981,0.2455367802539438,0.0
0.38754970050067844,2.2927359948401547,1.2272387674099101,0.5922602900686298,0.805683304213734,0.24722643196582794,0.0
0.38989785347318895,2.303464377546643,1.221503182386754,0.5899253894255231,0.8073484479976185,0.24722643196582794,0.0
0.3927303969002552,2.311869974739708,1.2201392328983098,0.589379886625851,0.8077577364016764,0.24722643196582794,0.0
0.3953732796737624,2.3198411168064244,1.219565694590168,0.5891526528171804,0.8079327946195247,0.2503533701183832,0.0
0.3981885054924659,2.3283075214726416,1.2192744181883652,0.5890357158804418,0.8080195976764786,0.25346518715433597,0.0
0.4008083571345571,2.3359071220456773,1.21890488959018,0.5888842077612322,0.808125390877023,0.2591839720179588,0.0
0.40298182133639504,2.342342841970674,1.218833334933175,0.5888518779690707,0.8081417698415297,0.2654904977111685,-0.0041673686889555596
0.4037297684742005,2.3445308375110456,1.219053061418609,0.5889403341097191,0.8080766255085831,0.2681620527105455,-0.13621326610445975
0.40447771561200596,2.3467188330514173,1.219272787904043,0.5890287902503677,0.8080114811756365,0.27209097146987915,-0.1577123035524531
0.4071495881139929,2.354875524449992,1.2194440916944442,0.5890980743061908,0.8079611342759121,0.2693120822291893,-0.19401570808160362
0.4139418236446493,2.3761990808913263,1.2168383171038997,0.5880560840936433,0.8087433599526863,0.2602467650291223,-0.2960283499417341
0.4177875214834674,2.383725880586484,1.2161898443254295,0.5878169020846318,0.8089657490028809,0.250388431033583,-0.4173933488435711
0.4211303217285076,2.3927374610138696,1.2098568127768075,0.585253483885367,0.8108245832019941,0.24401665258403873,-0.5035033543481958
0.42443541460720885,2.4013013748859335,1.2000643599034588,0.5812775410475721,0.813681837956252,0.24308234453201294,-0.5456496000289917
0.42712270714884726,2.4094397171004087,1.186332027580446,0.5756749822030964,0.8176508971205869,0.24308234453201294,-0.5456496000289917
0.4291250709447729,2.4150803977283304,1.1712771397399748,0.5695041275217115,0.8219613623092616,0.24308234453201294,-0.5456496000289917
0.4292008967205971,2.41590484893568,1.1690734338281552,0.5685953502115054,0.8225843775551913,0.24308234453201294,-0.5456496000289917
0.42927672249642124,2.4167293001430292,1.1668697279163358,0.5676865729012994,0.823207392801121,0.24308234453201294,-0.5456496000289917
0.4293525482722454,2.417553751350379,1.1646660220045164,0.5667777955910933,0.8238304080470508,0.24308234453201294,-0.5456496000289917
0.44095515935011437,2.4431790028024514,1.0837894884833452,0.5330039227623873,0.8460617280520271,0.24308234453201294,-0.5456496000289917
0.4435867130057522,2.4506820236477176,1.0632798521585827,0.524283274361351,0.8514560956489782,0.23939840414863214,-0.5456496000289917
0.4480810914243267,2.458504226292095,1.0453605263157726,0.5166392344945477,0.8561286481967257,0.23893824219703674,-0.5456496000289917
0.4515920298021619,2.46444130069025,1.0267606762323023,0.5086620311300334,0.8609080331052936,0.23893824219703674,-0.5456496000289917
0.45499668840774454,2.4702857263799283,1.009881521461024,0.5013779719307514,0.8651696445398819,0.23893824219703674,-0.5456496000289917
0.4591278398146077,2.4775178158583624,0.9887476835328114,0.4922077189161287,0.8704188156358993,0.23893824219703674,-0.5456496000289917
0.4597563706558271,2.4785688904213465,0.9857064751283224,0.49088370285624044,0.8711664652537743,0.23893824219703674,-0.5299020111560822
0.46009388903009374,2.479128675939476,0.9840776203727244,0.4901740305491411,0.8715659525410423,0.23893824219703674,-0.5299020111560822
0.46043140740436045,2.479688461457606,0.9824487656171262,0.4894643582420417,0.8719654398283104,0.23893824219703674,-0.5244783717558695
0.4755063964874461,2.5013306744870913,0.9217258230431993,0.4627772866173201,0.886438614844621,0.23893824219703674,-0.5141769402436486
0.48014405109864294,2.507985535184104,0.9028802979249839,0.4544045920626472,0.8907606734592163,0.23893824219703674,-0.4886805822564004
0.48467975782789985,2.5140400978397452,0.8873582056144126,0.44747793386187296,0.8942608508106864,0.23893824219703674,-0.4826593577861786
0.4886710092947366,2.5190661963253813,0.8744118178014553,0.4416803402977323,0.8971396519817357,0.2421380062026587,-0.4826593577861786
0.49388352945711905,2.5254803164359614,0.8575263407252085,0.4340910956797326,0.9008381137842176,0.23726420561198996,-0.4826593577861786
0.4996967729599754,2.5296989992324423,0.8429326301530343,0.42751443864389105,0.9039987970819575,0.23477809131145477,-0.4763327809879423
0.5015743823930868,2.5329894325740154,0.833635701011871,0.4233018492218147,0.9059639320465658,0.23742735981010968,-0.46691182553768157
0.501948987346699,2.5337927040380337,0.8327749138055975,0.422909846053691,0.9061416527655535,0.23541103769356098,-0.46691182553768157
0.5023235923003112,2.5345959755020524,0.8319141265993241,0.4225178428855673,0.9063193734845413,0.23477809131145477,-0.45232822561537556
0.5188149029127865,2.553019757490524,0.779745243773151,0.3987372221384428,0.9170338707861624,0.23477809131145477,-0.45116429328918456
0.5245465844863475,2.5587190865776406,0.7639305103514611,0.3914734901524632,0.9201580861322517,0.23477809131145477,-0.43630198812050097
0.5290343771198243,2.5631215293276814,0.7525300825110031,0.3862217503133175,0.9223738669006336,0.22561071232830712,-0.43541673272848125
0.535496348241571,2.569537875748338,0.7343852266097965,0.3778387025046468,0.9258420402607676,0.21294920454739955,-0.419669172167778
0.5411145824057982,2.5749126639089743,0.7187238906660885,0.3705772490581719,0.9287723989452894,0.20427052172635327,-0.4139732672138275
0.5464643087349779,2.5797983152451267,0.704590171406577,0.36400448305112554,0.9313678413413886,0.20162534713745117,-0.4018736661257896
0.5487343599017575,2.581801312948282,0.6983995993849947,0.3611199415459379,0.932490198202119,0.20162534713745117,-0.38934415815775447
0.5492081106186895,2.5822364766109778,0.6972232271195625,0.3605712682077004,0.9327020983207921,0.19308861921513118,-0.3538454885182972
0.5496818613356216,2.5826716402736736,0.6960468548541304,0.3600225948694629,0.9329139984394651,0.1829377663677238,-0.2856661796244134
0.5649265165524273,2.595474592969664,0.6551595849894265,0.34087599745236824,0.9400772183844863,0.16432851552963257,-0.18896411069436228
0.5699278774928443,2.5995721209955582,0.64192624069141,0.33464855826364664,0.9423125403663869,0.14294928761760645,-0.16645668593943844
0.5745394625408982,2.6031547689721615,0.6332732818507044,0.3305687659619134,0.9437522020759824,0.12130178070675847,-0.13621326610445975
0.5791405403296025,2.6064840930921873,0.6261627784244488,0.3272110447559584,0.9449204432314305,0.11497983277730668,-0.13621326610445975
0.5834677779562258,2.6096775120553892,0.6197410747346944,0.3241745853988888,0.9459639266391249,0.11459941416978836,-0.13621326610445975
0.5867684465569448,2.6121630149225648,0.617236252408285,0.32298956499010767,0.946369092804375,0.11459941416978836,-0.1330354791954118
0.5884812512732245,2.613449513154478,0.6148234579658298,0.32184769175775896,0.9467582313386357,0.11459941416978836,-0.12431775019826131
0.5886807670952815,2.6135848981810232,0.6144384494254624,0.32166554362445593,0.9468205033459228,0.11459941416978836,-0.10826200233346456
0.5888802829173384,2.6137202832075683,0.6140534408850952,0.3214833954911529,0.94688277535321,0.1060558445294759,-0.053933574342573745
0.5891929840769635,2.6139384352271753,0.6134969634044052,0.3212199531294329,0.9469722715565104,0.0917602851268584,0.0
0.5977579942213236,2.6202592506071207,0.6024419659457085,0.31598021562971124,0.9487319336869696,0.04059933669898094,0.0
0.6014858563960931,2.6228910174504403,0.6008145194461885,0.3152090787360858,0.948991669099278,0.0023103151766818695,0.0
0.6034440264621374,2.6242394511279183,0.5996765438383677,0.31466920774294066,0.9491713017154959,0.0,0.0
0.6069995782322676,2.6267681993389838,0.5970449310075978,0.31341937188224844,0.9495825903942059,0.0,0.0
0.6081885307343716,2.6276246052434615,0.5989423743395772,0.31431986056612354,0.9492840311408873,0.0,0.0
0.6081683939664116,2.6275131967712886,0.5969187511543582,0.3133590926598413,0.949601242470195,0.0,0.0
0.6081099847342308,2.627485063249658,0.5969014457988171,0.31335097329235806,0.9496042485336987,0.0,0.0
0.6080515755020499,2.6274569297280275,0.5968841404432759,0.3133428539248748,0.9496072545972025,0.0,0.0
0.6079931662698691,2.627428796206397,0.5968668350877347,0.3133347345573916,0.9496102606607063,0.0,0.0
0.6079347570376882,2.627400662684767,0.5968495297321935,0.3133266151899083,0.9496132667242101,0.0,0.0
0.606634594754453,2.626566118255505,0.5975050001386907,0.3136383810945583,0.9495122260828609,0.0,0.0
0.6068269094442632,2.6267840156239775,0.5968082381688923,0.3133075889846368,0.9496214914327716,0.025995594361965062,0.0
0.6068355669413482,2.626741052111874,0.5963589729030264,0.3130941189060575,0.9496914031234985,0.0632645519305532,0.0
0.6067052623918577,2.6266237862125603,0.5967562454454741,0.31328271091529486,0.949629056220374,0.12899950171958588,0.0679173830488263
0.606872782481414,2.6267330643228077,0.5991299597796096,0.3144093083682299,0.9492557939530541,0.16660470885831047,0.26380614472691466
0.6071233775072465,2.6268987921838973,0.5994104088351228,0.3145410674535015,0.9492076321933095,0.16809266120864463,0.3424362972063797
0.6072092286826468,2.6269547562160014,0.5994002305538888,0.3145357669818634,0.9492078150904995,0.15840869937273802,0.40173066281213365
0.607295079858047,2.6270107202481054,0.599390052272655,0.31453046651022537,0.9492079979876894,0.1586412222634397,0.5833990416989208
0.6167305245646432,2.633802162226187,0.6114737685073562,0.32025415405738183,0.9472740161664139,0.16018442809581757,0.7034261905174819
0.6213361784037268,2.637168834946717,0.6218326403559278,0.32515930907646495,0.9456116710943507,0.16018442809581757,0.7189336657524108
0.6277111345486428,2.641776768658809,0.640758214378155,0.3340969641280468,0.9425043914288289,0.16018442809581757,0.7334024753911287
0.6336512602282963,2.6460667519359724,0.6623049236814892,0.34423135868213695,0.9388505491300159,0.16018442809581757,0.7095489605400922
0.6394109642480748,2.6504830388536647,0.6860219983025128,0.3553398285179807,0.9347013364439194,0.16018442809581757,0.7031861335039139
0.6438057707510445,2.6541901073220178,0.7094997506582499,0.36628801667321437,0.9304672176942055,0.15189623832702637,0.7107318396059176
0.6452538656700326,2.6555466677034234,0.7181527975404701,0.37030970901867016,0.9288723691972466,0.15189623832702637,0.7439725269840998
0.6456025800623549,2.655790301015492,0.7206553448621006,0.37147140837151166,0.9284075693266055,0.15189623832702637,0.7346812546253204
0.6459512944546772,2.656033934327561,0.7231578921837312,0.37263310772435315,0.9279427694559644,0.15189623832702637,0.7346812546253204
0.6479181226888527,2.6577753606876473,0.7365604217969529,0.3788010722550519,0.9253254918494598,0.15189623832702637,0.741407551286941
0.663118188238352,2.6727472442395235,0.8386212669171179,0.4255558638555893,0.9048994619607089,0.15189623832702637,0.759024838924579
0.666367666243027,2.677730311259892,0.8633858603816961,0.43672249949113673,0.8995501838995521,0.15189623832702637,0.8166173951170267
0.6695828260760682,2.6811520983578236,0.884929376139005,0.44638984928354386,0.8948001247082428,0.1518786401475129,0.971089308755855
0.6735228547108372,2.6861631309811966,0.9124383126054731,0.4586513188345399,0.8885691801798627,0.14098999775306909,1.073740218775976
0.6770583565365502,2.6906452519617607,0.9408971421363796,0.47124821088114577,0.8819529862898078,0.13531987369060516,1.095535350869232
0.6787959585473483,2.693513120798544,0.9595053741204597,0.4794317809836456,0.8775271973405934,0.13225252537458354,1.0811883449554442
0.6790682904561249,2.693931240534172,0.962115667918686,0.4805761677184208,0.8768997939616228,0.12288759648799896,1.0654408693313597
0.6793406204180467,2.6943493572807333,0.9647259430563617,0.48172054627216804,0.8762723950678531,0.12288759648799896,1.0654408693313597
0.6796129503799683,2.6947674740272944,0.9673362181940375,0.48286492482591525,0.8756449961740835,0.12288759648799896,1.0654408693313597
0.6922739048046054,2.713951204075666,1.1180362146222944,0.5474216518300224,0.8368253125766206,0.12288759648799896,1.0654408693313597
0.6939318089490453,2.716855822467332,1.1522153559387844,0.5616438390959568,0.8273510813369606,0.12288759648799896,1.0654408693313597
0.695495611506404,2.720740833256083,1.186024957579147,0.5755433116383376,0.8177305881040962,0.12288759648799896,1.0654408693313597
0.6970876002928735,2.7255796407183546,1.2210496364249543,0.5897687775837168,0.8075184805824838,0.12288759648799896,1.0654408693313597
0.6987978442678053,2.7307172070788046,1.2554763807104874,0.6035852942681679,0.7972533162971812,0.12288759648799896,1.0664128108854753
0.6998745737620305,2.733924292291047,1.284508387313963,0.6151077519818476,0.7884253267948514,0.12984648711922633,1.0704921697274015
0.7000186396424558,2.7344286656761523,1.2877831643380202,0.6163964350669033,0.7874152472765447,0.13393096077117964,1.0654408693313597
0.700162705522881,2.7349330390612576,1.2910579413620775,0.6176851181519591,0.7864051677582378,0.1399716803797107,1.0654408693313597
0.7003067714033062,2.735437412446363,1.2943327183861346,0.618973801237015,0.785395088239931,0.1452716357838222,1.059119271767649
0.7041439390774621,2.754407872284713,1.4325894911449135,0.671734135228585,0.740752350518042,0.15720990651643368,1.0250569910918643
0.7047743339303206,2.760032968441031,1.4730335000014831,0.6865757637633387,0.727018520847752,0.16247441500764925,0.9867030382156372
0.7055113688233646,2.766743762811926,1.5196669234980182,0.7033350265874174,0.7108093658025352,0.1720600342520614,0.9121960279073933
0.7062501181456738,2.77386146377962,1.5570537587843998,0.7165018672721687,0.6975411461288209,0.1775270384608797,0.8734974809661956
0.705109886142275,2.7786836040458653,1.5855580291619495,0.7263797049280153,0.68726797305541,0.18090489506721497,0.8294535458434383
0.7049319342627263,2.786062052000988,1.614037554084174,0.7360855042450215,0.6768489518565253,0.1838166571355023,0.8291665613651276
0.7046089076236111,2.793238725026046,1.6401207280495642,0.7447125435852475,0.6670708235106334,0.18183368385263476,0.8291665613651276
0.7042292906112497,2.800537117847077,1.6661394387519834,0.7532866249288113,0.657288661113406,0.18501349766834016,0.8291665613651276
0.7038496735988884,2.8078355106681077,1.6921581494544027,0.761860706272375,0.6475064987161786,0.18090489506721497,0.8291665613651276
0.7034166855287726,2.8132388287221457,1.711728356517625,0.768244333739116,0.6400923660325737,0.18090489506721497,0.8291665613651276
0.7021449964499771,2.8197389963703015,1.7419745863267047,0.7778452271030382,0.628408574414429,0.18090489506721497,0.8291665613651276
0.7010024494440535,2.8268998064620345,1.772915146355401,0.7874664113907051,0.6162948950552374,0.18245124088359482,0.8291665613651276
0.6998586039496062,2.8332131996046352,1.8008256251451646,0.7959840974492071,0.6052414673730708,0.18144818342911467,0.8291665613651276
0.6982332955305248,2.8381041902536026,1.823120983210234,0.8026824051305771,0.5963313120132845,0.18090489506721497,0.832071994225806
0.6959826426447087,2.8451992984599643,1.8537327547756735,0.8117214226336341,0.5839805049891296,0.18090489506721497,0.842863784837534
0.6956231401874643,2.8466915716926695,1.8598524738789768,0.8135038449534785,0.5814935533227416,0.18090489506721497,0.8291665613651276
0.6955104905354973,2.8474462064910013,1.8626924277592218,0.8143265850723611,0.5803362804435215,0.18090489506721497,0.8291665613651276
0.6953978408835303,2.848200841289333,1.8655323816394667,0.8151493251912437,0.5791790075643013,0.18386363608203904,0.8291665613651276
0.6875665011211476,2.8703457342484846,1.9600821253010474,0.841605288082053,0.5400077987950281,0.18090489506721497,0.8291665613651276
0.684689364029441,2.877276478554196,1.9912903646226072,0.8499275606849604,0.5268092908459557,0.18090489506721497,0.8291665613651276
0.681816976987498,2.8834000754749534,2.0185694667449514,0.8570356759375538,0.5151691916868955,0.18090489506721497,0.8291665613651276
0.6791570066007072,2.8885647012393045,2.0419070323748145,0.8629882739084086,0.505133598098771,0.18090489506721497,0.8291665613651276
0.6759786550504061,2.8944028806369007,2.069188709847488,0.8698010415853658,0.4933166829282569,0.18090489506721497,0.8291665613651276
0.6722029908361424,2.901494910706531,2.1021204434817213,0.8778037910694925,0.47892741579070175,0.18090489506721497,0.8392918889355458
0.670390690429022,2.9042854325510743,2.115377073320912,0.8809599430025057,0.4730991013233573,0.18090489506721497,0.8341601174869645
0.6700867905784267,2.904767742368867,2.1177039371456403,0.8815094575348075,0.47207367758155605,0.18090489506721497,0.8291665613651276
0.6697828907278314,2.9052500521866595,2.1200308009703686,0.8820589720671093,0.4710482538397548,0.18090489506721497,0.8351583339479061
0.6694789908772361,2.905732362004452,2.1223576647950964,0.882608486599411,0.47002283009795354,0.18090489506721497,0.8291665613651276
0.6532517245389571,2.9286620300487187,2.2414908821190527,0.9090122970658269,0.41664083588789946,0.18090489506721497,0.8291665613651276
0.6490799066302824,2.9339208369164993,2.2690777112656835,0.9146724919897051,0.4040631887076799,0.18090489506721497,0.8291665613651276
0.6444513429045291,2.9389158393928603,2.293101781982298,0.9194583136915003,0.3930464959948269,0.18090489506721497,0.8291665613651276
0.6396074525721535,2.943591133104415,2.318460375618687,0.924365877512996,0.38135633259011376,0.18090489506721497,0.8291665613651276
0.6348384043768008,2.949223214156348,2.349073930768617,0.930092310542375,0.36716220114503234,0.18090489506721497,0.8291665613651276
0.631043880212187,2.95253226731605,2.3674719053874997,0.9334303042490851,0.3585908335082494,0.18090489506721497,0.8333463662548283
0.6307181221836595,2.952932405550854,2.3698815288226562,0.9338605760696141,0.3574655488328491,0.18090489506721497,0.8291665613651276
0.6303923641551321,2.9533325437856583,2.3722911522578127,0.9342908478901432,0.35634026415744885,0.18090489506721497,0.8291665613651276
0.6300666061266046,2.9537326820204624,2.3747007756929692,0.9347211197106722,0.35521497948204855,0.18090489506721497,0.8291665613651276
0.6102793674786062,2.970498609523466,2.4822020122831145,0.9524547017276833,0.30448422839422074,0.18090489506721497,0.8291665613651276
0.6044892673404398,2.9742581537102915,2.5091668204707247,0.9564690597838434,0.29161430325730037,0.18090489506721497,0.8184922830137794
0.5995507957485089,2.9782701705247585,2.5373627189865204,0.9604878934049549,0.27810234475019935,0.18090489506721497,0.8235016932079987
0.5936651874680686,2.982135093696445,2.5673145882829878,0.9645463961385701,0.26368791085194426,0.18090489506721497,0.8176513062701088
0.5880906252780793,2.985177528012378,2.592108783103516,0.9677419630069846,0.2517105841823961,0.18090489506721497,0.8003863598398211
0.5835895046912698,2.988369542469565,2.6143723277172164,0.9704814398479948,0.24092191592249235,0.1788380628068598,0.7111590021680161
0.5830738722192124,2.9886912120858624,2.61667843208209,0.9707557406008039,0.23980204032242183,0.16432851552963257,0.40053855309377556
0.5825582397471549,2.98901288170216,2.618984536446964,0.971030041353613,0.2386821647223513,0.1566326976332135,0.30050269130119855
0.5820426072750975,2.989334551318458,2.6212906408118375,0.971304342106422,0.23756228912228078,0.15876780133595148,0.22577843129274944
0.559448033204078,3.000052327469892,2.7144052388586237,0.9813143225815169,0.1921011122395539,0.16432851552963257,0.13071268023302485
0.5542501151336139,3.002254071068614,2.7257378622257975,0.9823838515262647,0.18653701355709135,0.16847261786460876,0.05548706622313622
0.5486507153396102,3.0044248580620034,2.7319323090046956,0.9829721818570933,0.18349631709145084,0.17112133847214075,0.026041443459689617
0.5446672994340551,3.0057646652119896,2.730618942291905,0.9828403927852772,0.1841397039830547,0.17676079273223877,0.01029389351606369
0.5403467756575399,3.007603911614634,2.7279836970164637,0.9825872462427113,0.18543273218119455,0.17676079273223877,0.01029389351606369
0.5346567437936105,3.0105972217636996,2.7247192890423335,0.9822739718539893,0.18703449629741128,0.1787822062980163,0.01029389351606369
0.5341198795302171,3.0107554888005867,2.724426496563893,0.9822472379259253,0.18717842119781175,0.18090489506721497,0.01029389351606369
0.5336843988450066,3.010850274538945,2.724081005529865,0.9822159945426635,0.1873483081788758,0.18090489506721497,0.01029389351606369
0.5332489212729743,3.0109450595996963,2.7237355169656943,0.9821847513827555,0.18751819394544642,0.18439290188207988,0.0
0.5260090767217129,3.013939487658238,2.723191278829619,0.9821387516209448,0.1877864291975082,0.1898236979245204,0.0
0.5126111262267017,3.0195581581825306,2.7224671678378027,0.982079396800807,0.18814367295734405,0.19566327449477533,0.0
0.50037388567336,3.0246794575689346,2.720815421696263,0.9819244657853121,0.1889548288909291,0.20576944947242737,0.0
0.49546141295811197,3.026932958757782,2.722305852940459,0.9820583378563167,0.18822175405031383,0.2073073952193915,0.0
0.48880239130267505,3.0295076024188687,2.7211712090068847,0.981945478042681,0.18877772788286049,0.20991353690624237,0.0
0.48181068752914885,3.032370782284652,2.7208439031436065,0.9819075196493433,0.18893706723635229,0.20991353690624237,0.0
0.4792840732854338,3.0335236471962412,2.7211505143102124,0.9819388370899647,0.18878698674555125,0.21092608034444227,0.006362822483233274
0.4786879511011909,3.0339085899415807,2.7216023324629446,0.9819835536233205,0.18856555453156493,0.21405762434005737,0.026041443459689617
0.478091828916948,3.0342935326869203,2.7220541506156772,0.9820282701566762,0.1883441223175786,0.21405762434005737,0.026041443459689617
0.45495721955077645,3.044289184837526,2.724050565277204,0.9822441342959314,0.18736916864515016,0.21405762434005737,0.03880094432560216
0.4489620262891569,3.046535947754679,2.723859255514181,0.9822121511593659,0.18746044173890344,0.21414534861493623,0.026374794880156163
0.4425753962985769,3.0488481936747127,2.723882607151074,0.9821928439320992,0.1874448712546452,0.21799357541619915,0.025250470631470963
0.43629562417686035,3.051966641559277,2.7275147976811063,0.9825343720140076,0.18566132308700878,0.21506535423508422,0.01029389351606369
0.42898066467304885,3.054697127997352,2.7282198488349567,0.9826135595224929,0.18531754560218267,0.21820172667503357,0.0
0.4216473039938374,3.057700086054567,2.728717752569095,0.9826724274710089,0.1850753200587657,0.21820172667503357,0.0
0.4174116417939984,3.0598684696449756,2.7300397697006575,0.9828015923231375,0.18442704654336523,0.21820172667503357,0.0
0.4168210462829531,3.060085843094372,2.729899558243037,0.9827886429201314,0.18449594280717943,0.21820172667503357,0.0
0.4162304507719078,3.0603032165437685,2.7297593467854164,0.9827756935171252,0.18456483907099366,0.2217769326654076,0.0
0.4156398552608625,3.0605205899931653,2.729619135327796,0.9827627441141191,0.1846337353348079,0.22234581410884857,0.0
0.38877066415379097,3.0712897020937735,2.7268021414276586,0.9824883327971464,0.18601523620924842,0.22234581410884857,0.0
0.3817625552279029,3.0743043381243615,2.7270320742653036,0.9825021577198126,0.1859008530016634,0.22234581410884857,0.0
0.3748878642250304,3.0771839311052975,2.727039074646785,0.9825003663300735,0.18589695156107647,0.22234581410884857,0.0
0.367955663022153,3.0802224793740303,2.7279105983318344,0.9825834213811204,0.18546920242083653,0.22234581410884857,0.0
0.36101468774768797,3.083045900821549,2.7273465069654255,0.9825283117487703,0.18574580672257654,0.22234581410884857,0.0
0.35671458596376876,3.084966068760137,2.7278413361162284,0.9825748134031439,0.18550281813617492,0.22234581410884857,0.0
0.3561802750938627,3.085112313820072,2.7276117192388147,0.9825553946267748,0.18561598123255021,0.22234581410884857,0.0
0.35564596422395667,3.0852585588800063,2.7273821023614007,0.9825359758504056,0.18572914432892548,0.22234581410884857,0.0
0.3531516737799625,3.086246618019178,2.7273124972905527,0.9825307903545399,0.1857635806318407,0.22234581410884857,0.0
0.3291825194135591,3.0964332290637806,2.729208506930903,0.9827031737830058,0.1848314361187372,0.22234581410884857,0.0
0.3204012145832552,3.1003067721951263,2.730247663763795,0.9827995433901685,0.18432090757749167,0.22234581410884857,0.0
0.3135636070704573,3.1031933017037,2.7302706577303577,0.9827973704984193,0.1843088034408553,0.22234581410884857,0.0
0.3069057641653075,3.1058309228331886,2.7297619921163747,0.9827502512761748,0.18455871539487115,0.22234581410884857,0.0
0.29997704505018824,3.1084874368787063,2.729500419395381,0.9827265859571959,0.1846873344560018,0.21608860118710033,0.013278831811849625
0.2936261789637197,3.111132674491728,2.730308919729803,0.9828080522263167,0.18429134335832398,0.21021814812017434,0.05522149879858662
0.29302143549165527,3.1113879728402076,2.7302369505604096,0.9828022955445959,0.184326873472569,0.20991353690624237,0.07308194372492754
0.2924166920195908,3.111643271188687,2.7301649813910163,0.9827965388628749,0.18436240358681402,0.20841105456360978,0.11619808145720928
0.2918119485475264,3.111898569537167,2.730093012221623,0.982790782181154,0.18439793370105903,0.20794566426453237,0.1752473227910782
0.26644794557834306,3.1220037447295375,2.7327191827503228,0.9830458934642651,0.18310986285313752,0.20991353690624237,0.19679573207149728
0.26041646817806047,3.1250443570680364,2.738358541396596,0.9835558152208632,0.18033680969302715,0.21056305821347748,0.19926450699567794
0.2533946714820434,3.128143356512481,2.7455918745870207,0.9841980868493323,0.17677781369702006,0.21342323385720538,0.19926450699567794
0.24856292874888128,3.1300729908704072,2.7518217153237137,0.9847428005108554,0.17371105711674806,0.21762491776747886,0.29614398411525544
0.24097989719994614,3.132720762174703,2.7612719217570847,0.9855470249658186,0.1690551666962036,0.23063400387763977,0.43633446246631086
0.2334708066266039,3.135477579081602,2.7703252343034417,0.9863057924399811,0.16459281943475026,0.23477809131145477,0.466972866654396
0.23152078209211926,3.136170593536989,2.772350806300188,0.9864747326763417,0.16359427471988186,0.23477809131145477,0.466972866654396
0.23081668622318358,3.1364432752889826,2.773022255885228,0.9865303181856397,0.16326320022826898,0.23248651003980753,0.47568087548665555
0.23011259035424791,3.136715957040977,2.7736937054702686,0.9865859036949379,0.1629321257366561,0.2241723158642457,0.48272039890289303
0.2125871904643361,3.1424922538579896,2.8070671783858074,0.9890677398841226,0.14643235519801429,0.21490201246193819,0.5550408352055057
0.19513108939806534,3.14773558345581,2.8399265093932042,0.9914562097290048,0.1301787559204704,0.21405762434005737,0.5964406098486651
0.18653130825048897,3.1505651789506914,2.8575044974785344,0.9925663758967281,0.12146046657346125,0.2134420194483366,0.6244483590126038
0.1796456881035293,3.1524453375052213,2.873061674063009,0.993483505700394,0.11373637371937743,0.20969721608526204,0.6244483590126038
0.1720087663232468,3.154640255575059,2.8958205022262993,0.9947050748765773,0.10242313793922572,0.20576944947242737,0.6270837086358154
0.16514927557439762,3.156015315815821,2.917186280519812,0.9957431609125524,0.09179123719565856,0.20368170212494105,0.6481293592792847
0.15810441808212433,3.157341146491964,2.9400833793589762,0.9966348427152174,0.08037891203886752,0.19914700319782505,0.6811087532169401
0.1511401459236932,3.158476277355587,2.9628183894442137,0.9973985122448562,0.06903815765759487,0.19132874207197784,0.7184501755646246
0.1441758737652621,3.159611408219209,2.985553399529451,0.998162181774495,0.05769740327632224,0.18545775315228571,0.7488754583990456
0.13755843626391612,3.160650357675078,3.007150378680727,0.9988665398447929,0.04692306554054063,0.18090489506721497,0.7976714402437209
0.12974146712961415,3.16116266832574,3.031368286981477,0.9993628878641013,0.03482474010572293,0.18090489506721497,0.7976714402437209
0.12295937001652234,3.161924184690209,3.0562781814985014,0.999720679413411,0.0223753845524779,0.18090489506721497,0.7976714402437209
0.11662385656374577,3.1624221353127235,3.081769724303853,0.9999239117192855,0.009631692664540375,0.18090489506721497,0.7965406482216322
0.11012475804930436,3.1625979167760376,3.109607971868408,0.9999592878133446,-0.004286847162668683,0.18458674817888834,0.7889194289074033
0.10377561936748504,3.1624206514833157,3.136295609112234,0.9998065614233714,-0.017629229345962855,0.18919306993484497,0.7815115415504597
0.10045172880753443,3.1625785919299503,3.1511844925059007,0.9996490552747952,-0.025071709876293383,0.18919306993484497,0.7661763191223144
0.09988171275712625,3.1625870061848227,3.153647176721571,0.9996164375977802,-0.026302575282312772,0.19333717226982117,0.7661763191223144
0.09931169263174022,3.1625954204998474,3.156109878542681,0.9995838196875853,-0.02753344948764448,0.19333717226982117,0.7661763191223144
0.07915303244452332,3.160942408473438,3.23718525104603,0.997634883990952,-0.0680197951495192,0.19333717226982117,0.7504287868738174
0.07039969667854057,3.159655535888296,3.2706944741061883,0.9963677953145899,-0.08472545655715479,0.19333717226982117,0.7504287868738174
0.06330702245816881,3.1589619183886914,3.297477978870379,0.995150482612719,-0.09806122315137733,0.19333717226982117,0.7424283716993155
0.05609516055251855,3.1578417214276024,3.3202609299451105,0.9939671533730138,-0.10939065748775176,0.19634195165584775,0.7232630519014025
0.04944385515775722,3.1566983148240766,3.342113677336358,0.992715066382069,-0.12024466759949384,0.19892182953265328,0.7086602988541789
0.042628263056978005,3.1551078257163274,3.3667406535384896,0.9911582643317498,-0.13245890112793215,0.20162534713745117,0.6782599666397059
0.03702574102732186,3.1536615082043387,3.3860025259092517,0.9898366089163163,-0.14199839122514252,0.20568582743165553,0.6244483590126038
0.03639481562592207,3.153578702632869,3.388341981319343,0.9896684002573309,-0.1431559254307224,0.21855829642720426,0.558748238405571
0.035763890224522275,3.1534958970613998,3.3906814367294347,0.9895001915983456,-0.1443134596363023,0.22704532685970485,0.5031758456463096
0.030915277408445543,3.1520672983005,3.405009435857594,0.9883707791309514,-0.15138728743154506,0.2356434426534966,0.41973021328449245
0.007607955001657429,3.144544674452838,3.4684977316120174,0.9831338233194523,-0.18269341383764387,0.24308234453201294,0.39512044310465255
0.0006999720176100034,3.1422708677269915,3.4809969530524856,0.9819697804530448,-0.18883341611255033,0.24578074974777592,0.3882351204752922
-0.007604029333007153,3.139231225071863,3.493729144123089,0.9807481301909656,-0.19508093548104163,0.24722643196582794,0.35116168479249854
-0.016258848927793237,3.1356892083622276,3.5057279025285575,0.9795664096337149,-0.20096255887732425,0.2543931098762949,0.3065350182720311
-0.024297963697950058,3.132457528157962,3.517729660126331,0.9783475116550179,-0.20683815479897297,0.25551462173461914,0.23431859369213606
-0.032868987375894936,3.12888268431813,3.530079475851443,0.9770544864170223,-0.21287599428190107,0.25551462173461914,0.12552665536071078
-0.034263137785285516,3.1282911748033193,3.5320631584639712,0.976842924367242,-0.21384498499122798,0.26380279660224915,0.0
-0.03505378132204683,3.127943127647199,3.5332376694077605,0.9767172395451383,-0.21441861892331313,0.26380279660224915,0.0
-0.035844424858808156,3.127595080491079,3.53441218035155,0.9765915547230347,-0.21499225285539827,0.2648367344353818,0.0
-0.06210143036099015,3.1155771368817815,3.547438293499861,0.9751580305908335,-0.2213453921383446,0.26791893740133227,0.0
-0.07075357026536942,3.11170408828222,3.5444602811278862,0.9754874586874005,-0.21989333934163385,0.26794689893722534,0.0
-0.08072496803112444,3.1075352732197405,3.543595301912266,0.9755941446715227,-0.21947405719897406,0.2649481428009826,0.0
-0.08965312820553034,3.1038692543540787,3.542483462296535,0.9757194942506847,-0.2189324543307422,0.26793267848572994,0.0
-0.0978384285855837,3.100074579899279,3.5406647729431393,0.975918233213861,-0.21804511146762157,0.26794689893722534,0.0
-0.10582914920780875,3.0962154018829495,3.5405505707047906,0.9759314965196026,-0.21798956694718133,0.26794689893722534,0.0
-0.10701656191968324,3.0956130322994557,3.5405461897864363,0.9759329139106153,-0.2179876391406053,0.266181160337401,0.0
-0.10757905030389553,3.0953766055290552,3.5405347873185504,0.9759340942142704,-0.21798206116057683,0.2659920584586898,0.0
-0.10814153868810782,3.0951401787586543,3.540523384850664,0.9759352745179254,-0.21797648318054838,0.2653881921310966,0.0
-0.1087040270723201,3.094903751988254,3.540511982382778,0.9759364548215804,-0.21797090520051993,0.2574756127782181,0.0
-0.14579791186630003,3.078882128153641,3.5419730596192514,0.975774693600823,-0.21868329881700707,0.31602157171175554,0.0
-0.15181594001429743,3.0761750610153293,3.5420726744281272,0.9757644783348275,-0.21873205201448087,0.45443105697631836,1.0703556346285874
-0.1581665689761896,3.0736419362692238,3.5411792481518893,0.9758586824826567,-0.21829538121361675,0.4363766396890556,1.2184019163386413
-0.1691308919117339,3.068220960384704,3.5449826339322934,0.9754332473095143,-0.22014883978993507,0.4168196470232032,1.2532160850988472
-0.17842910412985816,3.0636839387907138,3.5542315201394326,0.9743941875602301,-0.22465486985385516,0.3429548716820472,0.8909268370448873
-0.1822969460345099,3.0619120119931416,3.5596758948610105,0.9737779369220013,-0.22730626204529383,0.254332238270672,0.45122530609369277
-0.1830129377637591,3.0616751807867817,3.5608726732809988,0.973640795379105,-0.22788869662878003,0.18295193123508363,0.25428590060053097
-0.1837289294930083,3.061438349580422,3.562069451700987,0.9735036538362086,-0.22847113121226623,0.14554580383244206,0.05300428090798971
-0.18444492122225747,3.061201518374062,3.5632662301209757,0.9733665122933124,-0.22905356579575242,0.10216713696718216,0.0
-0.22791815932082124,3.0387749849951793,3.644827679528494,0.9632545930375442,-0.2685566801649299,0.008866765954088042,0.0
-0.235007626511354,3.034624723920471,3.6546716382152478,0.961920889552177,-0.27329446837242183,0.0,0.0
-0.2405312953051807,3.0313773149488683,3.6633655160428193,0.9607199450379617,-0.2774721674519196,0.0,0.0
-0.24497871269627405,3.0286094283893368,3.670554035216839,0.9597065053428511,-0.28092053742120376,0.0,0.0
-0.2486303898682507,3.0261755246513533,3.677390387190075,0.95873312780461,-0.28419710263126685,0.0,0.0
-0.25122910598327824,3.024388816214497,3.6825818690275827,0.9579942345973316,-0.28668537485129886,0.0,0.0
-0.2515359873256094,3.0242122041647055,3.6831851395706203,0.9579081984603725,-0.2869744713959882,0.0,0.0
-0.25184286866794053,3.0240355921149136,3.683788410113658,0.9578221623234132,-0.28726356794067753,0.0,0.0
-0.2521497500102716,3.023858980065122,3.6843916806566956,0.957736126186454,-0.28755266448536687,0.0,0.0
-0.25989923487124134,3.0197072234477216,3.6952390932215766,0.9561650191126857,-0.29274367669468676,0.0,0.0
-0.2598916590155309,3.0197804131438275,3.6954165345415695,0.9561392283256813,-0.2928285639084057,0.002818934274700656,0.12219897357166616
-0.2593802866738148,3.020200964321319,3.6958336611787788,0.9560718157096073,-0.2930260365201906,0.007919986065054443,0.2037894707508833
-0.25884212001641405,3.020452891697723,3.6961030818637295,0.9560290035235146,-0.29315380547119074,0.015071680725768474,0.3861218399258439
-0.2584860226548608,3.0204436993563917,3.6958798098721783,0.9560618159325079,-0.29304710465395956,0.027985663180199495,0.6244483590126038
-0.25867978306372685,3.0204064643404296,3.6984792565992453,0.955675281275842,-0.2942879648669646,0.034798025077310946,0.6244483590126038
-0.25892313137958095,3.020394381021309,3.7014212341142314,0.9552375538115567,-0.2956922548595254,0.040005750954151154,0.5623556449872202
-0.25916647969543505,3.020382297702189,3.7043632116292176,0.9547998263472716,-0.2970965448520861,0.03912053149536088,0.46590122616199214
-0.25940982801128915,3.020370214383069,3.7073051891442037,0.9543620988829864,-0.2985008348446468,0.03171756491065025,0.34732114328526326
-0.2646444495229256,3.0163009463630406,3.7827082073185405,0.9424253412198519,-0.33425849534603685,0.03586165979504585,0.3220657068949566
-0.26630549225202005,3.014865631589223,3.802509765017661,0.9390813356045574,-0.34357693359869523,0.03858053010106378,0.29916565784573296
-0.26801182302854515,3.013191078319313,3.8165049904270036,0.9366642390226444,-0.3501435654689963,0.044149842113256454,0.2535270090246254
-0.2688333260635673,3.0126784745114112,3.8200699191963867,0.9360369670035208,-0.3518119531618999,0.051606664400765064,0.18978696585719287
-0.2700277563326507,3.0117746232048743,3.826882727907124,0.9348316155263819,-0.3549978524468104,0.05302381647938111,0.13627430722117423
-0.2708250723963126,3.0113319263906657,3.8366013856725942,0.9330928919598238,-0.3595352799517971,0.05589884690446291,0.13627430722117423
-0.2709293023337982,3.01125576513921,3.8378915155247526,0.9328602518514485,-0.3601369086669829,0.05737064232690115,0.1520218536257744
-0.27098451383166394,3.011207186654459,3.838571032046709,0.9327373983881736,-0.3604536646056706,0.06346137798578981,0.13123458988677797
-0.27103972493483197,3.0111586085169875,3.839250543710916,0.9326145458031574,-0.36077041827992345,0.07648088505701843,0.02916390459558202
-0.27109493603800006,3.0111100303795157,3.839930055375123,0.9324916932181412,-0.36108717195417633,0.10124087584072468,0.0
-0.2777195682769978,3.0052284408062016,3.863912224523309,0.9280948731431174,-0.3722425081171436,0.14865714045692427,0.0
-0.2796527084683632,3.0034041427015206,3.8647817297047835,0.9279311197677119,-0.3726452288479292,0.187194522765794,0.0
-0.281379094376754,3.001984854589627,3.8647264496916405,0.9279350537443777,-0.3726170247119886,0.21010958903997418,0.0
-0.28348737445839656,3.000241056127723,3.8636215273051673,0.9281305581039341,-0.37210022729934555,0.24807503053942523,0.0
-0.2869063413605549,2.997142285466054,3.862529945204783,0.9283226538082777,-0.371589262235948,0.25965869426727295,0.0
-0.2900045218466392,2.9942949075861924,3.8621590564200416,0.9283862867935456,-0.37141499717342,0.25965869426727295,0.0
-0.2919079502655866,2.9925372997500923,3.862315751687862,0.9283567430555345,-0.37148755620502033,0.2613950428843197,0.0
-0.293811378684534,2.9907796919139917,3.8624724469556826,0.9283271993175235,-0.37156011523662064,0.25965869426727295,0.0
-0.29571480710348136,2.9890220840778916,3.862629142223503,0.9282976555795124,-0.3716326742682209,0.25553589704057766,0.0
-0.3221687719338939,2.9649419100274272,3.8614967882081315,0.9285628493808806,-0.3711289894770249,0.2502849743771045,0.0
-0.3292577131958793,2.9584702826369065,3.86151095374899,0.9285645649567921,-0.37113730268856676,0.23477809131145477,0.029988525173185943
-0.3365835332606093,2.951920456910229,3.8617582008714626,0.9285185416517548,-0.37125203837307913,0.18403826523285166,0.24964957189333115
-0.34305274718004125,2.9461188217771577,3.8618043059517846,0.9285109354851088,-0.3712738238023276,0.09382089478490029,0.4749569536975906
-0.3482834469842429,2.9413146664358663,3.8621291534136772,0.9284502407718991,-0.37142447958354635,0.05496949260839848,0.4833331985390751
-0.35099705662458586,2.938790749853093,3.8628410854829256,0.9283179490314647,-0.3717549454219826,0.012841741559796267,0.48272039890289303
-0.35136972000475963,2.9384541169384515,3.863008079095414,0.9282869011160455,-0.3718324539763392,0.0,0.4920222418677389
-0.35174238338493347,2.93811748402381,3.863175072707903,0.9282558532006262,-0.3719099625306958,0.0,0.4299110668190891
-0.35211504676510724,2.9377808511091685,3.8633420663203912,0.928224805285207,-0.3719874710850524,0.0,0.144255861446819
-0.36561804135613574,2.925945299213659,3.8905763898474275,0.9230757035774363,-0.3845933019398543,0.0,0.007720208766138506
-0.36771769928625947,2.9238770547443598,3.901645989035686,0.9209310947178837,-0.3896956481614101,0.0,0.0
-0.36938303408605533,2.9221193149706695,3.9158898165355787,0.9181328997914892,-0.3962447240822875,0.0,0.0
-0.3700382498073447,2.9215292571136646,3.9242466796860556,0.9164697308035266,-0.4000778375783444,0.0,0.0
-0.3700876631937204,2.9214413171322122,3.9265373989745163,0.9160105148706544,-0.40112709512779215,0.0,0.0
-0.36992457914576654,2.921519399273354,3.925840939922563,0.9161497723339422,-0.4008079264781095,0.0,0.0
-0.36989471106722666,2.9215347142264743,3.92565499232734,0.9161869349226874,-0.4007227039354095,0.0,0.3573078203641926
-0.3698648429886867,2.921550029179594,3.9254690447321168,0.9162240975114325,-0.4006374813927095,0.0,0.6105726782378255
-0.36959820599741733,2.9218316911281472,3.9246779765765525,0.9163819288400665,-0.40027480654082404,0.0,0.6244483590126038
-0.36950218604596163,2.921910372194287,3.9264610108014653,0.9160236795145296,-0.40109116482686735,0.0,0.5647420460059199
-0.3700398752419941,2.9218599421660247,3.9422715949924645,0.9128110539414596,-0.4083140113377887,0.0,0.642598004800605
-0.3706176458419446,2.922124504712808,3.968995814101438,0.9072865001848714,-0.4204802022085571,0.0,0.9100794358913101
-0.37073352794524506,2.921458210137789,3.992468835475424,0.9022897029636513,-0.43109963701504106,0.0016005626580636715,1.111962981984705
-0.3709965807879548,2.9209672997042997,4.014405044943907,0.8974850773951747,-0.4409590326860421,0.00270891934633255,1.3415978178825916
-0.3713845733269493,2.9202317695501145,4.040002928380378,0.8917867942385574,-0.45241906845337815,0.00270891934633255,1.5938616394452774
-0.3714725770648787,2.9202171562099255,4.043851537613328,0.8909136537108755,-0.4541338354606116,0.0,1.648100185394287
-0.37155109000924236,2.9202396516635583,4.04676382614798,0.8902508950344225,-0.45543038397986774,0.0,1.5657340018088144
-0.371629602953606,2.9202621471171915,4.049676114682631,0.8895881363579695,-0.4567269324991238,0.0,0.9264803074212037
-0.37398154089543884,2.9158944718844593,4.237541703462555,-0.8428296839348198,0.5381532985110695,0.0,0.22376181797407657
-0.3745160133735438,2.914693803087059,4.290338049491486,-0.8282716294023371,0.5601718257487114,0.0,0.0
-0.37490237324219644,2.913561241975536,4.353160894806379,-0.8103291170762553,0.5859511767744059,0.0,0.0
-0.3750497887832949,2.912921427055559,4.388385192760843,-0.7998851266402732,0.600131964588544,0.0,0.0
-0.3749417035202626,2.9123163730441055,4.408507216821346,-0.793811373684152,0.6081526064723912,0.0,0.0
-0.3750476592967574,2.9124499126874186,4.4199712946297245,-0.7903126623672304,0.6126929516778896,0.0,0.0
-0.37510518089770284,2.912548310405107,4.420548283962125,-0.7901353692674054,0.6129205381908037,0.0,0.0
-0.37509508469445224,2.9125576486239737,4.420867825324606,-0.7900373612506167,0.6130467155819601,0.0,0.0
-0.37508498849120164,2.9125669868428403,4.4211873666870884,-0.7899393532338281,0.6131728929731165,0.0,0.0
-0.37502354624262485,2.911995861149864,4.413175973603159,-0.7923903250181463,0.6100045956912531,0.0,0.0
-0.3749391886006782,2.912079758134088,4.413989135386227,-0.7921421403956156,0.610326636721304,0.0,0.0
-0.3749172542322972,2.9122166047343105,4.413868131528139,-0.7921788642041055,0.6102785548758131,0.0,0.0
-0.3749694010749294,2.9122371601403736,4.413666833660102,-0.7922405701283691,0.6101990401482906,0.024804195277935082,0.0
-0.3749516211385228,2.912146698608036,4.4138147889414885,-0.7921953714025605,0.6102576038341314,0.05438390367539015,0.0
-0.3749264050107511,2.9121010568381527,4.413602526473506,-0.7922598972778441,0.6101733411516809,0.0736988443475505,0.0
-0.3749699421889241,2.912037578358508,4.414169159880611,-0.792086791066871,0.6103976211030351,0.08144667744636536,0.0
-0.3750217131293766,2.911944354058179,4.414965321814066,-0.7918434443316001,0.6107126587585467,0.08425418597897827,0.0
-0.37507348406982904,2.91185112975785,4.41576148374752,-0.7916000975963293,0.6110276964140584,0.08559076488018036,0.0
-0.37663106222425324,2.9067348751302258,4.416360640246175,-0.7914042429023237,0.6112549539240095,0.08559076488018036,0.0
-0.37788854166086316,2.902265476926762,4.417492782201831,-0.791069306837704,0.6117115102993524,0.08559076488018036,0.0
-0.3792793588580731,2.8982729532636826,4.417582364616977,-0.7910445683405186,0.6117490010555916,0.0942912104399983,0.0
-0.379844586974302,2.8945660018568593,4.420100235796729,-0.7902740364289568,0.612744581960925,0.1035217776701992,0.0
-0.380455107826441,2.8921880833302716,4.4214776594558325,-0.7898501281982161,0.6132873749293862,0.11254614323304708,0.0
-0.3812896579980281,2.889828777772046,4.421753793195592,-0.7897629933732586,0.6133945163963096,0.11459941416978836,0.0
-0.38179206274604144,2.888384267152872,4.420563033581514,-0.7901272529166291,0.6129235756688162,0.11459941416978836,0.0
-0.3833534547948441,2.8841802320979055,4.416980058665053,-0.7912197812670873,0.6115038066370427,0.11773599473035562,0.0
-0.38428495173473404,2.8797710771954823,4.417450214866246,-0.7910820773624626,0.6116944810562214,0.12166541069773576,0.0
-0.385103979511757,2.8773319801354957,4.416650267064835,-0.7913277687620431,0.6113788643109032,0.1193812461346935,0.0
-0.38523482067674636,2.8768441449595814,4.41670281037758,-0.7913119868782955,0.6113998701889923,0.12174092826117798,0.0
-0.3853656618417357,2.8763563097836666,4.416755353690324,-0.7912962049945478,0.6114208760670814,0.12288759648799896,0.0
-0.3888424831060668,2.8645014407733465,4.417540499625684,-0.7910583805538459,0.6117332211658482,0.12245651288660729,0.0
-0.3903071761411378,2.8591563127087642,4.417231394694224,-0.7911523099789866,0.611610485275384,0.11937742606420787,0.0
-0.39122094218349457,2.8553016285929305,4.417878954626017,-0.7909545809212122,0.611866875212204,0.11702451656612045,0.0
-0.3921985848973853,2.852589482931401,4.416466257692775,-0.7913854227602282,0.6113071431692664,0.10916134733654234,0.0
-0.3923021845914902,2.8522232788476414,4.416462141493868,-0.7913867394886152,0.6113055596826081,0.09802304208278656,0.015150522151631879
-0.39240578428559514,2.851857074763881,4.416458025294961,-0.7913880562170021,0.6113039761959499,0.08094018074215532,0.043713680014224945
-0.39547854747121053,2.8410259373298663,4.415812158491645,-0.7915863272033912,0.6110490748009012,0.07243016454463165,0.05753654688596725
-0.3963324990080339,2.8374075865296025,4.416995437506278,-0.791225858607013,0.6115182218363686,0.06901440024375916,0.06817211866206929
-0.39713894017466544,2.8353422663795875,4.416242038743674,-0.7914547410484513,0.611219027571673,0.06486228795354615,0.0890316467732191
-0.39763508733020037,2.833526500756563,4.417244196372336,-0.791148136892789,0.6116153496512948,0.058608467222684084,0.0970790747489746
-0.39798002877011723,2.831635950482614,4.4212238987101955,-0.7899301454730152,0.613188868673396,0.056582119315862656,0.1248104298598385
-0.39838643446079813,2.8300950160446985,4.425389160495318,-0.78865095576418,0.6148323341816672,0.056582119315862656,0.1423774874716794
-0.39900339005849705,2.8284997127770737,4.429975053360382,-0.7872376390545807,0.6166379015936901,0.056582119315862656,0.16776940003037452
-0.3990472687817236,2.8283291793466474,4.430482770398901,-0.7870810401294788,0.6168377014550954,0.056582119315862656,0.20285073087031688
-0.3990848547097558,2.82818034721886,4.430920149769399,-0.786946125481794,0.6170098133890781,0.056582119315862656,0.24439294540598663
-0.399122440637788,2.828031515091072,4.431357529139897,-0.7868112108341092,0.6171819253230607,0.056582119315862656,0.29308907046638943
-0.4010244124440447,2.8210871459692455,4.454594980688353,-0.779586459270218,0.6262810518467716,0.056582119315862656,0.30949737429618834
-0.40117543320393156,2.8191679192345753,4.467101447765047,-0.7756573034309331,0.6311456176661394,0.056582119315862656,0.30949737429618834
-0.40225217863069435,2.8159643150825935,4.4823073529831605,-0.7708350963984684,0.6370235596289154,0.056582119315862656,0.30949737429618834
-0.40287095748197554,2.8130552749530975,4.497212221094494,-0.7660673115019689,0.6427512139537678,0.056582119315862656,0.30949737429618834
-0.4035539442798663,2.809408597480701,4.513980650120843,-0.7606511451359462,0.6491511302853097,0.056582119315862656,0.30949737429618834
-0.40429959157089024,2.8059903664400583,4.528064992684943,-0.7560614975220736,0.6544921524138023,0.056582119315862656,0.30949737429618834
-0.4042462404326322,2.8055867973618187,4.5294004309593054,-0.755624587294504,0.654997083174139,0.056582119315862656,0.30949737429618834
-0.4041886238279422,2.8051995576655684,4.530669252257776,-0.755209449770542,0.6554768069571112,0.062403899727968365,0.30949737429618834
-0.4041310072232521,2.8048123179693176,4.531938073556247,-0.7547943122465802,0.6559565307400835,0.06664374147843553,0.3027583170437148
-0.40589404123192835,2.7942300891901275,4.584089253807282,-0.7374325613275078,0.6754105937953705,0.07205074962486566,0.2822116653430873
-0.40618990820986167,2.7913693658849295,4.597071354900111,-0.7330340113079509,0.680184043984643,0.07724953280537611,0.25448173518346107
-0.4063812845026483,2.789084738185503,4.6055969697103585,-0.7301276742076278,0.6833024574410196,0.08144667744636536,0.2465071603655815
-0.4065494741603458,2.7874007929828055,4.612633884583025,-0.7277171561787129,0.6858654177157362,0.08144667744636536,0.2465071603655815
-0.40683616762340885,2.784763324501481,4.622306105623666,-0.7243885127422797,0.6893736346620394,0.08144667744636536,0.2465071603655815
-0.40707858521706664,2.781905457500125,4.630324592461365,-0.7216183100015342,0.6922718366113755,0.08144667744636536,0.2465071603655815
-0.40711481891340806,2.7814156106554435,4.631514418074489,-0.72120690823614,0.6927015590515694,0.08144667744636536,0.24978311290557775
-0.407131220983063,2.7811747833270726,4.632077875843069,-0.7210120740801637,0.6929050514950807,0.08144667744636536,0.2849410657641589
-0.40714762305271796,2.780933955998702,4.632641333611648,-0.7208172399241874,0.6931085439385921,0.08144667744636536,0.3223448541852137
-0.40765372859310256,2.7691308763952422,4.665032410979514,-0.709501451489774,0.7046946535257006,0.08541201692738597,0.37112907425215413
-0.40780848522934005,2.7662632401452663,4.675771851546389,-0.7057067622952496,0.7084938329781649,0.08559076488018036,0.41477884461780695
-0.4080094621317519,2.763390876053533,4.687427802757106,-0.7015647997308755,0.7125936885925513,0.08559076488018036,0.43547777384519576
-0.40815696233670123,2.7608904610825267,4.697821904491583,-0.6978516182789305,0.7162297698527317,0.08559076488018036,0.43547777384519576
-0.407989596755078,2.7575791391257005,4.71401824808044,-0.6920294167874075,0.721858350886152,0.08302896657494371,0.43547777384519576
-0.40780396882111924,2.7543115526172723,4.728862718004834,-0.6866542558898142,0.7269765731644723,0.08144667744636536,0.44392301998629513
-0.40774071608248125,2.7514342212774894,4.742016134374964,-0.6818407368401125,0.7314575677212372,0.0799364479855069,0.48272039890289303
-0.4075599964539678,2.7482896456294,4.757716984175929,-0.6760376239897321,0.7367442165547268,0.07365923385625572,0.5576525024362232
-0.4073792768254543,2.7451450699813105,4.773417833976893,-0.6702345111393517,0.7420308653882165,0.07315848767757416,0.5772057056427001
-0.40719855719694076,2.7420004943332215,4.789118683777858,-0.6644313982889714,0.7473175142217062,0.07315848767757416,0.5772057056427001
-0.40694128226545756,2.737628271877086,4.8119335453226535,-0.6558773171633476,0.7548640006580919,0.07315848767757416,0.5681973868046829
-0.4067919435913685,2.7346921807714635,4.82938028801413,-0.6492680243169681,0.760557297332086,0.07315848767757416,0.5614581733942031
-0.406702294826603,2.733271394199198,4.845081317162675,-0.6432758914231601,0.7656292054282416,0.07315848767757416,0.5614581733942031
-0.4062194152530347,2.7305443112473067,4.86583867713035,-0.6352956165206142,0.7722647504316329,0.07315848767757416,0.5817336808481771
-0.40584345156912915,2.7284114549976612,4.8845928288531555,-0.6280266399682178,0.7781884623253548,0.07315848767757416,0.598742798439388
-0.4057429722460377,2.7245304973868736,4.904768160419351,-0.6201398768761405,0.7844779640334923,0.06955434532143008,0.6223965677174542
-0.40577004748662887,2.724266041267129,4.9065251542226855,-0.6194494501239702,0.7850211488035493,0.06487030535936356,0.6805832648046382
-0.40579712272722007,2.724001585147384,4.90828214802602,-0.6187590233718001,0.7855643335736064,0.06487030535936356,0.6740454721126189
-0.4058241979678112,2.7237371290276395,4.910039141829354,-0.6180685966196299,0.7861075183436634,0.06895807261322301,0.6716910123825073
-0.4027740402917417,2.711673677668262,4.997823685321201,-0.582979822007065,0.8124693833069585,0.06575736589912033,0.6716910123825073
-0.4016652118317625,2.7085200989533478,5.0318214687202065,-0.5690894867782207,0.822267754856832,0.06487030535936356,0.6716910123825073
-0.4001849485253885,2.704515967170551,5.070484082323342,-0.5530880754508937,0.8331138329170542,0.06487030535936356,0.6716910123825073
-0.3975896968040201,2.7018488712071567,5.100999235466399,-0.5403145676825339,0.8414579280632725,0.06487030535936356,0.6716910123825073
-0.39636721473487024,2.696974202444051,5.136654562963854,-0.5252257295759861,0.8509521370953764,0.06487030535936356,0.6716910123825073
-0.39458445946373677,2.6935132275227907,5.167965292085139,-0.5118401692538205,0.8590704905623324,0.06487030535936356,0.6731497665304675
-0.3944597822965465,2.6932772807476377,5.170255635239125,-0.510855001835124,0.85965430397091,0.06487030535936356,0.6864060159766425
-0.3943351051293562,2.693041333972485,5.172545978393112,-0.5098698344164276,0.8602381173794876,0.06487030535936356,0.6716910123825073
-0.39421042707086346,2.6928053855105762,5.174836337920493,-0.508884659954885,0.8608219349616787,0.06487030535936356,0.6716910123825073
-0.3940857499036732,2.6925694387354233,5.17712668107448,-0.5078994925361886,0.8614057483702563,0.06487030535936356,0.6716910123825073
-0.38399478813427473,2.6774624485879905,5.341201653395599,-0.43560382259300723,0.9001304382353822,0.06487030535936356,0.6716910123825073
-0.38163185799773147,2.674524515165973,5.373032100099757,-0.4212239479241744,0.9069498802505308,0.06487030535936356,0.6716910123825073
-0.37870775544422763,2.6713471307562946,5.410997928645753,-0.40393199591357587,0.9147808241415498,0.07315848767757416,0.6550577539226287
-0.37594665814970046,2.6682478245729953,5.444122695779533,-0.3887265713260674,0.9213456860461128,0.07730258256196976,0.6389762433828298
-0.37332359721696967,2.6659429669719157,5.478965793816344,-0.3726176226645894,0.9279789808351387,0.07977927480688066,0.6244483590126038
-0.3726453907758465,2.6653634712149104,5.486124772236881,-0.36929376197169417,0.9293073411822945,0.08732683538307155,0.5772057056427001
-0.3723910912611204,2.665194566668984,5.488447970284178,-0.3682137435352936,0.9297349647844397,0.10027406528508334,0.5286028648082507
-0.3721367917463943,2.6650256621230572,5.4907711683314755,-0.36713372509889314,0.9301625883865849,0.10390503649371981,0.47611638070205
-0.37188249223166825,2.6648567575771307,5.493094366378772,-0.3660537066624926,0.9305902119887302,0.10631122440099716,0.466972866654396
-0.36162489356580685,2.65573598650357,5.580838190256744,-0.32488768773716076,0.9457487592215617,0.10631122440099716,0.4636931869877277
-0.3581095636355206,2.6529672190779965,5.598557739314062,-0.31649609691160274,0.9485905460162615,0.10631122440099716,0.45122530609369277
-0.35479515744500634,2.6505196168459046,5.611790665003762,-0.3102131046527432,0.9506644706092168,0.10631122440099716,0.43319773820389784
-0.3512060846740183,2.6472749684858665,5.6271623949977085,-0.30289700606735337,0.9530195931563086,0.10631122440099716,0.3836402906203271
-0.34774650117299377,2.6452143188266666,5.643009806388282,-0.2953366125693598,0.9553912799943085,0.10632087089824618,0.34095581041584233
-0.3462180413601156,2.6440078715659787,5.650354495247202,-0.2918263252293725,0.9564701401106185,0.1110353997563328,0.323040604718188
-0.345951225217965,2.6438110381638893,5.6517116433634405,-0.2911771690425133,0.956667771440799,0.11459941416978836,0.29715702714713094
-0.3456844090758144,2.6436142047618003,5.65306879147968,-0.29052801285565405,0.9568654027709795,0.12328666338307735,0.2764857989734839
-0.33605826944833994,2.6371175021391267,5.687778844652333,-0.27387879708384016,0.9617636172952542,0.12892978065896082,0.2550419662927858
-0.33215859768094547,2.634484188615536,5.696143335998508,-0.26985415104798227,0.9629008783842857,0.1351658755653676,0.23134479373288877
-0.32793421955212726,2.631831686407562,5.704099068051052,-0.26602170362541827,0.9639665856096189,0.15189623832702637,0.14978809214494723
-0.3236372951211512,2.62938432136635,5.711055528093529,-0.262666983788536,0.9648852293294832,0.1601391813213655,0.12035480876299123
-0.31924333518162307,2.6265926514292426,5.716958744348771,-0.25981803474412146,0.9656568882455937,0.16061057180544752,0.0890316467732191
-0.3147708340239121,2.6240167465251996,5.720495491914643,-0.25811010190693334,0.9661152634467943,0.16368975122537915,0.0890316467732191
-0.3100747582138848,2.621277670884179,5.723009095310239,-0.2568956607913038,0.9664388088046811,0.16621449422867834,0.0732840932905674
-0.3060984377923206,2.618709280801189,5.72450819556847,-0.2561709602809524,0.9666302101898052,0.17120409299098718,0.06290447847967594
-0.29963627000821724,2.614879233366673,5.728127668008765,-0.2544205615310479,0.9670898178418685,0.17647065176554338,0.05753654688596725
-0.2956576091695844,2.612730014040636,5.730611296983195,-0.25321948933233906,0.9674052820800687,0.18090489506721497,0.02483449416671528
-0.29504581383360406,2.612290878192333,5.730793359162839,-0.2531315654162719,0.9674288683133374,0.18378242607961173,0.0031461201392084604
-0.2944340184976237,2.61185174234403,5.7309754213424835,-0.25304364150020475,0.9674524545466062,0.18919306993484497,0.0
-0.2801922122660856,2.603474178258058,5.733749706045486,-0.2517018734404799,0.9678043355308785,0.19364901179278649,0.0
-0.27469224956939975,2.600216452199219,5.733476195041671,-0.2518342745091453,0.9677701001632711,0.20034238852309702,0.0
-0.2689934088279169,2.5968098945409466,5.733924875164247,-0.2516171077424652,0.967826376816272,0.20418427878630055,0.0
-0.26415158822205403,2.593979747524331,5.734059426212653,-0.25155188111236415,0.9678428597187612,0.20576944947242737,0.0
-0.26362394117730636,2.5936696263837358,5.733970085518747,-0.2515950962625589,0.9678315507964779,0.20576944947242737,0.0
-0.2630962941325587,2.5933595052431406,5.733880744824841,-0.25163831141275367,0.9678202418741945,0.20877091672164494,0.0
-0.262568647087811,2.593049384102546,5.733791404130934,-0.2516815265629484,0.9678089329519112,0.21921925104791368,0.0
-0.23957944380103494,2.5797028748468116,5.733296038691607,-0.2519213771644773,0.9677471376139569,0.22234581410884857,0.0
-0.23375891372610855,2.5761256955842664,5.733409377515445,-0.25186655883843406,0.9677615035138736,0.22234581410884857,0.0
-0.22696201347804681,2.5721496491111884,5.733305730349103,-0.251916705555976,0.9677484272567214,0.21573862984343486,0.0
-0.22049172577707649,2.5682987159985333,5.731716906166007,-0.25268544253125924,0.9675480938516009,0.20413314859508783,0.0
-0.21481302603719324,2.5650300524781136,5.731943561696588,-0.25257565609511934,0.9675762077099572,0.18812393069765654,0.0
-0.20750151635412267,2.5606875284481103,5.732541759134962,-0.25228563774923596,0.9676493841137184,0.1747947291359237,0.0
-0.20661483516329132,2.5601312182812923,5.732545924312745,-0.2522835328714276,0.9676495657163348,0.15995557837060298,0.0
-0.20613356672887978,2.5597828760427794,5.732503383956874,-0.25230409989694713,0.967644141872718,0.15375657898591255,0.0
-0.20565229829446824,2.5594345338042666,5.732460843601003,-0.2523246669224667,0.9676387180291013,0.1472561335958651,0.0
-0.19277251094148332,2.5520197628663173,5.7315835893622005,-0.25274955011004524,0.9675297650388964,0.13588818952471715,-0.0180027152410157
-0.18398478617725508,2.5469377466430476,5.73005403924991,-0.25348967576150044,0.9673371676676642,0.12288759648799896,-0.09414962990213126
-0.18069833990695935,2.5450004741026553,5.7318731881629885,-0.2526098646972612,0.967567943791036,0.12288759648799896,-0.13293571663524142
-0.17774060640811412,2.5432534449818602,5.732794217096346,-0.25216425830882716,0.9676841693262519,0.12288759648799896,-0.17683369901413568
-0.17415234504633642,2.541418882169923,5.729612616384152,-0.2537033822220131,0.9672819977389105,0.12288759648799896,-0.23904810041476734
-0.1706351248597989,2.5393949094581703,5.72303754085313,-0.2568819347078341,0.9664425362104416,0.12288759648799896,-0.28191467648896207
-0.16786871558973646,2.5377199677678104,5.71661690811433,-0.2599803823188354,0.9656025594771064,0.12396011297596689,-0.3094363331794739
-0.16544266146036063,2.536144505384708,5.709768821197191,-0.2632831854205075,0.9646995568629989,0.12703168392181396,-0.3094363331794739
-0.1630166073309848,2.5345690430016052,5.7029207342800525,-0.2665859885221796,0.9637965542488914,0.12703168392181396,-0.3094363331794739
-0.16031925680249273,2.532818561474133,5.694779053578731,-0.270510431793563,0.9627148308640747,0.13067298026709862,-0.32327320953741107
-0.15461937550553137,2.528929294849066,5.674465521424489,-0.28027481846066116,0.9599192105083499,0.13117578625679016,-0.3251838654279709
-0.1511042177704606,2.526369361205084,5.663044379143091,-0.2857519356701649,0.9583031379444888,0.13531987369060516,-0.342953258635875
-0.14772248355064704,2.5241135045205905,5.652208257995987,-0.290939859592942,0.9567408559840717,0.13531987369060516,-0.35560277980752497
-0.14432880620697697,2.5217778836204245,5.640629498710162,-0.2964738212570273,0.9550402521095384,0.13531987369060516,-0.3954044572114881
-0.14087156165334952,2.5195522660397778,5.62871492390636,-0.302158056135988,0.9532573883355315,0.1387933994905766,-0.45926741374937513
-0.13937656167859988,2.51852005568346,5.623654451332591,-0.3045690053009745,0.9524896586698394,0.13946396112442017,-0.5295506014456169
-0.1390180921413312,2.518276616687086,5.622379384438532,-0.30517613904836993,0.9522951408947465,0.13946396112442017,-0.5456496000289917
-0.13865962260406256,2.518033177690712,5.621104317544473,-0.3057832727957653,0.9521006231196536,0.13946396112442017,-0.5456496000289917
-0.12696763441121992,2.50921129629671,5.568941646689383,-0.3305081902723982,0.9438015512674793,0.13946396112442017,-0.5456496000289917
-0.12356337568128271,2.5063217681759937,5.549756374711623,-0.33954632622845593,0.9405875549024162,0.13946396112442017,-0.5456496000289917
-0.12104139452552239,2.5045113441757105,5.536832827124188,-0.3456175204019922,0.9383751150862361,0.13946396112442017,-0.5456496000289917
-0.11736788783436411,2.5009741187611976,5.513251082003518,-0.3566573784343865,0.9342345277938665,0.13946396112442017,-0.5532288180432993
-0.11439356902384792,2.4981298452148195,5.494676235893644,-0.36531790962076643,0.9308803437167164,0.13946396112442017,-0.5613971322774887
-0.11158805377929258,2.49546733613735,5.476391189399578,-0.37381326714004975,0.9275019263437296,0.13946396112442017,-0.5613971322774887
-0.10963027607158926,2.493501744470149,5.463457845807604,-0.3798032854646845,0.9250652860349369,0.13946396112442017,-0.5613971322774887
-0.10936944990231644,2.4932462429835875,5.461767820805943,-0.3805846471758968,0.9247435446290323,0.13946396112442017,-0.5613971322774887
-0.10910862373304363,2.4929907414970263,5.460077795804283,-0.3813660088871091,0.9244218032231277,0.13946396112442017,-0.5650964301454562
-0.10629618822058481,2.490070026260773,5.442885267505406,-0.38926914873638957,0.9210408974980588,0.13946396112442017,-0.5771446645259857
-0.09712605715832331,2.479888419700007,5.384097862712823,-0.41620138098899045,0.909270716714328,0.13946396112442017,-0.5771446645259857
-0.09451224481735426,2.476799074915865,5.365300843775288,-0.4247287460222767,0.9053191196416109,0.13946396112442017,-0.5686719896198948
-0.09184352536804993,2.472943859916723,5.34932524590855,-0.43194494238846304,0.9018941101703318,0.13946396112442017,-0.5714677236403479
-0.08952324864933527,2.470071834624878,5.328143157768494,-0.44147275337184944,0.89726930670444,0.13946396112442017,-0.5613971322774887
-0.08678338832285916,2.466421114026453,5.311455697239967,-0.4489440864616467,0.8935550074152192,0.13946396112442017,-0.5613971322774887
-0.08465974356605716,2.4637991665004795,5.2905190851285315,-0.4582746526259778,0.8888090271279311,0.13946396112442017,-0.5613971322774887
-0.08441597554685842,2.463497074746254,5.289290601588649,-0.4588203520254587,0.8885270624890257,0.13946396112442017,-0.5532790098675323
-0.08417220752765968,2.463194982992028,5.288062118048767,-0.45936605142493964,0.8882450978501203,0.14320832218814367,-0.517192507107099
-0.08392843950846095,2.462892891237802,5.286833634508885,-0.4599117508244206,0.8879631332112149,0.15978359028140915,-0.40696800457028515
-0.07510584126690155,2.448675985972834,5.2210402797213815,-0.48886689321153176,0.8723526674699257,0.17178193377865228,-0.2905732098603385
-0.07313180269026057,2.445948155195363,5.206532779059027,-0.49518230680609776,0.8687845091609715,0.17676079273223877,-0.2380006855518513
-0.07034980910591362,2.441054090705573,5.189461267524509,-0.5025786180347486,0.8645239343024215,0.17676079273223877,-0.22592947919405248
-0.06810390326539109,2.4366884995684677,5.182682194135782,-0.5055041906334855,0.862812270044261,0.17676079273223877,-0.20055071757700665
-0.06528327251778836,2.4312964469084823,5.1798314649935,-0.5067313268795129,0.8620871700926882,0.1780485837855793,-0.18345591947436332
-0.062091251602152835,2.4257700151505186,5.1733967212822405,-0.5095057718275816,0.8604581400204149,0.18090489506721497,-0.17693358765135914
-0.061882398841126306,2.4252990774213554,5.172562165162657,-0.5098647564291744,0.860245423245735,0.17686433440844346,-0.16770835891366004
-0.06167354608009978,2.4248281396921922,5.1717276090430735,-0.5102237410307673,0.8600327064710552,0.18090489506721497,-0.18667134625147036
-0.06146469331907325,2.424357201963029,5.170893052923489,-0.5105827256323602,0.8598199896963754,0.17873036176012305,-0.21495101228356361
-0.05438155148475426,2.4101389178209685,5.158150284145291,-0.5160488982481184,0.8565466450237407,0.18090489506721497,-0.21495101228356361
-0.04894060150335554,2.399457287656068,5.146146498374423,-0.5211821382008711,0.8534367141813356,0.18090489506721497,-0.21495101228356361
-0.04628431322605357,2.3940083318161576,5.1387695067671535,-0.5243260122676668,0.851507769967338,0.18090489506721497,-0.21495101228356361
-0.04366134594446834,2.3885358906985847,5.131457806267447,-0.5274357840571221,0.8495857059025843,0.18090489506721497,-0.21495101228356361
-0.04124984177671647,2.3834940688088615,5.125242650135918,-0.5300738349482162,0.8479432751194662,0.18090489506721497,-0.21495101228356361
-0.03839601865001805,2.3772676068218623,5.118054317051771,-0.533118117079082,0.8460327289089756,0.18399257083570095,-0.21495101228356361
-0.037672865959878815,2.3756207476835227,5.116141662981489,-0.533926978764036,0.8455225411345375,0.18596658802462507,-0.18345591947436332
-0.037483872330204636,2.3751854326475805,5.1155852968738245,-0.5341621343681777,0.8453739255080803,0.19953779096052845,-0.1285163280802424
-0.037294878700530464,2.374750117611638,5.115028930766161,-0.5343972899723194,0.8452253098816233,0.20576944947242737,-0.0744790546519102
-0.03710588507085629,2.3743148025756957,5.114472564658497,-0.5346324455764611,0.8450766942551661,0.20991353690624237,-0.015619120986298802
-0.02697975665262816,2.349291603095085,5.090456264309927,-0.5447374538370144,0.8385898006969276,0.20991353690624237,0.0
-0.024262262349339033,2.3426420326649637,5.090861825778523,-0.5445683200059644,0.8387016738250784,0.2091456454048983,-0.010650102305543988
-0.021597417081691862,2.336279262864974,5.091822134872868,-0.5441675749483498,0.8389661747831221,0.20052658910829801,-0.09068029211191628
-0.018555552194979556,2.3287371338767784,5.091856544190878,-0.5441544244894366,0.8389775160781264,0.19333717226982117,-0.18001802574257197
-0.01599549923782667,2.3223798769190775,5.089465374989774,-0.5451576535053444,0.8383271790883894,0.18919306993484497,-0.20462437636470587
-0.014418284351013288,2.3186126498402713,5.08816292806843,-0.5457032217529277,0.8379715911848175,0.18919306993484497,-0.21495101228356361
-0.014164922445828317,2.318036602871157,5.087837363235706,-0.5458396025671499,0.8378827200387826,0.18919306993484497,-0.2134202295713141
-0.013911560540643344,2.3174605559020436,5.087511798402982,-0.545975983381372,0.8377938488927478,0.18919306993484497,-0.20103424233421976
-0.007264994951739177,2.3015675183801556,5.070708963362518,-0.5529954716912794,0.8331776403636361,0.19333717226982117,-0.18086993778708868
-0.004459351947655933,2.294587184564314,5.060703779518439,-0.5571567111795589,0.8304010066246031,0.19333717226982117,-0.17032780243374296
-0.0024590156130395546,2.289863821822484,5.053255139740798,-0.5602466033704365,0.8283218266260722,0.19333717226982117,-0.18086239940522103
-0.00038848002216540923,2.2842691754724322,5.047695829888114,-0.5625469833209121,0.826761481049953,0.19748125970363617,-0.16892538419974837
0.0012083469024637956,2.2802831881982613,5.042999149864282,-0.5644859720990594,0.8254367257533004,0.19748125970363617,-0.16770835891366004
0.0047722501436903075,2.2712142474712715,5.034161096589626,-0.5681269283564041,0.8229325339739286,0.20129406430429805,-0.16770835891366004
0.006723424866239918,2.2658289317737865,5.028639114535611,-0.5703965761235708,0.821360383113297,0.20661607130993995,-0.13299609733783224
0.006989446792478026,2.2651058192228546,5.027330575793695,-0.5709333899673653,0.8209863604742309,0.21829694978832526,-0.12046570554375648
0.010793353559745878,2.2532775078942944,5.017867847762807,-0.5748128903939613,0.8182780506405178,0.22646168494989344,-0.12046570554375648
0.012962623766451076,2.246419489098185,5.017055900219026,-0.5751435681140946,0.8180425273515116,0.22234581410884857,-0.12125156339878947
0.013228113012392883,2.245733917556818,5.016331287149099,-0.5754401128898501,0.8178343799151861,0.22234581410884857,-0.1330324409550775
0.013493602258334693,2.2450483460154516,5.015606674079172,-0.5757366576656056,0.8176262324788608,0.21820172667503357,-0.1443273151340255
0.02038338483791866,2.2242488776557034,5.005221451475136,-0.5799752616082345,0.8146267272368022,0.20478090074215521,-0.17897778742398995
0.022632835408975913,2.216900198975881,5.000617622907102,-0.5818494745395925,0.8132902861376594,0.19498910664460448,-0.24644611924886703
0.02469472975089021,2.2100787453339463,4.996093221666369,-0.583687923654926,0.8119721043012794,0.18943577190380845,-0.307591801531596
0.02643157163989456,2.204636858386787,4.9918198216778356,-0.5854207311043544,0.8107219783638557,0.18322144712572616,-0.379371173622949
0.026614790765325063,2.2041083843073412,4.991268304830961,-0.5856441452510011,0.8105603372040633,0.1772679349681106,-0.4177420386009829
0.026798009890755564,2.2035799102278952,4.990716787984087,-0.5858675593976477,0.810398696044271,0.17676079273223877,-0.419669172167778
0.026981229016186065,2.2030514361484492,4.990165271137213,-0.5860909735442944,0.8102370548844786,0.17676079273223877,-0.43541673272848125
0.03335479573236772,2.182126881376375,4.94787188442362,-0.6030902766176555,0.7976600081677965,0.17676079273223877,-0.43541673272848125
0.0345680638595269,2.1767116154001798,4.9308391979932225,-0.6098513217493728,0.7924818365860795,0.17676079273223877,-0.419669172167778
0.036049017564769026,2.1713273448136037,4.913426070371886,-0.6167302972719595,0.7871451957956045,0.17676079273223877,-0.419669172167778
0.036716230954903124,2.167417675515824,4.901139426405043,-0.6215527651618848,0.7833396400369974,0.17676079273223877,-0.36937171138041863
0.03766264692258872,2.160726721949426,4.884858264475356,-0.6279078441819892,0.7782525802897494,0.18444539247142128,-0.2848221526901297
0.03883213314517992,2.154395635058299,4.869595890352927,-0.6338355905292773,0.773446943213582,0.19295954855912012,-0.13051047302932461
0.03901616656627372,2.1533670364216886,4.867480144892472,-0.6346538279548012,0.7727764608046214,0.2064008488848747,0.0
0.03909244758641861,2.1529721904052503,4.866651406338704,-0.6349740379528203,0.7725134735150078,0.2098412279987714,0.0
0.0391687286065635,2.152577344388812,4.865822667784936,-0.6352942479508393,0.7722504862253943,0.20991353690624237,0.0
0.039245009626708384,2.152182498372374,4.864993929231168,-0.6356144579488585,0.7719874989357807,0.21295805238574508,0.0
0.044043108834368135,2.123083085102002,4.849959420653402,-0.6413933395587303,0.7671800840632622,0.22138203035709955,0.0
0.04543409038585576,2.115653874886921,4.851473846915473,-0.6408147408846585,0.7676685351901822,0.23999127165099085,0.0
0.04651142714278926,2.1088314285720218,4.852045146207691,-0.6405970146550959,0.7678534511744974,0.24444627657108323,0.0
0.04765491687520543,2.101083397697173,4.853039519304494,-0.6402113372245097,0.7681672547334335,0.23180056080586744,0.0
0.04879530253946053,2.0931999047512253,4.853658313209954,-0.6399683273018003,0.7683589212274077,0.2050089562885678,0.0
0.04933100182063234,2.0894451493383777,4.853788559896895,-0.6399180232925208,0.7684002788973402,0.18201347682207134,0.0
0.04945792132294112,2.0886533153909013,4.853765886557342,-0.6399268677235527,0.7683931844517199,0.17676079273223877,0.0
0.0495848408252499,2.0878614814434244,4.85374321321779,-0.6399357121545844,0.7683860900060996,0.17676079273223877,0.0
0.05362568932006123,2.061606655218632,4.853437775771474,-0.6400688598419502,0.768307326294477,0.16847261786460876,0.0
0.0544135019853212,2.0566951393810005,4.854299717166156,-0.63973872135333,0.768584354169755,0.16847261786460876,0.0
0.05488280286084629,2.0523632508503753,4.854130842357583,-0.639797145965397,0.7685225613005816,0.16175091617870735,0.0
0.055559844990894953,2.048804459397689,4.853574702643006,-0.6400057042198114,0.7683384766317151,0.16408809779803815,0.0
0.05638237605647175,2.0441668058683127,4.853022678699255,-0.6402119864995509,0.7681548821038378,0.16018442809581757,0.0
0.057310999748091604,2.0393174722174336,4.854513552337306,-0.6396407580061301,0.7686337812447758,0.1604480716738239,0.0
0.05780425944013916,2.0347590408753025,4.853782601772555,-0.639923453279973,0.7684021440346844,0.1635029914036684,0.0
0.057891891310672725,2.034257921817282,4.853801108425825,-0.6399169333004489,0.7684087743057291,0.16432851552963257,0.0
0.05797952318120629,2.033756802759261,4.853819615079094,-0.6399104133209247,0.7684154045767736,0.16480796331202588,0.0
0.05806715505173986,2.0332556837012405,4.853838121732363,-0.6399038933414005,0.7684220348478182,0.16898825693126276,0.0
0.06166428296283283,2.011555995816053,4.854810916704033,-0.6395297626227331,0.7687328351111538,0.17258479764039747,0.0
0.06257655317591039,2.006428850303855,4.854936255992395,-0.6394779945779722,0.7687685962677568,0.17676079273223877,0.0
0.06347579253001451,2.000883788469706,4.855324511236889,-0.639328065393553,0.7688919068083778,0.17676079273223877,0.0
0.06441250552775994,1.9949094598708752,4.855478152567346,-0.6392703678962569,0.7689426674765888,0.1739810933560631,0.0
0.06538680621201115,1.9888139314651432,4.855658939159583,-0.6392039912519316,0.7690042195470245,0.17705527982559865,0.0
0.06612719211918301,1.984326413248634,4.855452696599469,-0.6392854260180216,0.7689408709004459,0.18060368568255175,0.0
0.06620568301818656,1.983833864104502,4.855431644246655,-0.639293527663469,0.7689341508559668,0.17782204552750744,0.0
0.06628417391719013,1.98334131496037,4.855410591893841,-0.6393016293089164,0.7689274308114878,0.16739916410971106,0.0
0.06636266481619368,1.982848765816238,4.855389539541027,-0.6393097309543638,0.7689207107670087,0.13047012100281832,0.0
0.07012922017567856,1.9596979232615048,4.85552126334473,-0.6392587506178004,0.7689624106533095,0.1243719958433841,0.0
0.0709460729129187,1.9537912972205769,4.856145485291238,-0.6390227820455228,0.769166784766377,0.1292663759305279,0.0
0.07183673971631697,1.9478777814678976,4.856670969123273,-0.6388233600178688,0.7693378986932508,0.1422045277898841,0.0
0.07257390171867857,1.9435447257083058,4.855829491320997,-0.6391476235213457,0.7690698104531848,0.14598457244700486,0.0
0.07312598216174136,1.9404909487998374,4.855311035194604,-0.6393459955357688,0.7689029318527186,0.1454972843000037,0.0
0.0736908695939988,1.9367231694930593,4.855639364248161,-0.6392143344428562,0.7690013518524138,0.15162637467330972,0.0
0.07373356255091497,1.936406305769708,4.855682955523296,-0.6391967189902574,0.7690142556959215,0.16432851552963257,0.0
0.07377625520262637,1.936089444311562,4.855726546486804,-0.6391791036635887,0.7690271594471818,0.16432851552963257,0.0
0.07381894785433778,1.935772582853416,4.855770137450313,-0.6391614883369198,0.769040063198442,0.16432851552963257,0.0
0.07679291415078575,1.9170922854545358,4.856590153534794,-0.6388450295086127,0.7693007441524617,0.16568694233321923,0.0
0.07795925812661336,1.9096884670451837,4.856146796284357,-0.6390256749074968,0.7691712921827086,0.17300910111293907,0.0
0.07896730207096116,1.9034186781704043,4.85591826237087,-0.6391149070917674,0.7690998871091208,0.18090489506721497,0.0
0.07966330932175374,1.8987274499977986,4.85605750484574,-0.6390609976723696,0.7691439453093045,0.18090489506721497,0.0
0.08062233940614359,1.8934505490186417,4.856272417717659,-0.6389752585228767,0.7692088982310613,0.17633493115329066,0.0
0.08147877260854479,1.8877439391146797,4.85608962913886,-0.6390377380304524,0.7691410841695899,0.1743123733442651,0.0
0.08181789592545906,1.885793174309132,4.856207867552816,-0.6389916028741554,0.7691780641078052,0.17676079273223877,0.0
0.08190805277879562,1.885231316181488,4.8562602429941,-0.6389713412710109,0.7691946550862669,0.17339950468086093,0.0
0.08199820963213217,1.8846694580538441,4.856312618435385,-0.6389510796678664,0.7692112460647287,0.17340872003413638,0.0
0.08521706393423907,1.8635049950131273,4.856311586001954,-0.6389622097659888,0.7692238373395872,0.17676079273223877,0.0
0.08629826750715755,1.8585632307723612,4.853157366192062,-0.640171791910395,0.7682118395431088,0.17676079273223877,0.0
0.08773168531006853,1.8532789531378737,4.852460639864952,-0.6404429822018249,0.7679931125664052,0.18157627077267627,0.0
0.08802158196182051,1.8472555524260879,4.853660994818226,-0.6399757573437023,0.7683699369989526,0.18423904477906541,0.0
0.08898284410713254,1.841172279577232,4.85370391258939,-0.6399594071187952,0.7683838360269407,0.19836753907128474,0.0
0.090028383632378,1.8348830992948786,4.85380530004198,-0.6399227444712583,0.768419027277174,0.21044296349377192,0.0
0.09068967640979574,1.8307137712293449,4.853871281138773,-0.6398985078737152,0.7684414764226412,0.21820172667503357,0.0
0.09079715472053955,1.8300549096401422,4.853918559419668,-0.6398803931380852,0.7684566637968628,0.21820172667503357,0.0
0.09090463303128336,1.8293960480509392,4.853965837700563,-0.6398622784024552,0.7684718511710846,0.22234581410884857,0.0
0.09464116726047539,1.8107190902172834,4.8528264592845956,-0.6403021532210181,0.7681098288510577,0.22234581410884857,0.0
0.09636087208822232,1.7999892405782432,4.8532800449979385,-0.6401294610811654,0.7682568570808896,0.23520977000922344,0.0
0.09757995424926094,1.7922971317539322,4.853361890662364,-0.6400983411138312,0.7682834362824053,0.24471626236266728,0.0
0.09844913692007952,1.7840847525949974,4.8542123211225405,-0.6397659771220746,0.7685487944463198,0.24967004735889303,0.0
0.10019533803780259,1.7769553337024193,4.853319203048058,-0.6401114246867453,0.7682657952588517,0.2597512536272186,0.0
0.10140390151549464,1.768879818275016,4.852817484559795,-0.6402995289151889,0.7680996727845038,0.3087878558249303,0.02265975816757821
0.10195005965374694,1.7635548779688945,4.854534186724002,-0.6396366420504018,0.7686449639809829,0.3443906889164309,0.21866953190308921
0.10207859418456014,1.7627813279445492,4.854509895968083,-0.6396459212157195,0.7686371276791437,0.3501062043912302,0.3019866659639142
0.10220712871537335,1.762007777920204,4.854485605212165,-0.6396552003810372,0.7686292913773046,0.34773619846110865,0.4002229187802146
0.10442451513088177,1.747961149583278,4.857420541134866,-0.6385274837441193,0.7695682412139694,0.35082873702049255,0.45070947453842236
0.10849141195202147,1.7218854140257256,4.867539275923037,-0.6346281191019242,0.7727917408925065,0.34736593377828173,0.45122530609369277
0.11119096334470521,1.7080230332366266,4.881805692704864,-0.6291022339057353,0.7773023103269622,0.3495490322065471,0.45122530609369277
0.11403261410322452,1.6952814107786665,4.8970741626800605,-0.6231516646898747,0.7820846034278771,0.33840865018840705,0.4669497049087647
0.11684333407126962,1.6827769156249894,4.911950646356991,-0.6173172703366699,0.7866982377016911,0.32904928046046134,0.5299630522727966
0.11902768131879747,1.6705175375859502,4.928477515298186,-0.610793152216853,0.7917695170015056,0.32263257513718707,0.5173029893786438
0.12125963865330674,1.6602703812865205,4.942950999548477,-0.6050494464372445,0.7961716219966927,0.316442287247423,0.5142155200242996
0.12150544963639666,1.659225801220801,4.944503905606633,-0.6044309403795648,0.7966409987398143,0.31353190541267395,0.5142155200242996
0.12175126061948657,1.6581812211550817,4.94605681166479,-0.603812434321885,0.7971103754829358,0.31353190541267395,0.5142155200242996
0.12199707160257649,1.6571366410893624,4.947609717722947,-0.6031939282642054,0.7975797522260574,0.31353190541267395,0.5142155200242996
0.13303720408496048,1.6207106972454839,5.011365511158718,-0.5774709092593079,0.8164059081882263,0.31353190541267395,0.5289918977292223
0.13584940736517465,1.6108671581750265,5.031283041288483,-0.5693111078949692,0.8221149187841422,0.31353190541267395,0.5142155200242996
0.1386655362922671,1.6036024084598983,5.043113777887316,-0.5644359938097767,0.8254651730568919,0.31353190541267395,0.5142155200242996
0.14332685189209202,1.5923900265959914,5.06267049935069,-0.5563364791813816,0.8309434438062479,0.31353190541267395,0.5142155200242996
0.1479894940447645,1.580693288956695,5.0831329571965025,-0.5478067044253244,0.836593032147694,0.31353190541267395,0.5142155200242996
0.15235468614681527,1.5696815562619055,5.100459204490157,-0.5405397687540817,0.8413089132840482,0.31353190541267395,0.5142155200242996
0.15328263949409024,1.567462444679657,5.104125662371876,-0.5389968022774254,0.8422988267427958,0.31767600774765015,0.5311600792176718
0.15350667318515357,1.5669491882651427,5.104915566960087,-0.5386639130845902,0.8425113584455346,0.31767600774765015,0.5425561537499687
0.1537307068762169,1.5664359318506285,5.105705471548299,-0.5383310238917549,0.8427238901482734,0.31767600774765015,0.5457106411457061
0.15395474056728026,1.5659226754361144,5.106495376136509,-0.5379981346989197,0.8429364218510123,0.31767600774765015,0.5457106411457061
0.1541787742583436,1.5654094190216001,5.107285280724721,-0.5376652455060845,0.8431489535537511,0.31767600774765015,0.5457106411457061
0.15440280794940692,1.5648961626070859,5.108075185312932,-0.5373323563132493,0.8433614852564899,0.31767600774765015,0.5457106411457061
0.18703185404236272,1.5009883710223895,5.221161355174331,-0.4888115128844151,0.87237767593384,0.31767600774765015,0.5457106411457061
0.1926328523547792,1.491077140775228,5.240303445431852,-0.48044122463129546,0.8770188920005059,0.31767600774765015,0.5457106411457061
0.19828704574981731,1.4818295665672678,5.258752520871397,-0.47233046901586173,0.8814127376226628,0.31767600774765015,0.5457106411457061
0.1997195198661433,1.4796561969611768,5.26287025755087,-0.47051473906317814,0.8823833013360481,0.31791481666549004,0.5457106411457061
0.2002316186977832,1.478880795830754,5.264463758037095,-0.46981135391355827,0.8827575348292002,0.3214252274520891,0.5457106411457061
0.20074371752942308,1.4781053947003313,5.26605725852332,-0.46910796876393845,0.8831317683223523,0.32011491664523095,0.5457106411457061
0.22196471003648635,1.4458469546988948,5.3312339481175,-0.44008399229014167,0.8979472177812486,0.32182008028030396,0.5600945751030384
0.22943294571498374,1.4363124302241934,5.349739685670466,-0.43175637886210544,0.9019801228651134,0.32394244942444383,0.5614581733942031
0.236432334761126,1.4274627975198906,5.367550464089864,-0.4237066480941312,0.9057887674122094,0.32182008028030396,0.5614581733942031
0.24271028207458897,1.4193722184282322,5.384699389196785,-0.41592503195641645,0.9093896116346322,0.32182008028030396,0.5614581733942031
0.2507036458001038,1.409693349394126,5.404619657285261,-0.4068474183342386,0.9134882486157238,0.32182008028030396,0.5614581733942031
0.25831055119231644,1.4012724122169995,5.422488351864649,-0.3986686932668026,0.9170839543832557,0.32182008028030396,0.5614581733942031
0.2622431826463904,1.3970558029034372,5.431843598778739,-0.39437433638438263,0.9189381842426134,0.32160475116946197,0.5622764269576497
0.2628234937892764,1.3964334889402983,5.433106280784723,-0.39379391494020427,0.919186566696241,0.31767600774765015,0.5787904619361284
0.2634038049321623,1.3958111749771593,5.434368962790707,-0.39321349349602597,0.9194349491498686,0.31767600774765015,0.5993371284606491
0.26398411607504824,1.3951888610140204,5.435631644796691,-0.3926330720518476,0.9196833316034961,0.31767600774765015,0.6244483590126038
0.29762134867657825,1.361667788002167,5.512841575362519,-0.3568429074589313,0.9341464250764625,0.31767600774765015,0.6244483590126038
0.30491777155707595,1.3549128792036784,5.530799445517295,-0.34843570430061216,0.9372985044200078,0.31767600774765015,0.6244483590126038
0.31181680226200126,1.3484883611951077,5.548488460355079,-0.3401380998236863,0.9403598125972383,0.31767600774765015,0.6259789290837485
0.32218251210007326,1.3393784002465952,5.575199539305518,-0.32755001235556436,0.9448210886053157,0.31353190541267395,0.708713345836757
0.3304763339243659,1.332975096219146,5.5974818272212135,-0.31700393897038526,0.9484129289893424,0.3126181058222816,0.7836601272169693
0.33733252898880584,1.3276687974171049,5.615095336097569,-0.3086394225466988,0.9511682243072278,0.30524373054504395,0.7976714402437209
0.3382025660841437,1.3270250262169943,5.6174316419685155,-0.30752776169024754,0.9515270597214882,0.30524373054504395,0.7976714402437209
0.33907260317948146,1.3263812550168834,5.619767947839462,-0.3064161008337963,0.9518858951357487,0.30246438099460454,0.813418972492218
0.358103570962529,1.3127376488533438,5.675646995916763,-0.2796732231085044,0.9599686503753286,0.30109962821006775,0.8246691508405757
0.3749155665536331,1.3019803743635763,5.725108635002402,-0.25587889475285047,0.9667000704607531,0.30109962821006775,0.8434595589203302
0.3834961958719997,1.2969478033933892,5.750855421197447,-0.24341295512406613,0.9699124262404056,0.30109962821006775,0.8606616258621216
0.3925639137011204,1.2917912758944021,5.77911527363094,-0.22968459313457126,0.9732560644646784,0.30109962821006775,0.8606616258621216
0.4021876844830226,1.2861611474282963,5.809510207007702,-0.2148678942487788,0.9766354349823173,0.30109962821006775,0.8606616258621216
0.41138102640326674,1.281730994521396,5.83996718038691,-0.19997112501215816,0.9797954081197903,0.30109962821006775,0.8606616258621216
0.4212940724336785,1.2774767123917024,5.869359411015569,-0.1855511577210187,0.9826298624835049,0.30109962821006775,0.8606616258621216
0.4310392804346604,1.2738490216730107,5.897356911772151,-0.17174044725086,0.9849067808846999,0.30109962821006775,0.8606616258621216
0.4407849352337027,1.2702542770011793,5.925310090569584,-0.15794749761924848,0.9871563398892803,0.30109962821006775,0.8606616258621216
0.4505305900327451,1.2666595323293481,5.953263269367017,-0.144154547987637,0.9894058988938609,0.30109962821006775,0.8606616258621216
0.461742652602491,1.2629525107244974,5.984730020850681,-0.1285906162661073,0.9916927712592896,0.29774126942139156,0.8606616258621216
0.4704387976770585,1.260605411828444,6.008739855897351,-0.11667663381197248,0.9931665999991894,0.30109962821006775,0.8606616258621216
0.4818636675720775,1.257725159132855,6.040630580780806,-0.1008259106091445,0.9948991566073985,0.30109962821006775,0.8606616258621216
0.48981212752211756,1.2557901252054182,6.062125224213209,-0.09012763774736468,0.9959235487177281,0.30109962821006775,0.8606616258621216
0.5003607186085531,1.2536671103865271,6.093321196715116,-0.0745830115149204,0.9972096333702103,0.30109962821006775,0.8606616258621216
0.5129841466469791,1.2516413039603664,6.1291279391943,-0.056718595486591965,0.9983849886973887,0.30109962821006775,0.8606616258621216
0.5144464030255941,1.251379463773729,6.132872794710334,-0.05484909366936213,0.9984894087032683,0.30109962821006775,0.8606616258621216
0.5153709963531108,1.2512107786256348,6.135165077381764,-0.053704631393968943,0.9985513368387521,0.30109962821006775,0.8606616258621216
0.5162955896806275,1.2510420934775406,6.137457360053194,-0.052560169118575764,0.998613264974236,0.30109962821006775,0.8606616258621216
0.5545428095740165,1.248109968560273,6.238682876899118,-0.001971862542943638,0.999990919856308,0.30109962821006775,0.8606616258621216
0.5664496584736545,1.24781497611199,6.2701930552828244,0.013782657306991014,0.9998966202053283,0.30109962821006775,0.8597684541271745
0.5773742462154379,1.2478861888433956,6.298961876225782,0.02816369800416518,0.9995962211157906,0.30109962821006775,0.847455588390714
0.5861057190833067,1.248232817440885,6.321928050118641,0.0396400412894244,0.999206983884567,0.30109962821006775,0.8449140936136246
0.5980467157643127,1.2490828638169051,6.353448408214624,0.055382185522863156,0.9984589100517721,0.30109962821006775,0.8449140936136246
0.6068446525551404,1.2498830143283097,6.37634561345264,0.0668093020322813,0.997759977788281,0.30109962821006775,0.8449140936136246
0.607660174864054,1.2499877054391555,6.378439456623697,0.06785374370691465,0.9976880543685769,0.30109962821006775,0.8449140936136246
0.6084756971729676,1.2500923965500015,6.380533299794754,0.068898185381548,0.9976161309488729,0.30109962821006775,0.8449140936136246
0.6092912194818813,1.2501970876608475,6.382627142965811,0.06994262705618136,0.9975442075291688,0.30109962821006775,0.8449140936136246
0.6513832684952612,1.257863139481787,6.492623718518476,0.12467200338319881,0.9921876390629042,0.29695552587509155,0.8449140936136246
0.6616100745311704,1.2602008023464861,6.520140080994409,0.13831037892866938,0.9903778674108127,0.29695552587509155,0.8449140936136246
0.6716110881891765,1.262883605243644,6.547961271542413,0.15207359439090393,0.988360043559142,0.2951284707606686,0.8449140936136246
0.6813833566876513,1.2658571533971839,6.5759194435573285,0.16587475424355377,0.9861382926542253,0.29281145334243774,0.8509032885378965
0.690872042138019,1.2691577955596527,6.605752265210939,0.1805647058467884,0.9835506458557053,0.28866735100746155,0.8606616258621216
0.7011092139398553,1.272657692655319,6.6356645893543895,0.19525415852314773,0.9807404428458454,0.28866735100746155,0.8606616258621216
0.7051781163459929,1.2741554257575205,6.647339571428654,0.20097596581776958,0.9795844589913251,0.2834972920257436,0.8960705083358559
0.706014494524927,1.2744740806370511,6.649865214639975,0.20221267117490035,0.9793290305130105,0.2762006165712028,0.9079653203487396
0.7068508727038613,1.2747927355165816,6.652390857851295,0.20344937653203113,0.9790736020346958,0.2733802849399661,0.9079653203487396
0.736911963482942,1.2894145242160324,6.7400703186397495,0.24616067897999797,0.9692095165549511,0.2705499318504587,0.9237129092216492
0.7471347914332629,1.294613236016334,6.773772174930232,0.26245688155788705,0.9649235045166646,0.2639430940457731,0.9237129092216492
0.7554352864331331,1.2991493449084126,6.803021660399987,0.2765401087938929,0.9609822217349253,0.2608088660179533,0.9350898045333407
0.7632153974312472,1.303911404275123,6.832529205010368,0.2906878757802765,0.9567986528664969,0.25965869426727295,0.9394604414701462
0.7710741385933431,1.3092589500672984,6.864132193033379,0.305769183670424,0.9520841538426883,0.25965869426727295,0.9394604414701462
0.778542500633846,1.3143546239084007,6.896094487470752,0.32094540502958396,0.9470777654761163,0.25965869426727295,0.9394604414701462
0.7835466304839885,1.3179698818268757,6.9179908981569405,0.33129482566738605,0.9435074824184818,0.25965869426727295,0.9479460426645949
0.7842158984164871,1.3184630907112196,6.921044735930335,0.3327344897579223,0.9429987954928735,0.25965869426727295,0.9403548536802503
0.7848851663489855,1.3189562995955637,6.924098573703729,0.33417415384845855,0.9424901085672652,0.2565424171514157,0.9394604414701462
0.7894388823305479,1.3226563320509543,6.944553005112184,0.3437360444100157,0.9388656671826189,0.25137051939964294,0.9401346701228848
0.8138434352083711,1.3440491886880799,7.057210679640699,0.3961144296643595,0.9181739395775627,0.24990080191239733,0.9552079737186432
0.8200674531713589,1.3503210182371124,7.083612149190844,0.40820181403659345,0.9128688426310696,0.24722643196582794,0.9552079737186432
0.826344087456802,1.3576005915623734,7.119445700378775,0.4244894898127502,0.9054056563223524,0.24722643196582794,0.9552079737186432
0.8322747964028775,1.3641707173239876,7.150862278963187,0.43865591726860437,0.8986200906018667,0.24722643196582794,0.9552079737186432
0.8374130784627949,1.3698579325907816,7.178629350785899,0.4510859992236685,0.8924371280732352,0.24722643196582794,0.9552079737186432
0.8429549122018605,1.3770105431769273,7.21236512096755,0.4660767090025775,0.8847055887730646,0.24554657751298084,0.9552079737186432
0.8433909797326954,1.3776436268000234,7.215151952430482,0.4673081350209109,0.8840536195478229,0.24661557089406957,0.9552079737186432
0.843827044146157,1.3782767058973113,7.2179387639708255,0.46853955223598714,0.8834016549833994,0.24320336115651528,0.9552079737186432
0.8442631085596186,1.3789097849945993,7.220725575511168,0.4697709694510634,0.8827496904189759,0.2450627584774558,0.9552079737186432
0.8619428787061686,1.4070255664950977,7.337529293007441,0.5204976205286856,0.8538291279132839,0.2464059110319383,0.9552079737186432
0.8667158194090695,1.414943703608061,7.3693885023489125,0.5340341968083606,0.8454330271066242,0.24308234453201294,0.9552079737186432
0.8704812335569474,1.4228790046144815,7.402497350656901,0.5479551371256496,0.8364755687057146,0.24308234453201294,0.9552079737186432
0.8743356673166746,1.4289894106848213,7.431010503243314,0.5598328774837882,0.8285915402107246,0.24308234453201294,0.9552079737186432
0.8781017627178712,1.4380768944121112,7.465133936800328,0.5738876336510359,0.8189193079099198,0.24308234453201294,0.9552079737186432
0.8813799149256043,1.4473615625296012,7.502912075213624,0.58925229384026,0.8079327508845471,0.24308234453201294,0.9552079737186432
0.8821926919761593,1.449504329106549,7.508726012147049,0.5915973051382956,0.8062148603645676,0.24308234453201294,0.9552079737186432
0.8825025838398991,1.4502967243709777,7.511474035930241,0.5927043188969806,0.8054009951454407,0.24308234453201294,0.9552079737186432
0.8828124757036389,1.4510891196354063,7.5142220597134335,0.5938113326556657,0.804587129926314,0.24308234453201294,0.9552079737186432
0.89141430100774,1.4806295744611486,7.6236336222419805,0.6369142693772606,0.770911929125341,0.252080631004916,0.9182803438297396
0.8930650387235322,1.4876355695538397,7.647457835771905,0.6460537701132495,0.7632724551726864,0.25132583129984487,0.7180844219830103
0.8946055758201144,1.496150418760751,7.677659763408936,0.657492355305037,0.7534143514816783,0.21616840020079317,0.318427072036546
0.8958724080156549,1.5036261748181592,7.702948596041111,0.6669745177420614,0.7450502065322876,0.17076612910155556,0.0
0.897203709477737,1.5158579587144607,7.737613043256295,0.6797844398839378,0.73337589300308,0.15708701273738063,0.0
0.8980451357344829,1.5246234530753648,7.755668794795143,0.6863787624654989,0.727210444568379,0.1626254881579645,0.0
0.8983489733390065,1.5295111843428375,7.763341232974399,0.689167559510608,0.724576328285774,0.17871159835675982,0.0
0.8983794369897941,1.5303064006816154,7.76444034829324,0.6895661791318161,0.724198034195605,0.18468747853303116,0.0
0.8984099006405816,1.5311016170203933,7.765539463612081,0.6899647987530241,0.723819740105436,0.19847948992459796,0.0
0.8992834333387771,1.5525568543554695,7.786872381354796,0.6976500082559794,0.7164233445724418,0.20985225666261562,0.0
0.8994812990702858,1.5576381443008946,7.783573262372369,0.6964599586764126,0.7175656443493659,0.2163425492716772,0.0
0.8997906833016528,1.5625183536585454,7.7779312763308175,0.6944202506208272,0.71951434405149,0.22151165459933958,0.0
0.9003747473629431,1.5682915383693004,7.775674388546227,0.6935936812831922,0.7202827589669798,0.22234581410884857,0.0
0.9009011082274196,1.5754188374368836,7.775935234913838,0.6936820948838057,0.7201865592605442,0.22113991646867087,0.0
0.9010862828785988,1.5835085361229864,7.775105839250207,0.6933946593637755,0.7204858908413582,0.2215838869418367,0.0
0.9011768367885343,1.5884489499460839,7.774432744588513,0.6931621672900256,0.7207296334521932,0.22234581410884857,0.0
0.9012088649478427,1.5892516637811647,7.774400559410781,0.6931521658172062,0.7207424487949049,0.22234581410884857,0.0
0.9012408931071512,1.5900543776162452,7.774368374233048,0.6931421643443867,0.7207552641376166,0.22234581410884857,0.0
0.9025802668109595,1.6085400847293725,7.7717315368336495,0.6921884824358074,0.7216655431652074,0.21270082854057717,0.0
0.90341000732558,1.6208466217875055,7.770394166304964,0.6916847435748011,0.7221062996893594,0.20494205320057143,0.0
0.9038594137469437,1.6272511266392342,7.773482712238179,0.6927981330174879,0.7210363371184239,0.20165460659204587,0.0
0.9041886176407764,1.634321244323286,7.774758355824556,0.6932635236185826,0.7206001699481976,0.20162534713745117,0.0
0.9044984542277386,1.641494450519017,7.774424782819284,0.6931537163261782,0.7207265889408452,0.20162534713745117,0.0
0.9049577151905766,1.6486927311992254,7.774152642932895,0.6930592387433196,0.7208246418753718,0.20162534713745117,0.0
0.9053819490326546,1.6543253596244019,7.774401680202393,0.6931476250963472,0.7207369187949572,0.20162534713745117,0.0
0.9054215159053334,1.6549012854088478,7.774465386219775,0.6931701636948274,0.7207144043222319,0.20162534713745117,0.0
0.9054610827780121,1.6554772111932936,7.774529092237155,0.6931927022933075,0.7206918898495067,0.20162534713745117,0.0
0.9055006496506909,1.6560531369777396,7.774592798254536,0.6932152408917878,0.7206693753767814,0.19814156896629886,0.0
0.9070109750141584,1.6805266263569234,7.775715870893795,0.6936148194723333,0.7202748102338643,0.19364429037513614,0.0
0.9075075404164348,1.6884672894797075,7.776491869443631,0.6938984671291343,0.7200100269457299,0.18919306993484497,0.0
0.9079960422178854,1.6954287323976787,7.7769954966005805,0.6940835513795817,0.7198392099345452,0.18919306993484497,0.0
0.9084911750090375,1.701815459918335,7.777645321789147,0.6943187089105675,0.7196150126263515,0.18625865531104896,0.0
0.9088034233875281,1.707458618568512,7.777907072729995,0.6944113564133021,0.7195225554221336,0.17394670012901303,0.0
0.9090690600679746,1.7132904968791005,7.77731660113764,0.6941951768498161,0.7197236825070824,0.1687039567705054,0.0
0.9092267232876957,1.7181583003948961,7.777837905720617,0.6943820025005352,0.7195419388064292,0.16847261786460876,0.0
0.909545807880159,1.7239388194485232,7.7777060895606915,0.6943368941376431,0.7195901039927569,0.16847261786460876,0.0
0.9098648924726224,1.7297193385021503,7.777574273400766,0.694291785774751,0.7196382691790846,0.16847261786460876,0.0
0.9101220229301926,1.7354517932119282,7.777330407791644,0.694204467663017,0.7197233706336165,0.1620816174371296,0.0
0.9102595746859402,1.7409157445715544,7.77625781354229,0.6938170861376666,0.7200942221075245,0.1567976638819442,-0.029920796171737225
0.9103784417601272,1.7471937779917572,7.7752891783400875,0.6934676785039392,0.7204295716048655,0.14775215089321136,-0.10685214713176579
0.9104830705968724,1.7529260032334038,7.776092645808893,0.6937606886780624,0.720154707484575,0.14775215089321136,-0.1730606646374261
0.9107971260068963,1.7586195632861823,7.7756153257422245,0.6935944132438475,0.7203260930306981,0.14775215089321136,-0.18345591947436332
0.9112364457450224,1.7638565665331682,7.772270011159673,0.6923939689717931,0.7214908425487012,0.14775215089321136,-0.18345591947436332
0.9113522523775529,1.7647242120496203,7.771288942830668,0.6920414740841835,0.7218319659679083,0.15189623832702637,-0.18345591947436332
0.9113795410199622,1.7651513666628338,7.770942146399589,0.6919163222819521,0.7219519778596686,0.15189623832702637,-0.18345591947436332
0.9114068296623714,1.765578521276047,7.770595349968509,0.6917911704797208,0.7220719897514287,0.14775215089321136,-0.20253133337066212
0.9118820790217683,1.7730214703307217,7.759904194315048,0.6879044333372704,0.7257416896287279,0.14775215089321136,-0.2416277188924731
0.9129166722707994,1.7866871797295567,7.740307262372427,0.6807674256036502,0.7324548197408187,0.14228953487989252,-0.34093142598867415
0.9133802112595427,1.7916669531064218,7.732933026614361,0.6780636007890036,0.7349614704542158,0.13946396112442017,-0.37368921022222634
0.913681478165274,1.795773585719381,7.725597187548071,0.6753651428708548,0.7374456531819472,0.13946396112442017,-0.38817407935857773
0.9141053248453276,1.8010498317908956,7.713403331438951,0.6708586057167897,0.7415519394454929,0.13946396112442017,-0.38817407935857773
0.9144118769722163,1.8052752708185742,7.6992514586089795,0.6655994313112166,0.7462856146587462,0.13946396112442017,-0.38817407935857773
0.9146864721608288,1.807256567063798,7.693778815552329,0.6635542060585613,0.7481033698193434,0.13946396112442017,-0.3810058349456411
0.9147165566541153,1.8076086966986542,7.692710945190145,0.6631543437996894,0.7484571865964663,0.14166214391129098,-0.3724265187978744
0.9147466409323329,1.807960823816195,7.691643082461986,0.6627544843993654,0.7488110008442127,0.14775215089321136,-0.3566789865493774
0.916071778345852,1.8164720496679263,7.663698904774288,0.6521888126673647,0.7579525812432203,0.14775215089321136,-0.3566789865493774
0.9176859345186371,1.825736714576945,7.634982192505336,0.6412691424163297,0.7672744651376785,0.14775215089321136,-0.3657260422975851
0.918648637512597,1.830374897116684,7.623354895823244,0.636801114406033,0.7709937694978126,0.14775215089321136,-0.3566789865493774
0.9196989654611134,1.835532473459237,7.611116485799959,0.6320761504298535,0.7748819074302797,0.14775215089321136,-0.3566789865493774
0.9206455309165378,1.8402315428150524,7.599060368531464,0.6273942309550806,0.7786787041505234,0.1486532057561191,-0.3532549719143645
0.921751498548642,1.8447861043292062,7.5877845523955925,0.6229924480778494,0.7822013470065877,0.15139681386089185,-0.3428292423720293
0.9225452866776588,1.8480021476092785,7.578888302668225,0.619505942457488,0.7849634495760887,0.1566510214978637,-0.30711574183105944
0.9226520350197057,1.8483623353713925,7.578021380124209,0.6191654131055829,0.7852316285318716,0.15938912191077245,-0.2967109415554357
0.9227587833617525,1.8487225231335065,7.5771544575801935,0.6188248837536778,0.7854998074876546,0.16018442809581757,-0.2855234317863902
0.9228655317037995,1.8490827108956205,7.576287535036178,0.6184843544017727,0.7857679864434375,0.16692956820996596,-0.2424257238645442
0.9280202821474399,1.8675649040622224,7.534231986654268,0.6018215735507013,0.798592937891075,0.18188314754499504,-0.17787987366764296
0.9296970949382888,1.872583151835288,7.526328224239308,0.5986602381866223,0.8009640869029224,0.19733171569795147,-0.029774788503931317
0.9313570448429466,1.877748747468684,7.519191926498442,0.5957981939114767,0.8030947143215348,0.2095824138102945,0.0
0.9332670679565749,1.8838565180440523,7.513744799308801,0.5936064045602152,0.8047113065893233,0.2185499037408041,0.0
0.9352058422492932,1.8901478463206445,7.513524498525925,0.5935178980319702,0.8047768732084662,0.22919308927139426,0.0
0.9375426594139222,1.8969218416107116,7.51541153734912,0.5942775329682006,0.8042172988597237,0.23794801244180522,0.0
0.9380912512803783,1.8985848206439575,7.515928591027078,0.5944859324786931,0.8040643206796722,0.2453750460291364,0.0
0.9386280955458864,1.9002134255905705,7.516428473008826,0.5946874297857087,0.8039164484980329,0.2556344774584202,0.0
0.9391649398113946,1.9018420305371835,7.516928354990574,0.5948889270927241,0.8037685763163936,0.25965869426727295,0.0
0.9397017840769027,1.9034706354837965,7.517428236972322,0.5950904243997396,0.8036207041347544,0.25965869426727295,0.0
0.9502845870708501,1.9361165602265655,7.518175725847033,0.5953945751114462,0.8034034226918365,0.25965869426727295,0.0
0.9530929281729213,1.9449700760553614,7.518220444994661,0.5954118253307695,0.8033891470989115,0.25965869426727295,0.0
0.9558447732306632,1.952567950493208,7.518748991958373,0.595622580115624,0.8032296922267591,0.25965869426727295,0.0
0.9585582287374644,1.961374017523709,7.51903112730774,0.5957354272591865,0.8031450454927759,0.25965869426727295,0.0
0.9612202710836992,1.9697196009438034,7.520095406994899,0.5961625467363507,0.8028276726346837,0.25884018767561495,0.1360784473942139
0.961506125439634,1.9707083466686313,7.520265488892753,0.5962308837848346,0.8027770603107908,0.2527208699604243,0.2417294385298931
0.9617784532390606,1.9716557515222448,7.520431030983773,0.5962973981709762,0.8027278007854537,0.24687410213082628,0.2964275180744015
0.969712194165822,1.99463895278956,7.526985460641441,0.5989256995644615,0.8007703641762083,0.2314894091540669,0.4273671314041335
0.9721176654009952,2.002842014674996,7.535032691462241,0.6021432365258907,0.7983545624435225,0.21329129634376867,0.48563245052430615
0.974647166439328,2.0109753937754995,7.545442048254165,0.6062948699938698,0.7952158841890768,0.20132930108046107,0.5316505168202127
0.9772598592838444,2.019099697328386,7.559124672401791,0.6117229144129326,0.7910519835048992,0.19533197819213524,0.5658352982570918
0.9791613387103045,2.0245814554030597,7.571428586157066,0.6165811747208907,0.7872780214473246,0.19333717226982117,0.5921233218461165
0.9812720410506879,2.031959343332719,7.592202377713505,0.6247243588162888,0.7808303258904621,0.17923960190025226,0.6685996515785144
0.9828133580218749,2.038336564344589,7.613013740952763,0.6328120430510779,0.7742833049235192,0.16886110105435226,0.7274636937633198
0.983240087835616,2.04044299723176,7.620252343863851,0.6356055268705614,0.7719821519383372,0.1509729083147478,0.8361839260828571
0.9833029657553735,2.040782550775004,7.621812624003509,0.6362079939768531,0.7714865457229024,0.11961380420364617,0.9133250262548296
0.983365843675131,2.041122104318248,7.6233729041431655,0.636810461083145,0.7709909395074677,0.09802304208278656,1.0185564544968044
0.9834287215948885,2.041461657861492,7.624933184282822,0.6374129281894368,0.7704953332920328,0.09802304208278656,1.0372419177765808
0.9882670305403081,2.067072798253007,7.7410130318259345,0.6810403935456177,0.732230169066965,0.09802304208278656,1.0431327809581967
0.9889946943444493,2.0714997815756355,7.771842676628724,0.6922469825200618,0.7216462618650218,0.09802304208278656,1.0504919215045565
0.9899159286494876,2.0761371952013583,7.813308575284082,0.7070443370036311,0.7071252338197835,0.09802304208278656,1.0755725321171372
0.9893105694637631,2.081026776522269,7.861110767847474,0.7237212154300242,0.6900060539354471,0.09802304208278656,1.1121018333940769
0.9890536395110254,2.086183018483222,7.911100405563277,0.7407425921631468,0.6717055336430932,0.09802304208278656,1.138120618842218
0.988096222374405,2.0892739512213607,7.937438506491741,0.7495287100394505,0.6618970073582144,0.09802304208278656,1.172742870698957
0.9879959201701437,2.089765403992486,7.9410808228614265,0.750730918819413,0.6605291681455011,0.10108653754672067,1.1756736516952515
0.9878956179658823,2.090256856763611,7.944723139231113,0.7519331275993754,0.6591613289327878,0.10533345857934771,1.1756736516952515
0.9859564954039969,2.1045532981029074,8.057375476388584,0.7878726138471044,0.6158032853086083,0.10631122440099716,1.1660710273434405
0.985322663216429,2.1081244062233275,8.099353276556355,0.8006085903649572,0.5991213691286853,0.10910806260145522,1.1492981718015964
0.9842913675922437,2.1114652235822304,8.13700886508201,0.8117324335719143,0.5839325070956349,0.11045531928539276,1.1077032701133924
0.9827022155862484,2.115084028986621,8.174541008176465,0.8225402814649763,0.5685929193051954,0.11045531928539276,1.0751426006443727
0.9807955066468345,2.1200783814051,8.220057429134632,0.8352657927982666,0.5497273956845952,0.1113548381173877,1.0654408693313597
0.9780012974729574,2.125457637194523,8.265172948244343,0.8474635910517286,0.5307541475065174,0.11697267785147837,1.0609316561756421
0.9753235348145475,2.1318528740103564,8.3193591390024,0.8614291653988302,0.5075459165439287,0.12288759648799896,1.040935062685879
0.9717182383204831,2.1372735321828453,8.368893828167915,0.8731371325437013,0.48573030950696255,0.13007167488066937,1.0339456915855407
0.9681129418264187,2.142694190355334,8.418428517333432,0.8848450996885723,0.46391470246999644,0.13531987369060516,1.0339456915855407
0.9645076453323542,2.1481148485278223,8.467963206498947,0.8965530668334433,0.44209909543303033,0.13531987369060516,1.0339456915855407
0.9600806258494018,2.1537432077086,8.520351551783147,0.9081103516953957,0.4186059361536338,0.13531987369060516,1.0339456915855407
0.9558243404786784,2.1588573040920944,8.571892602700613,0.9185785370824944,0.3950598390990525,0.13531987369060516,1.0339456915855407
0.9507298523775496,2.1643574211202847,8.623126136415816,0.9283720438368646,0.3713921199357231,0.13531987369060516,1.0339456915855407
0.9443740815301531,2.169815949476978,8.67467705765505,0.9376482973587866,0.34734692920722343,0.13531987369060516,1.0339456915855407
0.9381205442105507,2.1764092508853943,8.729309336996158,0.9467952445900131,0.32161093413294073,0.1366060032202908,1.0339456915855407
0.9310335178002308,2.1812714970805547,8.767930150950994,0.9528407116848545,0.3032729076968346,0.14308719537686532,1.0339456915855407
0.9303618028276975,2.1817820467776508,8.772621070103277,0.9535450821924272,0.3010358594794314,0.15189623832702637,1.0316885643325775
0.9296900830531528,2.1822926001246072,8.777312022790388,0.954249457735462,0.2987987952696331,0.1618978851758335,1.0116870673511602
0.9290183680806195,2.1828031498217038,8.782002941942672,0.9549538282430347,0.2965617470522299,0.18580544517715214,0.9365858833008819
0.9036238706886192,2.1985374183519206,8.971884903838474,0.9787608820754733,0.20469684084114576,0.20866777821544177,0.8783896780287502
0.9009794643572271,2.1998739096661972,8.991639833141475,0.9807402341772934,0.19502037299537509,0.25965869426727295,0.6698954347954528
0.8908791785928134,2.2042185138245842,9.051551193776623,0.986130563468475,0.16555673756472955,0.29995158994529697,0.5551007110826983
0.8858015172158841,2.2059189170502385,9.07019090286321,0.9876157629076525,0.15635672205269618,0.35087709925397026,0.4069851313077483
0.8783442947077629,2.208394581891945,9.092992743286066,0.9893069702514067,0.14508309093996988,0.37729974572848046,0.3442068174268275
0.8693772290686184,2.2113790245098075,9.115689139230037,0.9908585094229078,0.13384292868722664,0.3843956839252638,0.3236708852031653
0.8671666590655588,2.212107920815237,9.120810831287466,0.9911947630638037,0.13130462964434017,0.39216949455947214,0.29413048338558495
0.8662974708375749,2.212472375161946,9.122741789338123,0.9913181996042426,0.1303472136745657,0.40446318967768385,0.2627083604227025
0.865428282609591,2.212836829508655,9.124672747388782,0.9914416361446814,0.12938979770479125,0.41713422536849976,0.19153191057637028
0.825936841586212,2.220937291170753,9.181657839475255,0.9948300935589867,0.10110304557676317,0.4231970569087923,0.11440050369217639
0.8124632287538058,2.2239356859819805,9.194506338743253,0.9954627914120103,0.09471032179184134,0.43178888857640435,0.040646331635521005
0.7996810150370928,2.2266451553502997,9.204444599315972,0.9959133345693845,0.08976188661393518,0.43371057510375977,0.006133366330266085
0.7876771989236293,2.229075312545919,9.209790501353135,0.9961403567245999,0.0870987239462444,0.43371057510375977,0.0
0.7730202811744973,2.231789609509337,9.211831407929234,0.9962183572238426,0.08608126810884653,0.43371057510375977,0.0
0.7585679466537327,2.2344295226740685,9.210328765746986,0.99615506758588,0.0868298690665325,0.4264808604926481,0.0
0.7509411891357436,2.235828818106309,9.209285375793616,0.9961172983092887,0.08735021841821741,0.412946566148884,0.0
0.7495995208516204,2.236094335064034,9.209153534321134,0.9961132353207871,0.08741603211756231,0.40957290937305046,0.0
0.7482578525674972,2.2363598520217587,9.209021692848653,0.9961091723322856,0.08748184581690721,0.3993756760673157,0.0
0.7343918260149935,2.2390722400650196,9.207874564349781,0.9960665166958673,0.08805385362491508,0.38442665563239714,0.0
0.6872996271244768,2.2482270967821543,9.203952657669447,0.995905182335951,0.09000811010208665,0.37283681262043145,0.0
0.674652177313711,2.2513741700980137,9.205102151029317,0.9959432850348724,0.08943449808648972,0.35331297988949223,0.0
0.664304605031493,2.2542508906395615,9.206634904565046,0.9960091295585788,0.08867098494107344,0.3491902451754118,0.0
0.6512040404911217,2.257029292806031,9.208187407372323,0.996082281634018,0.08789821262926134,0.345222233646067,0.0
0.6401999527816363,2.2593511431915774,9.209226040459665,0.996126787436376,0.08738083062767027,0.34254056215286255,-0.0012475867375927653
0.6346200983848369,2.2604367557213934,9.209028265762555,0.996112674834786,0.08747885346813929,0.33777876288409503,-0.09366509677118848
0.6336216269684014,2.260755547178644,9.208837586081211,0.9960993532423973,0.08757338405728118,0.33158399870419586,-0.14074533252789
0.632623155551966,2.2610743386358942,9.208646906399865,0.9960860316500086,0.08766791464642308,0.33010828495025635,-0.16770835891366004
0.6311425225972382,2.2614804806059112,9.20842262644749,0.9960712185063697,0.08777917780792456,0.33010828495025635,-0.16770835891366004
0.5857302472992041,2.2699599080009625,9.200950329785988,0.9957440956294468,0.09150074217684633,0.33010828495025635,-0.1721193650882955
0.5747579232591087,2.272240111232301,9.194354811346052,0.9954415780598322,0.09478440368078622,0.33010828495025635,-0.183181404042504
0.5641335446626001,2.2745528515427966,9.189794831089236,0.9952218210670767,0.0970536494188932,0.33010828495025635,-0.1773322628238717
0.553687474763831,2.2768936369500703,9.18445102094032,0.994954954873178,0.09971203903138172,0.32633029461636365,-0.18345591947436332
0.5433159291063394,2.2791340881473925,9.178132265677752,0.994627098358916,0.10285415947592379,0.32596418261528015,-0.18345591947436332
0.5353297573078423,2.280773756482882,9.173420132887626,0.9943771794362624,0.10519676941961045,0.33010828495025635,-0.18289292493664167
0.5344667512541702,2.2809582469703003,9.172991093771335,0.9943545416179197,0.10541007524281315,0.32596418261528015,-0.18345591947436332
0.5336037452004982,2.281142737457718,9.172562054655046,0.9943319037995769,0.10562338106601583,0.32596418261528015,-0.18345591947436332
0.5327407391468262,2.281327227945136,9.172133015538755,0.9943092659812341,0.10583668688921852,0.32596418261528015,-0.18345591947436332
0.4908828656107887,2.2920509415643893,9.149874486166254,0.9930863352132715,0.1168977778578678,0.32700618491052225,-0.18345591947436332
0.4805642191029487,2.2945632728911485,9.142910675675006,0.9926698135470525,0.12035447324456186,0.3299090819861244,-0.18345591947436332
0.4700516335109182,2.297321491750569,9.13626203381049,0.9922602766359571,0.12365326255977094,0.32596418261528015,-0.16872177848084405
0.45998882346135617,2.300247952879865,9.130053304518368,0.9918646281799468,0.12673210444744684,0.32596418261528015,-0.18345591947436332
0.4507699980515128,2.3029947038949183,9.124774585775267,0.9915221131611011,0.1293489515540923,0.32596418261528015,-0.17462555728507512
0.4398163355238544,2.306145491460821,9.11918054385975,0.9911632076261316,0.13212265201208287,0.32596418261528015,-0.18345591947436332
0.43812424933160565,2.3066326846595184,9.118475685270257,0.9911178800811126,0.13247213207262448,0.32596418261528015,-0.18345591947436332
0.4371797981409172,2.30690374001016,9.118101529232774,0.9910936532201449,0.1326576228947548,0.31767600774765015,-0.23870842686771995
0.43623534695022875,2.3071747953608015,9.11772737319529,0.9910694263591772,0.13284311371688512,0.31767600774765015,-0.24644611924886703
0.4019977973354763,2.3175399730097155,9.097795542796034,0.9896774847668225,0.14271054951797096,0.31767600774765015,-0.24857426073438463
0.3915953944513908,2.320951168921226,9.08960900664263,0.9890806726195434,0.1467597095479475,0.31767600774765015,-0.26820765123967116
0.3808139169578181,2.324576270726436,9.080352278336907,0.9883843451280078,0.15133495457403026,0.3158252753077043,-0.30607228192489555
0.3710508478335715,2.327855066382283,9.072469660339355,0.9877774037611958,0.1552288566173919,0.3118400017338371,-0.39171417450076257
0.36029662372701515,2.331412385547462,9.06261367665722,0.9870068413433071,0.16009574974428956,0.30585681912008966,-0.4465047949871967
0.3501255342107522,2.3350199345418443,9.051029653655608,0.9860794166113195,0.16581254498041645,0.30524373054504395,-0.46082651839452343
0.34252827287513754,2.3379712573608216,9.040339574787117,0.9851534254722804,0.17107616101990106,0.30524373054504395,-0.46691182553768157
0.33304406592517233,2.3416904948029846,9.025556167165957,0.9838289408624332,0.17834756420119424,0.30524373054504395,-0.46691182553768157
0.3235598589752071,2.3454097322451473,9.0107727595448,0.9825044562525862,0.18561896738248745,0.30524373054504395,-0.45116429328918456
0.31469872874087584,2.348933926053529,8.99671340904315,0.9812294459133293,0.1925313633234109,0.30524373054504395,-0.45116429328918456
0.30489260698115733,2.353296319598455,8.977205399147719,0.979309457112462,0.20209391934314055,0.30524373054504395,-0.45116429328918456
0.2957192517932223,2.357877264130161,8.958036720791508,0.9773151868702203,0.21146784808771088,0.30524373054504395,-0.44399176536515084
0.2882716221278226,2.360839026985183,8.946668241632903,0.9761042881983258,0.21702123528813835,0.30524373054504395,-0.4382131268184853
0.27854637976869984,2.365565061141885,8.930909152345656,0.9743727531525639,0.2247076993655559,0.30524373054504395,-0.45116429328918456
0.2691321569673321,2.3701952528795376,8.913823916877497,0.9724267109952358,0.23302527401794562,0.30524373054504395,-0.45116429328918456
0.2653653713732647,2.372197789257919,8.907122902454969,0.9716430749690386,0.2362827032441688,0.30524373054504395,-0.45116429328918456
0.2645687429646006,2.372631129210225,8.905866484817272,0.9714945905354363,0.23689308635134473,0.3036104984712288,-0.45116429328918456
0.2637721088609335,2.3730644722604275,8.904610058197596,0.9713461050403361,0.23750347382207784,0.3052143800683758,-0.45116429328918456
0.2350131818056737,2.3897152241565505,8.856657104355666,0.9653722914061384,0.2607222533350285,0.3014093723044331,-0.45116429328918456
0.2261177153050399,2.3951238708105866,8.842436670822634,0.9634950643628248,0.2675798751049892,0.30109962821006775,-0.46181491231191046
0.21772534213755806,2.4001209949428226,8.828337291908056,0.9615894399799201,0.2743668396511976,0.30109962821006775,-0.46691182553768157
0.2093990608588087,2.405478037440404,8.814793728992589,0.9597094747908435,0.280872178920141,0.30109962821006775,-0.4679478473961353
0.20100656059068994,2.410950112418662,8.799193262497727,0.9574940290727818,0.2883509017869871,0.30109962821006775,-0.4866388006849693
0.1930039729671794,2.4166471089409023,8.784017137760426,0.9552792915716343,0.2956083107312241,0.29695552587509155,-0.4992892803011762
0.18776394707783658,2.420439673685448,8.772694371253818,0.953588102826345,0.30101100643327555,0.29449800336255566,-0.5141544789075851
0.1870147115331467,2.421060646803946,8.770602766073567,0.9532701041507968,0.3020072548893268,0.29281145334243774,-0.5141544789075851
0.18626547598845677,2.421681619922445,8.768511160893317,0.9529521054752487,0.303003503345378,0.29281145334243774,-0.5141544789075851
0.16397401558312252,2.4381544036711356,8.721692101900317,0.9456024807336861,0.3252279844433233,0.29281145334243774,-0.5141544789075851
0.15559141157528994,2.4454015559437052,8.70262193556464,0.9424574111216569,0.3342290865900125,0.290711000613851,-0.5141544789075851
0.1488447744566971,2.4511312571186914,8.684389227064493,0.9393712589807535,0.34280682710271815,0.28866735100746155,-0.5141544789075851
0.14258096769547898,2.4563805218097943,8.668911236571569,0.9366903877430883,0.3500663580673772,0.28866735100746155,-0.5141544789075851
0.13461049065156094,2.463555953820831,8.651057643209773,0.9335248653162297,0.35841268694184825,0.28452324867248535,-0.52179566785972
0.12795079884971544,2.4699582640747186,8.634027022760305,0.9304431794975756,0.36635047133687176,0.28452324867248535,-0.5449072573987819
0.12189150012793509,2.4759534191225363,8.618663037950775,0.9276019301849189,0.3734874414819808,0.28037917613983154,-0.5456496000289917
0.12134445702768541,2.4764889168616975,8.617132877202826,0.9273150636229133,0.37419667962070463,0.28037917613983154,-0.5456496000289917
0.12079741392743572,2.4770244146008586,8.615602716454879,0.9270281970609078,0.3749059177594285,0.2784915213147569,-0.5456496000289917
0.12025037082718604,2.47755991234002,8.614072555706931,0.9267413304989023,0.3756151558981523,0.27623507380485535,-0.548849751104861
0.0973066946975258,2.5019260814619164,8.547665395150029,0.9137608997478739,0.40617353265316086,0.27420897125176336,-0.5613971322774887
0.09182398557169033,2.5082361031976284,8.531399062290413,0.9104275363459093,0.41359192309035336,0.27209097146987915,-0.5613971322774887
0.0858593748077073,2.5159954658376735,8.511067788637346,0.9061716590462442,0.42282337728986685,0.2716527384380096,-0.5613971322774887
0.08047063343574656,2.5224510578982646,8.49318746778031,0.9023585103385156,0.4309091860380591,0.26639074418543973,-0.5613971322774887
0.07508050615332429,2.529110015154247,8.475654922045793,0.8985503243496415,0.438804753231056,0.2627537470057698,-0.5613971322774887
0.07006551290561315,2.5357499863557185,8.459190116668761,0.8949142181595374,0.4461903773607962,0.25965869426727295,-0.5613971322774887
0.0697386356729741,2.5362504005528557,8.45762890421717,0.8945640904042259,0.44688803689579226,0.25965869426727295,-0.5613971322774887
0.06941175844033504,2.5367508147499924,8.456067691765577,0.8942139626489144,0.4475856964307884,0.25965869426727295,-0.5613971322774887
0.06908488120769599,2.5372512289471296,8.454506479313984,0.8938638348936029,0.44828335596578445,0.2583840004917172,-0.5613971322774887
0.06875800397505694,2.5377516431442664,8.452945266862393,0.8935137071382915,0.44898101550078057,0.25551462173461914,-0.5613971322774887
0.0476704587593902,2.569105583174397,8.364863719098494,0.8728811959982213,0.4878845136144199,0.25551462173461914,-0.5613971322774887
0.04331458783177619,2.5766898115275523,8.34528220329742,0.8680593219144117,0.49640524353924015,0.25551462173461914,-0.5613971322774887
0.040508404156092914,2.581687388454476,8.330818271738101,0.8644427064721434,0.5026676817002796,0.25551462173461914,-0.5613971322774887
0.03655024640680218,2.589108639243717,8.312640784084556,0.8598374853113935,0.510502941391704,0.25551462173461914,-0.5613971322774887
0.03216174654202495,2.5975241506110978,8.29144703678335,0.8543752174951528,0.5195830406187717,0.25551462173461914,-0.5613971322774887
0.031093526059834883,2.5994398868788906,8.28657399244056,0.8531029990156297,0.5216609348392482,0.25551462173461914,-0.5613971322774887
0.03080103812373468,2.600045275114444,8.285123468667521,0.8527235867785053,0.5222790015558549,0.25551462173461914,-0.5613971322774887
0.030508550187634476,2.6006506633499975,8.283672944894482,0.852344174541381,0.5228970682724616,0.25551462173461914,-0.5613971322774887
0.01928237124819867,2.626906356665259,8.22134212051968,0.8356440772463904,0.5492074153017626,0.25551462173461914,-0.5613971322774887
0.016141944146599113,2.6346644580981855,8.202908167323793,0.8305551170422629,0.5568917859968585,0.25551462173461914,-0.5613971322774887
0.01359015370033327,2.6425885693110063,8.183281542145089,0.8250311429509319,0.5650022410365284,0.25551462173461914,-0.5613971322774887
0.01036863034273051,2.6501556035925247,8.165905621394622,0.8200817579127874,0.5721419754256263,0.25551462173461914,-0.5613971322774887
0.007648820266379629,2.6588674510349617,8.14653180849725,0.8145127099691389,0.5800673461185825,0.25551462173461914,-0.5613971322774887
0.005355198372071524,2.6652589317748685,8.128102798345928,0.8091507741377422,0.5875607261067602,0.25551462173461914,-0.5613971322774887
0.003832973998420878,2.670086127216613,8.118297906128385,0.8062618513506816,0.5915214026413398,0.25551462173461914,-0.5613971322774887
0.0034662796618647627,2.670623995568042,8.11521363085767,0.8053486494840981,0.5927640435827876,0.25551462173461914,-0.5613971322774887
0.0030995853253086474,2.671161863919471,8.112129355586957,0.8044354476175147,0.5940066845242352,0.25551462173461914,-0.5613971322774887
-0.0037947575221222492,2.69374731687935,8.05867312758971,0.7882775988480695,0.6152963245823405,0.25551462173461914,-0.5613971322774887
-0.006548128734487035,2.702208951880534,8.037411060691822,0.7816986984597081,0.623646994309448,0.25551462173461914,-0.5613971322774887
-0.008044588519417636,2.710363337805109,8.019512048558566,0.7760836973197611,0.6306157599463194,0.25551462173461914,-0.5613971322774887
-0.009312148961951473,2.7181969236820738,8.001577274247403,0.7703969512558164,0.637549223588607,0.25551462173461914,-0.5613971322774887
-0.010539936949949117,2.726514492041557,7.981434439532995,0.7639367428195084,0.6452755607386783,0.25551462173461914,-0.5613971322774887
-0.011667628087933535,2.735387643070177,7.962702421873475,0.7578597658895465,0.6524022763861839,0.25551462173461914,-0.5613971322774887
-0.012567208453997102,2.743384363544768,7.942707014041647,0.7512794490432767,0.659928548581681,0.25551462173461914,-0.5613971322774887
-0.013180055641274072,2.750868634239911,7.926068230580983,0.7457062054487942,0.6661046051620139,0.25551462173461914,-0.5613971322774887
-0.013792902828551043,2.7583529049350544,7.909429447120319,0.7401329618543117,0.6722806617423467,0.25551462173461914,-0.5613971322774887
-0.014405750015828014,2.7658371756301974,7.892790663659654,0.734559718259829,0.6784567183226795,0.25551462173461914,-0.5613971322774887
-0.015137141083465108,2.7748669364560965,7.87186299904829,0.7274477042628099,0.686131144742335,0.25551462173461914,-0.5613971322774887
-0.015430663725596728,2.7829726073188255,7.854110253622239,0.7213269323348647,0.6925593608531709,0.25551462173461914,-0.5561115537533832
-0.01552221365298025,2.7857286848854073,7.8479402842913455,0.719187329258578,0.6947816933193253,0.25904509322883235,-0.5188178719523809
-0.015519978858084094,2.7875598292517316,7.843998590734119,0.7178135890792241,0.6961947611618096,0.26353111536828994,-0.46794421051451357
-0.015241951945059997,2.806602013993198,7.8018390424620945,0.7029819071549511,0.7111727247697095,0.26380279660224915,-0.46691182553768157
-0.014847251475229011,2.81419196806083,7.786197564417266,0.6973967883402037,0.716646927758692,0.26380279660224915,-0.4533531964752083
-0.014810729035107066,2.8148895746938716,7.7849383409375585,0.6969452033385782,0.717085630699034,0.26380279660224915,-0.45116429328918456
-0.014774206333890481,2.815587186314021,7.783679108455811,0.6964936151086246,0.7175243367756117,0.26380279660224915,-0.45116429328918456
-0.014737683893768535,2.8162847929470627,7.782419884976103,0.6960420301069992,0.7179630397159537,0.26380279660224915,-0.45116429328918456
-0.01203171341957108,2.846325966737275,7.728147865046131,0.676303873275406,0.7365826090048577,0.26380279660224915,-0.45116429328918456
-0.01044243122261653,2.857294219371671,7.712205722682148,0.6704083661342731,0.7419468041341069,0.26380279660224915,-0.4555220633359199
-0.00921488605087913,2.867724008051885,7.69552629640577,0.6641937363751974,0.7475077139051014,0.26380279660224915,-0.4620082488760585
-0.008211485579962992,2.8758228027037664,7.680868600644836,0.6586921525165179,0.7523491735649759,0.26380279660224915,-0.4558161586159521
-0.00690654263698383,2.8839727549428122,7.671095491280262,0.6550000524224291,0.7555498458701505,0.26380279660224915,-0.4614297306402522
-0.00523390130945047,2.8931602557602614,7.654232746075631,0.6486088185008905,0.76104816123472,0.26380279660224915,-0.45775809311782706
-0.004946771425763062,2.8949492850267156,7.651912645607404,0.6477230563269479,0.7617971663437312,0.26769652431805946,-0.45116429328918456
-0.004803686654226577,2.8957310257679563,7.650570888500511,0.6472119218933725,0.7622316385260695,0.26794689893722534,-0.44302450341635724
-0.004660601882690093,2.896512766509197,7.649229131393616,0.6467007874597971,0.7626661107084077,0.27283560170858573,-0.43541673272848125
0.0010363354655076524,2.9243332015476904,7.592620483748998,0.6248822672859112,0.7806930707265177,0.2761056348938668,-0.43541673272848125
0.003709865661819911,2.9352169695812833,7.578271615726978,0.6192430532371177,0.7851280417910592,0.27623507380485535,-0.419669172167778
0.0060712074631482605,2.9436515584172214,7.565687834750777,0.6142887755263264,0.7890059622854125,0.27623507380485535,-0.419669172167778
0.007961098771913123,2.9505594995266353,7.55078653537199,0.6084011470922088,0.7935713157281638,0.28452324867248535,-0.3833151957704085
0.010546579544303715,2.9595054429027683,7.534657775778323,0.6019901458219447,0.7984628994098251,0.2859838321899719,-0.3724265187978744
0.013317140526621344,2.968416312059522,7.5225264911446095,0.5971378345249032,0.802102225314996,0.28866735100746155,-0.3566789865493774
0.014837242209968361,2.9730627858720906,7.519522206721697,0.595920979764493,0.8029830825645873,0.28866735100746155,-0.3566789865493774
0.014859908649427584,2.9737716658110163,7.5167826121299735,0.5948224271674771,0.8038012417518869,0.28866735100746155,-0.3566789865493774
0.014882575088886808,2.9744805457499415,7.51404301753825,0.5937238745704612,0.8046194009391865,0.2896732832692132,-0.3566789865493774
0.024657462455470337,3.0024090054651325,7.475287111087859,0.5780238303993341,0.8159760321328137,0.2926784691103244,-0.3566789865493774
0.0285357790588451,3.012824575050573,7.462134087157973,0.5726460922166088,0.8197611695871702,0.29105054658644897,-0.3566789865493774
0.03216683561595929,3.0219255762324653,7.448662119668857,0.5671104631819155,0.8235987436313769,0.2887764290749391,-0.3566789865493774
0.035924895452614666,3.0306638571825975,7.437315104282285,0.5624278188502208,0.8268017289742353,0.29005534659456916,-0.3566789865493774
0.039556023422589646,3.0392603263689884,7.425816860872395,0.5576666580014168,0.8300237335768862,0.29281145334243774,-0.34407947361647173
0.04243998203507388,3.0479237021534265,7.414111669244424,0.5527973771090303,0.8332703358906025,0.29672860143392926,-0.34093142598867415
0.044005732243857634,3.0517398242300935,7.409075637466774,0.5506975023507392,0.8346597415045504,0.29281145334243774,-0.34093142598867415
0.04427467314820609,3.052355548409772,7.408244688308808,0.5503505452289837,0.8348882734736033,0.295657647422604,-0.34093142598867415
0.044543614052554546,3.052971272589451,7.407413739150843,0.5500035881072283,0.8351168054426562,0.29695552587509155,-0.340521136992779
0.044812554956903,3.0535869967691296,7.406582789992877,0.5496566309854728,0.8353453374117092,0.29695552587509155,-0.32734271097124
0.0613764956222195,3.0878588396617697,7.363741223717058,0.5316401187102999,0.846930016570251,0.3011257006505275,-0.2931933974078479
0.06772950567721213,3.0989386242647416,7.350403874844029,0.5259835388830759,0.8504614991766117,0.30524373054504395,-0.19855948644114935
0.07203253903260043,3.10781132985679,7.337108578877878,0.5203127259349614,0.8539299400222122,0.3112332103639636,-0.1379358114708163
0.0766476125383397,3.116513495636595,7.3278472652618305,0.5163515375572744,0.8563278969254027,0.31767600774765015,-0.014024116691495662
0.0814452560795612,3.1252829858304034,7.323388963745337,0.514439289141546,0.8574733223040919,0.32535558631719297,0.0
0.08511514704057592,3.1317159344542422,7.322820712796356,0.5141956523987802,0.8576194766685548,0.32596418261528015,0.0
0.0855051841105008,3.132384553225342,7.32289539801494,0.5142275369238675,0.8576000397861857,0.32596418261528015,0.0
0.0858952211804257,3.133053171996442,7.322970083233524,0.5142594214489548,0.8575806029038165,0.32596418261528015,0.0
0.08628525825035059,3.1337217907675416,7.323044768452107,0.5142913059740422,0.8575611660214475,0.31790242608907615,0.0
0.09851129987614601,3.155564565453102,7.327109412319265,0.5160355278924423,0.8565182279728201,0.31767600774765015,0.0
0.11374351166387296,3.1826112671116777,7.330330220289895,0.5174175020956552,0.8556915756264688,0.31617971146267615,0.0
0.11882129305161229,3.192032086741991,7.330068461366977,0.517306417917627,0.8557607973828099,0.3109515436050678,0.0
0.12377048558016442,3.2011186220727197,7.3298963732172675,0.5172314781384116,0.8558031465207866,0.30173446836890877,0.0
0.12736407529355356,3.2075196265944252,7.329404788830536,0.5170189918412216,0.8559267409555287,0.2960766693755254,0.0
0.13368704967562414,3.21869635460711,7.328612932078485,0.516681434758103,0.8561336449573927,0.2899258616802732,0.0
0.13414760618932706,3.219577098335444,7.328496568748984,0.5166321419514005,0.8561645658016492,0.28866735100746155,0.0
0.13460816270302997,3.220457842063778,7.328380205419483,0.5165828491446981,0.8561954866459056,0.2881015212575625,0.0
0.13506871921673289,3.221338585792112,7.328263842089982,0.5165335563379957,0.8562264074901621,0.2849283104539149,0.0
0.1518222656679881,3.251442025955034,7.327483875235038,0.5161977674927974,0.8564247366327578,0.28452324867248535,0.0
0.1566708393203966,3.260019367397809,7.328333698740799,0.5165566436794077,0.8561970629316509,0.2835725362004627,0.0
0.16147105963231095,3.268365953973429,7.328706982493856,0.5167141580090304,0.8560968611708648,0.2806848293841537,0.0
0.16549829555538054,3.27566993521714,7.329189315465313,0.5169196630907648,0.8559706626715797,0.2788256850115352,0.0
0.17039453573318858,3.2843056983077887,7.330027539047266,0.5172791514204199,0.8557552412562214,0.28037917613983154,0.0
0.17514684768124722,3.2929925387951418,7.329701152302025,0.5171415407520942,0.8558430387061734,0.28037917613983154,0.0
0.1767611606694132,3.2958236848170586,7.3296528077696825,0.5171193557393912,0.8558530610739866,0.28037917613983154,0.0
0.17720260008513214,3.296623757907234,7.329577893026822,0.5170875254612902,0.8558728079569502,0.28037917613983154,0.0
0.1776440395008511,3.29742383099741,7.329502978283961,0.5170556951831893,0.8558925548399137,0.28029729252016616,0.0
0.1920245790271257,3.323136213087788,7.328850448025735,0.5167685465176697,0.8560481640546683,0.2745996739594435,0.0
0.19610506864267305,3.3304408551362528,7.328353315317117,0.516555426011862,0.856176058980872,0.26627672419497345,0.0
0.20255984421241027,3.3414917952559438,7.328796442282115,0.5167495365310922,0.8560689201945871,0.26380279660224915,0.0
0.20700644576863933,3.349746088405934,7.328915425353712,0.516806906439774,0.8560488470141915,0.26380279660224915,0.0
0.2114676103244359,3.358012459663888,7.3296986098194195,0.5171461225768559,0.8558530793526845,0.26380279660224915,0.0
0.21580130757698968,3.3655100595818404,7.330449841706471,0.5174630661918689,0.8556513430157643,0.26380279660224915,0.0
0.21720642527900633,3.368015661438856,7.330314731276875,0.5174049967007228,0.8556858609254194,0.26380279660224915,0.0
0.2175898853397038,3.3686622392221093,7.330376372833013,0.5174307414576637,0.8556688754047718,0.26794689893722534,0.0
0.21797334814171226,3.3693088216276714,7.330438014829818,0.5174564863986508,0.8556518897626967,0.26794689893722534,0.0
0.23218195376846673,3.395043104525224,7.331179037733512,0.5177722709235325,0.8554581102208726,0.26794689893722534,0.0
0.2363788541279197,3.4024492432432507,7.330847525354288,0.5176308000074041,0.8555444738486558,0.270472278964214,0.0
0.2415435719773389,3.411539116302328,7.330558760717646,0.5175086570071976,0.8556214963299178,0.2703665969379414,0.0
0.24557460225357947,3.4189116224088414,7.3298637688748665,0.5172111952776014,0.8558011023314738,0.27209097146987915,0.0
0.25037796754114344,3.427691999753912,7.32885274937941,0.5167786919906704,0.8560627440904514,0.2711462261837486,0.0
0.2548022012689995,3.435533611642417,7.328008832203131,0.516418061973123,0.8562817866322062,0.2681792992358229,0.0
0.2576515731829563,3.440636718231643,7.32796483778568,0.5163987118642069,0.856292293618223,0.27198756428081694,0.0
0.2583929127060206,3.441951214668141,7.328008750578258,0.5164170512882529,0.8562801899308281,0.267001399038253,0.0
0.25913425222908487,3.443265711104639,7.328052663370835,0.5164353907122989,0.8562680862434331,0.2645294298351798,0.0
0.2598755917521492,3.4445802075411365,7.328096576163413,0.5164537301363449,0.8562559825560382,0.26794689893722534,0.0
0.2758190096792293,3.4715320284363305,7.335191900901761,0.5194951819746411,0.854429909490504,0.26794689893722534,0.0
0.28172781106123596,3.4821983948306325,7.336351120639855,0.519991153843215,0.8541300135004858,0.26794689893722534,0.0
0.2855483442404206,3.4896947681336665,7.332746684979047,0.51845099104722,0.8550657783868992,0.26752299960174075,0.0
0.2895899288296288,3.4974094915019442,7.332028384126413,0.5181450160870548,0.8552538327288429,0.2600128271638824,0.0
0.2934016138678372,3.50468611021227,7.331523125277814,0.5179310956040994,0.8553882687482466,0.25965869426727295,0.0
0.2974970755893744,3.512257793188065,7.332310637596349,0.5182698305098598,0.8551874990995962,0.25657989551599186,0.0
0.2978745074875959,3.5129448622498134,7.3322627635728015,0.5182493858693034,0.8551999478279994,0.256193372049696,0.0
0.29825193938581746,3.5136319313115614,7.332214889549254,0.518228941228747,0.8552123965564026,0.2571944953199677,0.0
0.298629371284039,3.5143190003733094,7.332167015525707,0.5182084965881905,0.8552248452848058,0.2402599715385469,0.0
0.3147838375102181,3.543091429389245,7.331919307205345,0.5181018111987533,0.855287769346964,0.23254592317118028,0.0
0.31906407241329515,3.549962493853062,7.3376032534211,0.5205278451110582,0.8538076619367192,0.21815944998607317,0.0
0.32239987871351244,3.5570241555666158,7.3318494816366115,0.5180728996526666,0.8553074241827471,0.20500671752404145,0.0
0.32665288024337674,3.563920732915783,7.33606095226097,0.519874161819878,0.854216840764109,0.18000196818107783,0.1133569995054316
0.3298908621300236,3.570112461547129,7.333008067357867,0.5185688701272246,0.8550081263941456,0.17286014071788103,0.18120431161326667
0.333091836254911,3.5770067855944694,7.330589896575375,0.5175299723102702,0.8556266365501349,0.15183462224272365,0.32524490654468535
0.3351535690689642,3.581215015700042,7.335289533926157,0.5195220599497049,0.854380291772717,0.13974005228248276,0.35569085389636684
0.33757039967505936,3.5846199190583294,7.344743826221656,0.5235494135125686,0.8519055847912252,0.12517929494762814,0.37600710212939725
0.3399872302811545,3.5880248224166174,7.3541981185171545,0.5275767670754321,0.8494308778097335,0.11874350160360336,0.4037014428491752
0.3424040608872497,3.5914297257749053,7.363652410812652,0.5316041206382957,0.8469561708282416,0.11459941416978836,0.44430195797836686
0.34496405494859067,3.5966335890988668,7.384729999242016,0.5404996765285006,0.8413057655857784,0.11459941416978836,0.48403091350826516
0.3462838630307269,3.6003187879434195,7.397379948396647,0.5458113901445607,0.8378723490865532,0.11459941416978836,0.5116015863957171
0.34767895256179976,3.602729828162686,7.41013466021021,0.5511412146152767,0.8343707911782134,0.12288759648799896,0.5711848928942161
0.3500364682638499,3.6069403236571485,7.434300942039609,0.5611812924587243,0.8276486690453236,0.13038063823841853,0.5899317320457975
0.35155368900879735,3.611245144588801,7.453252438466967,0.5689991446888727,0.8222948011077423,0.13825305093606186,0.6040993680483452
0.35221780404222996,3.612484729994094,7.459877374096541,0.5717191583062521,0.8204045363536951,0.14693881718021898,0.6371052686628285
0.3524196991776082,3.6128817967658127,7.461883863379489,0.5725396230458042,0.8198272404886907,0.15418431300861468,0.6917859353344405
0.35262159431298634,3.613278863537532,7.463890352662436,0.5733600877853562,0.8192499446236863,0.1730908543930763,0.7925002988861496
0.35563915923531025,3.622009153527899,7.501562135558994,0.5885918106672231,0.8081722305178924,0.17676079273223877,0.8411637842407532
0.3594115720720621,3.636109692132761,7.556086506348579,0.6105028101036627,0.7919573272819018,0.18919306993484497,0.8999137488211163
0.3615792836148091,3.6423368115046446,7.584674209722604,0.6217593581510438,0.783149222107084,0.19264037249424915,0.9079653203487396
0.36309958999509,3.6485309272210795,7.6091311514520115,0.6312873759807107,0.7754852878233907,0.19333717226982117,0.9079653203487396
0.36453054197543655,3.6560283147359574,7.639945324396478,0.6431607631228999,0.7656683212910999,0.19333717226982117,0.9194136176247303
0.3664837782395901,3.664186541103488,7.676712322418189,0.6571314574747341,0.7537212253426118,0.19333717226982117,0.9414562304632514
0.36675472154757643,3.667731106103081,7.688330987798938,0.6614972639026433,0.7498891042469515,0.19333717226982117,0.9610410474467649
0.36693685486091726,3.6683330679296486,7.691977667450242,0.6628637624787714,0.7486820449686061,0.19333717226982117,0.9806247470219451
0.36711898817425803,3.6689350297562164,7.695624347101546,0.6642302610548996,0.7474749856902606,0.19333717226982117,1.0085583458537701
0.36952681780367097,3.685110206790584,7.7651027750881,0.6895448632572461,0.7236940490225285,0.19069927487119165,1.0282221539885543
0.3705823056169508,3.699614355709202,7.833680402688942,0.7142120604802455,0.6998885459312277,0.18090489506721497,1.0675228947630968
0.36969558307157296,3.70622682757247,7.8599297019173475,0.7233251216433055,0.6904443082383063,0.17412368078758272,1.0912094063783815
0.36993239143675244,3.7134372331217027,7.899021379282636,0.7366927584979575,0.6761857207253814,0.16847261786460876,1.1126835227012635
0.36914567671010795,3.7207570698817576,7.9311089435167865,0.747444906625007,0.6642788457018629,0.15943937016028314,1.1470098175336885
0.3688525160231599,3.727708551752535,7.968284723716166,0.7596652157447822,0.6502736950825598,0.14930212803565746,1.191421240568161
0.36801469793778846,3.7321367053681076,7.992466167934598,0.7674668908396267,0.641037411398935,0.13946396112442017,1.2398521901123858
0.36807686485219987,3.7327731636208012,7.997211034455648,0.7689820834395135,0.6392119611662748,0.12235927484481722,1.2879141731615202
0.3681390317666113,3.7334096218734945,8.001955900976698,0.7704972760394001,0.6373865109336146,0.11797683038791865,1.317401611804962
0.3682011986810227,3.734046080126188,8.006700767497748,0.7720124686392867,0.6355610607009545,0.11459941416978836,1.3494868701668021
0.3625000939086202,3.7585279178313846,8.180338347411038,0.8242209672973991,0.5662309786157663,0.11459941416978836,1.3646442651748656
0.3596036807043251,3.7618203500732195,8.209683181805463,0.8324221156001398,0.5540652997531489,0.11459941416978836,1.3646442651748656
0.3591907152201071,3.7674070431243356,8.26189955509433,0.846613249878043,0.5321527149431419,0.11145983854475029,1.3646442651748656
0.35710782785958406,3.770848720294377,8.307161046030405,0.8584186112422375,0.5128467535899857,0.11459941416978836,1.3646442651748656
0.35515810039612966,3.7738508301724023,8.349062366495426,0.8689651587541927,0.4947460784421632,0.11459941416978836,1.3646442651748656
0.3527780183578973,3.7778725240923476,8.39076112321427,0.8791037121005789,0.47652954460988706,0.11459941416978836,1.3646442651748656
0.35248902504498913,3.778164348983914,8.394086528807014,0.8798921138075433,0.47506573658673534,0.11131261570949408,1.3646442651748656
0.352200031732081,3.77845617387548,8.397411934399758,0.8806805155145077,0.4736019285635837,0.11459941416978836,1.3646442651748656
0.3519110363531935,3.7787480008532683,8.400737363765435,0.8814689228576633,0.4721381100758403,0.11459941416978836,1.3646442651748656
0.3397316743652614,3.794843508439175,8.580027978624502,0.9201858679212862,0.39132347347769947,0.11459941416978836,1.3865443972974083
0.33690916282891537,3.7976616186539434,8.620278014391475,0.9278670851239972,0.37272378479010015,0.11382662865931564,1.3961394429206848
0.3332658103188562,3.800993313293841,8.670335094009717,0.9368972007379247,0.3493836778011348,0.11106421470715513,1.3961394429206848
0.32944124583255446,3.803761490801954,8.7150065435802,0.9444546024999372,0.3283678341844176,0.11459941416978836,1.4079677522335856
0.3260773617146597,3.806069914659707,8.75313057889537,0.9505483662161041,0.310308128371876,0.11459941416978836,1.3961394429206848
0.32110148378803344,3.8096964625141694,8.808007128371292,0.9587171122987727,0.28411712842519016,0.11459941416978836,1.3961394429206848
0.32059769941654787,3.810035788451803,8.813666970697358,0.9595163659196182,0.2814026324541609,0.11459941416978836,1.3961394429206848
0.3202505453247964,3.810265901801228,8.817636692527369,0.9600728191684916,0.2794975060177549,0.11459941416978836,1.3961394429206848
0.319903391233045,3.8104960151506537,8.82160641435738,0.9606292724173651,0.27759237958134886,0.11459941416978836,1.3961394429206848
0.3042774163167807,3.8184891719596465,8.987224356297414,0.9803065765480022,0.19718497275263389,0.11957485200439602,1.3961394429206848
0.2997726055242728,3.8203394685730494,9.036320521302985,0.9848440810948205,0.1730620832467983,0.12587835550920218,1.3961394429206848
0.294907591619556,3.8215960927235875,9.084463968657339,0.9887230379597581,0.14930714706810694,0.12703168392181396,1.3961394429206848
0.29053676556714747,3.822580189382406,9.124369574450535,0.9915059026744517,0.12955103576193333,0.12757184866681642,1.3961394429206848
0.2845821641989481,3.82425461107484,9.17474966791973,0.9944637535097772,0.10453748593494572,0.1309858792497025,1.3961394429206848
0.278887923779472,3.825646020390778,9.222799702044437,0.9967011122411311,0.0806186608647132,0.13531987369060516,1.3961394429206848
0.2765586527578502,3.8258600302065124,9.241219530857146,0.9974028462600762,0.07143596092157792,0.13531987369060516,1.3961394429206848
0.27598403701809215,3.825810589833221,9.245307440211352,0.9975450091842959,0.06939703945579927,0.13946396112442017,1.3961394429206848
0.2754094212783341,3.82576114945993,9.249395349565559,0.9976871721085155,0.06735811799002062,0.13946396112442017,1.3961394429206848
0.26486535911099884,3.8259645805748854,9.340355306879342,0.9984096321648651,0.021907017333535464,0.14157922571777293,1.3884298595025157
0.24944403980803787,3.8258150224742464,9.473280535233958,0.9988733581364969,-0.04450951910517971,0.14775215089321136,1.3946553446228909
0.24260450810586914,3.8245538313194842,9.529749810145214,0.9972962389418313,-0.0726968947121229,0.14360806345939636,1.3864282422183432
0.23138449428005128,3.8225953701962703,9.612257480810491,0.9934599401610489,-0.11376682561915155,0.14859222399042338,1.361451998884138
0.22288350972850168,3.8204332526902887,9.677930583065628,0.9891917593069336,-0.14632181350950255,0.15189623832702637,1.3488459488251154
0.2152031665508617,3.818025417282764,9.740316667040487,0.9841567192587332,-0.17710325953156994,0.15337903804526704,1.3331492006778716
0.2105066801715668,3.8163705783914086,9.77935637708012,0.9805082808879981,-0.19627805375201288,0.16336517771841322,1.3331492006778716
0.2099189324006692,3.816058507984678,9.784494825076916,0.9799963703952449,-0.19879566442532964,0.16510877354741083,1.317401611804962
0.20933118462977163,3.815746437577947,9.789633273073713,0.9794844599024918,-0.2013132750986464,0.16847261786460876,1.307052821538687
0.20459667821575095,3.8131017245000844,9.829540075179382,0.9748736057348729,-0.2207212093428017,0.1754067792506453,1.2910518170391334
0.18789527917295684,3.8039288725961162,9.97127031850838,0.9571757812772108,-0.28931241148559805,0.19032393371405193,1.1785294243891187
0.18248559941794432,3.800576402970545,10.023161629166548,0.949343717929959,-0.3140453789110834,0.19856986004412724,1.1342364446776043
0.1768605645210394,3.7965302566844032,10.06919983927753,0.9418696958216599,-0.3358153857307948,0.20590543837410286,1.0969359338283537
0.17114904147354454,3.7911598565062965,10.105063485328358,0.935711107130788,-0.3526553301002922,0.21633864471241876,1.0811883449554442
0.1650965088396115,3.785934065802861,10.138201955013407,0.9297488982865167,-0.3681138636845316,0.22207571933761588,1.0811883449554442
0.16085109071357326,3.7822470486548383,10.162083903885888,0.9252852581629916,-0.37918871360150247,0.22234581410884857,1.0811883449554442
0.15983490317604496,3.7813821641162377,10.16776673796837,0.924204536910604,-0.3818164893875408,0.22993400776120385,1.0811883449554442
0.14761260729335235,3.769339907220282,10.240267051732767,0.9097588970588695,-0.4150605960617656,0.2319500656991641,1.0654408693313597
0.14155413564063793,3.762558469624332,10.277198859277917,0.9019407719305386,-0.431788886151276,0.23750933288328063,1.0499029160175315
0.13637263485769227,3.755363067636142,10.314334074373981,0.8937738428092811,-0.4484630714757309,0.24660440701727485,0.9552079737186432
0.13159317025246156,3.749153996060997,10.344689375365643,0.8868199719826932,-0.46195226860566446,0.27445970762325494,0.8359128962307965
0.12633855022416418,3.74173807031178,10.377237369918854,0.8790312890574856,-0.47623960922605946,0.2929305107294838,0.7870222544021767
0.12108393019586679,3.7343221445625634,10.409785364472064,0.8712426061322779,-0.49052694984645445,0.29695552587509155,0.7685872104661975
0.115723941556436,3.7266113971762453,10.438316482551107,-0.8642770471824446,0.5029740045603754,0.30109962821006775,0.7503253321424546
0.11039362503816148,3.7181341221017736,10.459724989449452,-0.8588413583736908,0.5121950719600785,0.3016347324724667,0.7326478584282043
0.11006344988236123,3.717580028481093,10.460893655979902,-0.8585412861253832,0.5126964554443495,0.30524373054504395,0.7136904350449261
0.10973327472656098,3.717025934860412,10.462062322510354,-0.8582412138770756,0.5131978389286205,0.30752747552789794,0.6874386012554169
0.10940309957076073,3.7164718412397315,10.463230989040804,-0.857941141628768,0.5136992224128915,0.31353190541267395,0.6588564934081083
0.10907292441496048,3.715917747619051,10.464399655571254,-0.8576410693804605,0.5142006058971625,0.31353190541267395,0.6327072942061909
0.10803095594531703,3.713888662670476,10.468927058081876,-0.8564373036774611,0.5161171931606603,0.3160406436008875,0.6244483590126038
0.081412516691365,3.657441674105469,10.596499318176567,-0.8218416266845259,0.5696913710671949,0.31767600774765015,0.6244483590126038
0.07818565702106299,3.6492377480701106,10.613047781241079,-0.8170933278844519,0.5764673428685823,0.31767600774765015,0.6073520967365752
0.07284675608212009,3.6387252572321374,10.637930966884731,-0.8098496691705409,0.5865823014121343,0.31767600774765015,0.5801368813654447
0.06891707263792142,3.6278740746662983,10.658450979104877,-0.8037918494335029,0.5948625907309304,0.3218317627830422,0.4984679877758026
0.06785740694362932,3.6247907304881837,10.664000709967652,-0.8021388192434202,0.5970912519009247,0.32596418261528015,0.4325503000610363
0.06755269086843708,3.623849449332085,10.665662793178857,-0.8016421802422949,0.5977575418708384,0.32596418261528015,0.35024373422011285
0.06724797479324485,3.6229081681759867,10.667324876390062,-0.8011455412411697,0.5984238318407521,0.32596418261528015,0.27215791504338865
0.06096855440537444,3.6015493264450655,10.70124232537539,-0.7907996705249395,0.6118598443172081,0.32596418261528015,0.20516965223570854
0.05378412071767032,3.5758948405780338,10.73600596098832,-0.780139498705268,0.6255873668282211,0.32596418261528015,0.19926450699567794
0.0506651157355282,3.56355028227033,10.742786255443269,-0.77801605555664,0.6282300638170379,0.32596418261528015,0.21470427980117698
0.048075038110341785,3.5528077840413648,10.74670669117946,-0.7767829495052839,0.6297538199377275,0.32596418261528015,0.27650963647704097
0.0454215928258096,3.541486881533279,10.751972454729115,-0.7751225540525539,0.6317971077204224,0.3212941626783546,0.33323889361793985
0.04293114286704498,3.5307824684780704,10.758613574177346,-0.7730201462766303,0.6343672814690081,0.31606533215892424,0.46346640755595375
0.042281293829735084,3.527808160911311,10.760712291460067,-0.7723539991075911,0.6351780718860419,0.30587817938260076,0.5118046101070598
0.042071717903469634,3.526863666707923,10.761501747798441,-0.7721030346565808,0.6354827427875841,0.29376657498033715,0.5735762085810291
0.04186214197720419,3.5259191725045347,10.762291204136817,-0.7718520702055706,0.6357874136891262,0.27901610520222186,0.6296280285755205
0.03399226820232821,3.4890530384384415,10.80838302466144,-0.7569967321873796,0.653405582572853,0.27613179761707746,0.6716910123825073
0.03233461196928193,3.4772696703214407,10.834078396596523,-0.7485406499524909,0.663077853627798,0.26662978088228556,0.6874386012554169
0.03158718099965032,3.4676907022351497,10.858705615191061,-0.7403192325220239,0.6722445939987385,0.2601755562129961,0.6874386012554169
0.030560113699172706,3.4591301909764836,10.879686816596747,-0.7332268801016777,0.6799743218306732,0.25551462173461914,0.6978773922405629
0.029557284764772533,3.4495139510724857,10.905878349941345,-0.724261275151168,0.6895196216734962,0.24722643196582794,0.7189336657524108
0.02913982039985944,3.441009607267919,10.927488581185623,-0.7167689903522856,0.6973051272403094,0.24722643196582794,0.7189336657524108
0.028901231772308092,3.4365559527586136,10.939608947972607,-0.7125288923618585,0.7016349001128496,0.24722643196582794,0.7297039359349536
0.02894349281462207,3.4359904296961292,10.942807551575491,-0.7114048001179458,0.7027725119284661,0.24722643196582794,0.7270853341853634
0.028985753856936042,3.435424906633645,10.946006155178376,-0.7102807078740332,0.7039101237440827,0.24722643196582794,0.7189336657524108
0.029028014899250016,3.4348593835711605,10.94920475878126,-0.7091566156301206,0.7050477355596991,0.24722643196582794,0.7189336657524108
0.02956870410826934,3.398603062721304,11.053767509812834,-0.6713439093746625,0.7411435485272516,0.24722643196582794,0.7252796280293168
0.030401021315172135,3.38967467247276,11.07846527928891,-0.6621395613958386,0.7493759345600853,0.24722643196582794,0.7346812546253204
0.03124962973354863,3.3808682691391003,11.10236667013439,-0.6531364589378273,0.7572347204150092,0.24722643196582794,0.7346812546253204
0.03207775671270635,3.371916373803387,11.126124142448699,-0.644096733855439,0.7649408960044167,0.24722643196582794,0.7346812546253204
0.03333474639457113,3.3636826346355138,11.15057424000593,-0.634696735369114,0.7727568476304659,0.24722643196582794,0.7346812546253204
0.03445185911094917,3.3571285986846635,11.168451053224935,-0.6277623144038517,0.7783966695272768,0.24722643196582794,0.7406502832410764
0.034733563987960986,3.356116276139697,11.171802669972273,-0.6264560897462861,0.7794464662858123,0.24722643196582794,0.7486517036377814
0.035015268864972804,3.3551039535947305,11.17515428671961,-0.6251498650887204,0.7804962630443477,0.24722643196582794,0.7346812546253204
0.0401408017942838,3.328541441922948,11.247063405815888,-0.5966875463861422,0.8024613773075134,0.25038893433987086,0.7106461933704659
0.04261457048883514,3.3197805392949564,11.272481521790688,-0.5864429826452909,0.809982296058956,0.2615989157705339,0.6244483590126038
0.045371099571950325,3.3111330698124175,11.297678646969688,-0.5761920545154023,0.8173060941993203,0.2716219519569508,0.5632404539519913
0.04836800415893625,3.304592766201621,11.317945000979751,-0.5678815872873227,0.8231039704336529,0.27467668751729973,0.5004859599938992
0.05174064720244149,3.296003475251007,11.339291518937882,-0.5590658055062825,0.8291204848691904,0.28452324867248535,0.4591896415460913
0.05460561272344483,3.2867290464956467,11.357942454800073,-0.5513079468470818,0.8342952991710776,0.2890481835558156,0.39964117207983485
0.058298264527020104,3.2766871853184987,11.372542327934669,-0.5452025392437997,0.8382968289459423,0.297746342899856,0.3064922750048879
0.06217752315427451,3.2678948520465556,11.381841820140075,-0.5412818668887048,0.8407962496136189,0.30109962821006775,0.2802385268136657
0.0660301091496628,3.259170318582899,11.3903503988113,-0.5376895862037686,0.8430752151573151,0.30109962821006775,0.2564025053793292
0.06988269514505109,3.2504457851192416,11.398858977482528,-0.5340973055188324,0.8453541807010114,0.30180190187666084,0.2465071603655815
0.07373528114043938,3.241721251655585,11.407367556153753,-0.530505024833896,0.8476331462447076,0.30516543830857107,0.2465071603655815
0.07758786713582767,3.2329967181919277,11.415876134824979,-0.5269127441489598,0.849912111788404,0.30524373054504395,0.2465071603655815
0.08421820850619773,3.2181612905119166,11.425455177771953,-0.522832599494992,0.8524203534962579,0.30524373054504395,0.2389092207590101
0.0885519273843114,3.2092224562767853,11.431941062551104,-0.5200644203172726,0.8541096028611402,0.30524373054504395,0.21812068296447115
0.09245737491582005,3.201243728789859,11.43848524029311,-0.5172661032730982,0.855805375236254,0.30524373054504395,0.16181978736285593
0.0970561604349554,3.191794573828795,11.446635525680248,-0.5137740906928266,0.8579058669929505,0.30524373054504395,0.07669205679603419
0.09855164756832178,3.1891606013829197,11.449173541786136,-0.5126843242491422,0.858556064734922,0.30524373054504395,0.0334458920658976
0.10004713470168818,3.1865266289370444,11.451711557892024,-0.5115945578054579,0.8592062624768936,0.30938780307769775,0.002833680284782974
0.10154262183505457,3.1838926564911696,11.454249573997913,-0.5105047913617736,0.8598564602188652,0.3102728103150189,0.0
0.10303810896842096,3.1812586840452943,11.4567875901038,-0.5094150249180893,0.8605066579608367,0.30938780307769775,0.0
0.10453359610178735,3.1786247115994195,11.45932560620969,-0.508325258474405,0.8611568557028083,0.3126538588805681,0.0
0.1269368900752449,3.1357954420763083,11.4585674782203,-0.508640271663986,0.8609448095402855,0.31353190541267395,0.0
0.13060337689756696,3.129880813820185,11.462858188152895,-0.5068046594923566,0.8620554546673823,0.31605376553413517,0.0
0.13601829231235546,3.1194191503442283,11.462323325408907,-0.5070344368286577,0.8619186214257356,0.31767600774765015,0.0
0.14140360309642525,3.110049138127487,11.460016559946121,-0.5080291083535212,0.861334747847573,0.3191342192958122,0.0
0.1435360642240023,3.10614720370832,11.459541193881035,-0.508233619620103,0.8612136363235964,0.32182008028030396,0.0
0.14382168451237723,3.1055981822139516,11.459521214038942,-0.5082421734185804,0.8612084749711046,0.32182008028030396,0.0
0.14410730480075212,3.1050491607195827,11.459501234196848,-0.5082507272170577,0.8612033136186129,0.32182008028030396,0.0
0.14439292508912704,3.1045001392252143,11.459481254354754,-0.5082592810155349,0.8611981522661212,0.32182008028030396,0.0
0.14467854537750194,3.1039511177308454,11.459461274512659,-0.5082678348140122,0.8611929909136294,0.32182008028030396,0.0
0.17123554929501963,3.0529741791267075,11.464092814602209,-0.5062693265725983,0.8623629048037376,0.32182008028030396,0.0
0.17595111128962565,3.044043067121055,11.462093112324968,-0.5071308147252745,0.8618554417187531,0.32182008028030396,0.0
0.18108341364880629,3.034369479507541,11.46103275515405,-0.5075868494043217,0.8615850396033686,0.32182008028030396,0.0
0.18598108735159777,3.024962303425601,11.461691573678927,-0.5073033381900656,0.8617527579949984,0.32182008028030396,0.0
0.189613549017693,3.018107308040504,11.461882606232079,-0.5072216544312754,0.8618022798303013,0.32182008028030396,0.0
0.1898420750805973,3.0176631023248897,11.46142684295284,-0.5074181795540368,0.8616869239316445,0.32182008028030396,0.0
0.19007060114350163,3.017218896609275,11.460971079673598,-0.5076147046767983,0.8615715680329876,0.31767600774765015,0.0
0.19029912720640593,3.016774690893661,11.460515316394359,-0.5078112297995597,0.8614562121343307,0.31767600774765015,0.0
0.19052765326931026,3.0163304851780466,11.46005955311512,-0.5080077549223212,0.8613408562356738,0.3096211383806451,0.0
0.19075617933221456,3.015886279462432,11.45960378983588,-0.5082042800450827,0.8612255003370168,0.30524373054504395,0.0
0.22053297597817859,2.9590882517114543,11.460964833062508,-0.5076162153532956,0.8615679801844062,0.30524373054504395,0.0
0.22576163155336024,2.949697832021997,11.462228796453873,-0.5070723916673424,0.8618899254546986,0.3042800913393826,0.0
0.2307345229451132,2.940124869214298,11.46259731034547,-0.5069116634636885,0.8619800998111045,0.30121383307941774,0.0
0.23404587394797796,2.93384007062486,11.463617277477297,-0.5064732385565789,0.8622406047017209,0.30109962821006775,0.0
0.23495972562867007,2.932115441475797,11.46358845978897,-0.5064861278225326,0.8622340991785153,0.30109962821006775,0.0
0.2358735773093622,2.9303908123267335,11.463559642100641,-0.5064990170884861,0.8622275936553097,0.30109962821006775,0.0
0.2367874289900543,2.92866618317767,11.463530824412313,-0.5065119063544398,0.8622210881321041,0.3027621174815649,0.0
0.23770128720376482,2.9269415416994353,11.46350200651797,-0.5065247957125372,0.8622145825623911,0.30109962821006775,0.0
0.25855361330131915,2.887560846739045,11.463094973474133,-0.5066976608724714,0.8621070561309281,0.30524373054504395,0.0
0.26363145090666484,2.8778360884433507,11.464824593430736,-0.5059543650170469,0.8625491117558107,0.30524373054504395,0.0
0.2682547387100671,2.869126508070747,11.46523120143762,-0.5057779742680893,0.8626502167700242,0.30524373054504395,0.0
0.272153592835045,2.862077538272385,11.464450671445057,-0.5061127351565029,0.8624495881436217,0.30524373054504395,0.0
0.27813333048890937,2.8513256605046844,11.465077079201103,-0.5058409962373854,0.8626053483084464,0.30524373054504395,0.0
0.27858708137298355,2.8505326526087487,11.46557062346435,-0.5056284647672955,0.862730749089055,0.3088746324894919,0.0
0.2790408322570577,2.849739644712813,11.466064167727598,-0.5054159332972055,0.8628561498696636,0.30839739999387566,0.0
0.2794945831411319,2.848946636816877,11.466557711990845,-0.5052034018271154,0.8629815506502724,0.30524373054504395,0.0
0.2967093578725043,2.8162282635515297,11.465818743704766,-0.5055221410389019,0.862794682745194,0.30524373054504395,0.0
0.30195631474432555,2.806265688785395,11.465570656888824,-0.5056291521630016,0.8627319541039811,0.30524373054504395,0.0
0.30687199773100116,2.7967874262097157,11.46522462778811,-0.5057787906220814,0.862645109560852,0.30524373054504395,0.0
0.31085464212442604,2.7894722127643026,11.464521275614032,-0.5060819512922805,0.8624668796522207,0.30668651402683667,0.0
0.3164164507196498,2.779353034309041,11.463640091297407,-0.506460301770107,0.8622411021363524,0.30938780307769775,0.0
0.3217005812565015,2.769480901873761,11.464402496505471,-0.506132165242075,0.8624351067906492,0.30938780307769775,0.0
0.3232218126469768,2.7664776109775513,11.46444368175297,-0.5061142378226944,0.8624452437425562,0.30938780307769775,0.0
0.3236235430292817,2.765707327198649,11.46448761827925,-0.5060952444845354,0.8624562822409858,0.30938780307769775,0.0
0.3240252734115866,2.7649370434197467,11.464531554805529,-0.5060762511463762,0.8624673207394156,0.30938780307769775,0.0
0.33150599321181223,2.7507009008575474,11.46608288958643,-0.5054075317108541,0.8628603287229036,0.3096040987310149,0.0
0.3455718964715203,2.723934184363543,11.468971375281416,-0.5041629054101718,0.8635929203523781,0.30938780307769775,0.0
0.35059129773659686,2.715020844357018,11.467904405139269,-0.5046218354813364,0.86332090500883,0.30938780307769775,0.0
0.3555593008341404,2.7062935939503077,11.467625234230653,-0.504741339590349,0.8632487518407523,0.30938780307769775,0.0
0.3606510141844425,2.696658321984454,11.467586052755971,-0.5047588142107734,0.8632398261976912,0.3123413545098138,0.0
0.3654281489748429,2.687465480290765,11.46803897814304,-0.5045633203097841,0.8633541313729453,0.311232246572694,0.0
0.36846896505328264,2.6819719652044895,11.468088742668511,-0.5045417083400456,0.8633664641897907,0.3132951210301515,0.0
0.3690628836517022,2.6809839888489937,11.468393601584454,-0.504410280056358,0.8634436694979436,0.31108786587276743,0.0
0.3696568022501217,2.6799960124934974,11.468698460500397,-0.5042788517726703,0.8635208748060966,0.31353190541267395,0.0
0.3741976604605617,2.6714754197759016,11.469149962368238,-0.5040840990506418,0.86363503838651,0.31353190541267395,-0.03803711392274036
0.38031965778705223,2.6599372702808863,11.469660209220836,-0.5038639786371091,0.8637640074049785,0.31353190541267395,-0.07139521726201785
0.39511980536477753,2.632351263428902,11.470337532810513,-0.503571846505067,0.8639353187123181,0.3105411224029188,-0.08458800914795846
0.3999139583208887,2.6233907073590372,11.468639854383856,-0.5043052027489436,0.863507890970432,0.30938780307769775,-0.1137666411593237
0.4044590599307054,2.6151001063013584,11.465712600038632,-0.5055681740955172,0.8627682687587335,0.30938780307769775,-0.1683105460266686
0.40994612852212375,2.604592732745758,11.461138889100795,-0.5075373776712405,0.8616056091450884,0.302564146660574,-0.2297506489350303
0.4125698184417022,2.6000901833189958,11.459451240904034,-0.5082665340165128,0.8611809166934452,0.28634430250438625,-0.398909208249338
0.41291834407162026,2.599423591529475,11.459230460670796,-0.5083615970840591,0.8611248043504012,0.28452324867248535,-0.43411473023046515
0.41326686970153825,2.598756999739954,11.459009680437557,-0.5084566601516055,0.8610686920073573,0.28224968626627234,-0.43541673272848125
0.41361539533145625,2.5980904079504334,11.458788900204318,-0.5085517232191519,0.8610125796643132,0.28118406396814843,-0.43541673272848125
0.43215584525834133,2.5619792158018133,11.418346834711711,-0.5258559958490796,0.8505519765711224,0.28037917613983154,-0.43541673272848125
0.4358902400521851,2.55415522715942,11.402769686240939,-0.5324642073889192,0.846429981128219,0.2831876258249505,-0.43541673272848125
0.43927050177816074,2.5453968727738627,11.384873695875438,-0.5400059855322427,0.8416150655024768,0.28168641093873736,-0.43541673272848125
0.44264158128093845,2.5373340956751504,11.367993801000276,-0.5470884401024262,0.8370253576661769,0.2840135809065028,-0.43347998477163296
0.4460408241771945,2.5294641128468314,11.351516512705315,-0.5539663853352191,0.8324906901628774,0.28037917613983154,-0.419669172167778
0.4484786969368193,2.5235665116288692,11.339324621669993,-0.5590370805874436,0.8291074912778083,0.2808793581168064,-0.419669172167778
0.4487519593764245,2.5229257045768065,11.33820199632461,-0.5595019908519179,0.8287929890345656,0.28371432389821566,-0.419669172167778
0.44902521986252253,2.522284902105765,11.337079379004685,-0.559966897792827,0.8284784890396465,0.28452324867248535,-0.419669172167778
0.4492984803486205,2.521644099634724,11.335956761684761,-0.5604318047337362,0.8281639890447273,0.28452324867248535,-0.4166569710903388
0.4595292970684519,2.492120594223585,11.292943559686332,-0.5781010993357262,0.815905040256615,0.28452324867248535,-0.4004008481276216
0.46414331427796884,2.479530640474453,11.271604227249014,-0.5867851407402228,0.8097069248787607,0.28452324867248535,-0.38910171312404485
0.4669071724757738,2.4705691556288834,11.25616901812334,-0.593013574086939,0.8051501707012594,0.2874806549169656,-0.3926835163950407
0.46917957449757086,2.4623915084511654,11.244937876289297,-0.5975267109308336,0.8018089015920618,0.28452324867248535,-0.4006562105495589
0.4713595076453411,2.4534803661443343,11.23283641448234,-0.6023699616145627,0.7981823364967727,0.28628311458292305,-0.403921639919281
0.4739029315027338,2.4436089936870555,11.218759517516949,-0.6079728009007194,0.7939226422753435,0.28866735100746155,-0.38817407935857773
0.47446907160833396,2.4414752343171098,11.21555623883622,-0.6092441865509921,0.7929486371175776,0.28866735100746155,-0.38817407935857773
0.47469925514653327,2.440591385417805,11.214381973366566,-0.6097098111678102,0.7925910055090944,0.28866735100746155,-0.38974682045624515
0.47492943868473253,2.439707536518501,11.213207707896911,-0.6101754357846282,0.7922333739006114,0.28866735100746155,-0.40129831272318744
0.4827207847709754,2.405953488423533,11.168161723435814,-0.6278653713060119,0.7782940176527872,0.28866735100746155,-0.3944426628406707
0.4842733994801856,2.3979947119355676,11.155369773777403,-0.6328301703013207,0.7742619803050353,0.28866735100746155,-0.38817407935857773
0.4861336952648556,2.3877844435139055,11.139969299552567,-0.6387723677361723,0.7693649478278404,0.28866735100746155,-0.38817407935857773
0.48763675153679487,2.3792621896356567,11.128213874537844,-0.6432825167266675,0.765596091255961,0.28866735100746155,-0.38817407935857773
0.4891909373544608,2.3693547847860006,11.115844116142645,-0.6480055858254516,0.7616031823363741,0.29405242444133967,-0.38817407935857773
0.49043019426299533,2.3597049059207498,11.104013461893896,-0.652500166637647,0.7577576581896933,0.29510213687719394,-0.38817407935857773
0.4913511590216698,2.3506327711549413,11.092516327418833,-0.6568276188347868,0.7539740323371602,0.2954329404307396,-0.38817407935857773
0.4921322936555006,2.3419564392562675,11.081280332420665,-0.6610360341286811,0.7502526516268563,0.29695552587509155,-0.38817407935857773
0.4929134282893314,2.3332801073575937,11.070044337422498,-0.6652444494225753,0.7465312709165525,0.2976268714005347,-0.38817407935857773
0.49369456850740195,2.324603713432842,11.05880826209952,-0.6694528948019365,0.7428098636025346,0.30109962821006775,-0.38817407935857773
0.49456022540006606,2.3138124938222675,11.04113656248978,-0.6759942925117425,0.7368705542985278,0.30109962821006775,-0.38817407935857773
0.4958043168756889,2.304312667635495,11.028008496054738,-0.6808110444688041,0.7324115516825169,0.30109962821006775,-0.38817407935857773
0.4962915755790389,2.2961089045492145,11.016212200344272,-0.6851171074738764,0.7283812460849767,0.30109962821006775,-0.38817407935857773
0.4963470817251237,2.285075285689912,11.002790556996887,-0.6899949642306047,0.7237727235557495,0.30109962821006775,-0.38817407935857773
0.49635228986392627,2.2746774087315687,10.989107563801785,-0.6949332249411792,0.7190380783850068,0.30109962821006775,-0.38817407935857773
0.4964673227214744,2.269876789573328,10.982885782301626,-0.6971674941233326,0.7168735502240213,0.30109962821006775,-0.38817407935857773
0.4965294989413013,2.2691036563839284,10.982156039494937,-0.697429007578025,0.7166191188931941,0.30109962821006775,-0.38817407935857773
0.4965916751611282,2.2683305231945283,10.98142629668825,-0.6976905210327172,0.7163646875623668,0.30109962821006775,-0.38817407935857773
0.496653851380955,2.2675573900051287,10.980696553881561,-0.6979520344874096,0.7161102562315396,0.30109962821006775,-0.38817407935857773
0.4957172650898846,2.2252373221624504,10.924953510647095,-0.7176316719100249,0.6963760489781124,0.30109962821006775,-0.38817407935857773
0.4955999311452656,2.2153723544263735,10.912843985255614,-0.7218305838539051,0.6920140994657336,0.30109962821006775,-0.38817407935857773
0.49506047944692727,2.205848675929659,10.900002900816864,-0.7262608059751223,0.6873672390075731,0.30109962821006775,-0.38817407935857773
0.49447876201305657,2.1964673325909545,10.888970012004334,-0.7300433702035195,0.683352118353834,0.30109962821006775,-0.38817407935857773
0.4942858916413008,2.1942591125954816,10.886106040993461,-0.7310211708805394,0.6823060055213208,0.30109962821006775,-0.3928088967462793
0.4929466233186113,2.1793442519372026,10.865985745594992,-0.7378452834547801,0.6749147889692682,0.30109962821006775,-0.40180468963754884
0.49287473826437683,2.1785212253416324,10.864971388054922,-0.7381869854003403,0.6745400213302916,0.30109962821006775,-0.38817407935857773
0.4928028532101424,2.177698198746062,10.863957030514852,-0.7385286873459006,0.6741652536913149,0.30109962821006775,-0.38817407935857773
0.49273096815590794,2.176875172150492,10.862942672974784,-0.7388703892914609,0.6737904860523383,0.30109962821006775,-0.3965596880412241
0.4881618144577591,2.1401575964441735,10.816078988557766,-0.7544505613185749,0.6562907875032075,0.30109962821006775,-0.3974365795170034
0.4862646469425383,2.1296625913755514,10.802922463034891,-0.7587535605050264,0.6513154547407582,0.30109962821006775,-0.38817407935857773
0.484650407319957,2.120199789590171,10.789473355544667,-0.7631107090207604,0.6461938509971766,0.30109962821006775,-0.38817407935857773
0.48250545801625633,2.1103543892147543,10.775530893235745,-0.7675911694182729,0.6408535938567169,0.30109962821006775,-0.38817407935857773
0.48134432018574774,2.102637934970329,10.76328003813478,-0.7715223123589842,0.6361563210157333,0.30109962821006775,-0.3940179081793262
0.4784717465128181,2.0922386817487095,10.752316187368493,-0.7749872871412252,0.6319085687473034,0.30109962821006775,-0.3947627238889254
0.4782219321160821,2.091147273409833,10.750865761047262,-0.7754455075760865,0.6313464984702424,0.30109962821006775,-0.397849156233844
0.47805480502537284,2.0904328395804495,10.74990769002617,-0.775747962880206,0.630975046735084,0.30109962821006775,-0.39123005693361496
0.4778876779346636,2.0897184057510665,10.748949619005076,-0.7760504181843254,0.6306035949999255,0.303721389041133,-0.403921639919281
0.4777205508439543,2.089003971921683,10.747991547983982,-0.7763528734884448,0.6302321432647671,0.30109962821006775,-0.41386591374847925
0.46659531941122906,2.0466385868370227,10.690201482481987,-0.7942353440058083,0.6075382971369371,0.3044204389371676,-0.42279767465303963
0.46340909677721653,2.035833374733175,10.674515227517345,-0.7989748655874662,0.6012896322193494,0.30124561187941384,-0.4348619957823159
0.46093834956792473,2.0275335194222777,10.663001889409442,-0.8024219820619529,0.5966794787657999,0.30524373054504395,-0.4529832691927918
0.45772901794026954,2.0177382532274732,10.648903249525024,-0.8066042139767042,0.5910052554238672,0.30109962821006775,-0.46691182553768157
0.45445574268097777,2.0083112847175473,10.633797499405985,-0.8110430136296469,0.5848948754570692,0.30109962821006775,-0.46691182553768157
0.4541797753053125,2.0074865811323734,10.632483170355172,-0.811426829946179,0.5843614865608635,0.30109962821006775,-0.47745302127825484
0.45396339967449406,2.0068317054636955,10.63142910411863,-0.8117344979143816,0.5839336146391159,0.30109962821006775,-0.4826593577861786
0.45374702404367556,2.0061768297950175,10.630375037882091,-0.812042165882584,0.5835057427173681,0.30109962821006775,-0.4826593577861786
0.4535306484128571,2.00552195412634,10.629320971645551,-0.8123498338507866,0.5830778707956205,0.30109962821006775,-0.4826593577861786
0.4386403255667398,1.965361299147251,10.56043878117528,-0.8319528603299945,0.5547640107849443,0.30109962821006775,-0.4857224715148531
0.43426641820169154,1.955442229450264,10.544022050543647,-0.8364783772591041,0.5479163464360868,0.30109962821006775,-0.4826593577861786
0.43058337648872447,1.9477152366823298,10.530911916265733,-0.8400523212084653,0.5424216446073554,0.30109962821006775,-0.4826593577861786
0.42594410292956925,1.938350189375108,10.514664094846554,-0.8444291917088776,0.5355780935036246,0.30109962821006775,-0.4826593577861786
0.42125182524853366,1.929529813969181,10.50083001687929,-0.8480971698516876,0.5297141240077458,0.30352504047162326,-0.4826593577861786
0.417991548290373,1.9233132920459353,10.490708124955376,-0.850779082640282,0.5254225403859816,0.3023102631771916,-0.49380653378401734
0.41770723295234446,1.9225080558533514,10.488300828364144,-0.8514117728764865,0.5243986595334699,0.30109962821006775,-0.5091267267411924
0.41742291964683836,1.921702825417265,10.48589354898227,-0.852044458589695,0.5233747860005098,0.30109962821006775,-0.5279625797628466
0.4152660736186393,1.917714509577098,10.477911851697831,-0.8541022511762412,0.5199558170058907,0.30109962821006775,-0.5541024172898046
0.39798067014119604,1.8872065746595488,10.41753321373641,0.8694391156519167,-0.4939555923634729,0.3032670184817586,-0.5696331856950079
0.39304299359011524,1.8791083475070935,10.400863137030735,0.8735249760090638,-0.4866911357952991,0.3023886383123848,-0.5879940150100904
0.3877929150101714,1.8707939375247833,10.382397298409511,0.8779750462790267,-0.47860193393635364,0.30109962821006775,-0.5928922533988953
0.38243741430894823,1.8628600716738073,10.362154331897152,0.8827681295491706,-0.4696879547421001,0.30109962821006775,-0.5977817453222466
0.37684708304382836,1.8549335411816197,10.341606691448414,0.8875442280725089,-0.4605925152090054,0.30109962821006775,-0.6049720008458064
0.37321218460514144,1.8498869857090379,10.329033073039398,0.8904222277592944,-0.45500357809061215,0.30109962821006775,-0.5939676666660303
0.37265163935758433,1.8491223343547132,10.327234921901276,0.8908306094607996,-0.45420266317167357,0.30109962821006775,-0.5962103007736355
0.3720910941100272,1.8483576830003885,10.325436770763154,0.8912389911623049,-0.453401748252735,0.30109962821006775,-0.5928922533988953
0.3535330075849289,1.825137579397982,10.266715789987066,0.9041763341054297,-0.42704820697375806,0.30109962821006775,-0.6067699461589621
0.34663480280439685,1.8166269524588448,10.242314678581497,0.9093039095998543,-0.4159782849467985,0.3003114035276482,-0.5928922533988953
0.3407340773043146,1.8096366807766422,10.221413055052203,0.9135896706871892,-0.40644751481213454,0.29695552587509155,-0.5928922533988953
0.3346951496395817,1.8035611643773877,10.204003635441609,0.9170856184325212,-0.3984764657277063,0.29695552587509155,-0.5928922533988953
0.3276852451917159,1.7966078089726414,10.185419266698215,0.9207588840317255,-0.3899419703929691,0.29695552587509155,-0.5928922533988953
0.3209665561229754,1.7898593686679307,10.167495938286416,0.9242249011997834,-0.38167840879995063,0.29695552587509155,-0.5928922533988953
0.3147781489179589,1.783484236329706,10.150234013313812,0.9274868781250171,-0.37368822410823743,0.293902721542315,-0.6086397856473923
0.31420992011323196,1.782933901217427,10.148740631919457,0.9277644567597843,-0.37299509621389293,0.2887270298632286,-0.6086397856473923
0.31364169130850506,1.782383566105148,10.147247250525105,0.9280420353945514,-0.37230196831954837,0.28452324867248535,-0.6635030180923129
0.3130734625037781,1.7818332309928686,10.14575386913075,0.9283196140293186,-0.37160884042520387,0.276648573246631,-0.6858062622599549
0.2869068692556184,1.75937263519204,10.06867001742871,0.9419351206019733,-0.3355574899872519,0.27623507380485535,-0.7136726867645807
0.2792694035801106,1.7534279653851628,10.04574134298583,0.9457310067549712,-0.3247407617854477,0.27623507380485535,-0.7188726246356963
0.272080362547257,1.748195024838351,10.023327600194106,0.9493127394389044,-0.3141225239382863,0.27623507380485535,-0.7252248439516777
0.26409506333021626,1.7422900706073647,9.996859841194539,0.9533901302710786,-0.30153343089446544,0.27623507380485535,-0.7236139469807789
0.2584606937523472,1.7383777902979778,9.978682844826157,0.9560881470000496,-0.2928552766174984,0.27623507380485535,-0.734620213508606
0.25033288337004056,1.7332209029043952,9.952427297840718,0.9598494706441667,-0.2802788825609107,0.27623507380485535,-0.7480104804015353
0.2498147888447291,1.7329106246538577,9.950709226829796,0.960088782182741,-0.27945391389048374,0.27209097146987915,-0.775459775835349
0.24929669431941764,1.7326003464033202,9.948991155818874,0.9603280937213151,-0.27862894522005677,0.27209097146987915,-0.8041372147944916
0.24877859979410616,1.7322900681527829,9.947273084807952,0.9605674052598893,-0.2778039765496298,0.26937973320601066,-0.8133579313755035
0.2482605052687947,1.7319797899022453,9.94555501379703,0.9608067167984635,-0.2769790078792028,0.266380218122913,-0.829105520248413
0.2127421377309567,1.713033374912672,9.823733094104167,0.9758999196671356,-0.21798108434271912,0.26000451789204854,-0.829105520248413
0.204250362919985,1.709407172938586,9.794773145378983,0.9789598911409131,-0.20382897923664456,0.25551462173461914,-0.84485305249691
0.19788346098231632,1.7068875523152134,9.775263109139019,0.9808994080742041,-0.19426921934415559,0.255439829900515,-0.845137260444561
0.18909329762902435,1.7035290784449815,9.744027761904276,0.9838214008938171,-0.17892818152467646,0.25248027365209824,-0.8563835337495977
0.18098264996005822,1.7003292878576948,9.714946914003928,0.9863366784863852,-0.16460754457805382,0.25137051939964294,-0.860600584745407
0.17885394117877007,1.699695185851833,9.706836634099433,0.9869977987268601,-0.1606067506900335,0.25505709816941563,-0.860600584745407
0.17819834499688494,1.6994852817056343,9.704307075594139,0.9871995488812577,-0.15935819098788992,0.2509938554370824,-0.8777794966760467
0.17754274881499985,1.6992753775594354,9.701777517088846,0.9874012990356553,-0.15810963128574637,0.24733899220103264,-0.8916679769730358
0.16449267265905557,1.6957336740455407,9.649807591602094,0.9908327534082558,-0.13235613470964702,0.24406304313589147,-0.9041631791524107
0.14403860416050396,1.690801710141629,9.568218270874317,0.9957409157542283,-0.09186698896835116,0.2423268539594029,-0.9265227219579393
0.13631866040865098,1.6897321025578842,9.538859072116898,0.9969850822819963,-0.0772407639529533,0.23899972704198832,-0.9391657587827356
0.12919922605518036,1.688811835052839,9.510246279356007,0.9979918133443987,-0.06297032026400187,0.23893824219703674,-0.9393994003534316
0.12127945931558748,1.687635035158004,9.476192220920725,0.9989189424000491,-0.045969161866259885,0.23893824219703674,-0.9393994003534316
0.11402102170165328,1.6869154816617282,9.444293045103175,0.9995203315599821,-0.0300315035973369,0.23893824219703674,-0.9393994003534316
0.1102626177021562,1.6867723003479322,9.428122317984032,0.9997318926523132,-0.02194915632450194,0.23893824219703674,-0.9393994003534316
0.10975730242671881,1.6867703840495354,9.425963096888836,0.9997539228835445,-0.020869799379999863,0.23551317899844773,-0.9393994003534316
0.10925198715128143,1.6867684677511385,9.42380387579364,0.9997759531147757,-0.019790442435497786,0.23893824219703674,-0.9393994003534316
0.10874667187584403,1.6867665514527417,9.421644654698442,0.999797983346007,-0.018711085490995708,0.23893824219703674,-0.9393994003534316
0.07874996038762631,1.6876494585115627,9.290899830041743,0.998883361046216,0.0466414793564492,0.23893824219703674,-0.9393994003534316
0.07179140834952642,1.688261465515784,9.25975924572682,0.9980273646411163,0.062187556796422426,0.23807986414852467,-0.9393994003534316
0.06491054178599934,1.6892037175767025,9.229949609949948,0.9969851726300123,0.07705517331488633,0.2375029039843416,-0.9393994003534316
0.0577432746160408,1.6905360220610912,9.198859512352886,0.995671321217963,0.09254382801556287,0.23477809131145477,-0.9547987567871299
0.050707435464766366,1.6921021029806356,9.169254181281005,0.994192903995274,0.1072717985469665,0.23477809131145477,-0.9551469326019286
0.04654920556284448,1.6929197116077817,9.152047280572251,0.9932390235831555,0.115821888641325,0.2312451764623555,-0.9551469326019286
0.045944594865344114,1.692935443547367,9.15005381294963,0.9931237694098555,0.11681190837602103,0.23063400387763977,-0.9551469326019286
0.04533998416784374,1.6929511754869522,9.148060345327009,0.9930085152365554,0.11780192811071705,0.22752086505682317,-0.9708945214748382
0.036030471054487576,1.6958335240345315,9.106107545123262,0.9900080159153132,0.13855945864262226,0.22648990154266357,-0.9708945214748382
0.016798927140508,1.7026970940209987,9.013758988801225,0.9828593129953722,0.18416627051028597,0.226137133266063,-0.9866419970989226
0.010848640585229132,1.7048391552477238,8.981686931222482,0.979772922257036,0.19990167644718104,0.22201189441721583,-0.9891797958806248
0.004861056338633439,1.7073225500736102,8.949734543680579,0.976441983277024,0.21552581018206013,0.21820172667503357,-1.0262652314320238
-0.0005458926725671019,1.7099042800765127,8.919499429578936,0.9730557284593475,0.23025811986522787,0.21204072734931162,-1.0415488865923468
-0.006336681812429263,1.7137930830083825,8.883192633199867,0.9686718760539859,0.2478722734987848,0.20791108939172703,-1.0572415672581446
-0.010838926852257106,1.7150137074241718,8.855425933165607,0.9651936644987748,0.2613116130469736,0.20576944947242737,-1.0707683108564034
-0.011341246117741953,1.7153113570303022,8.852251395213852,0.9647757251248597,0.262842774596705,0.20378174744434688,-1.0886805715454357
-0.011843561792230999,1.7156090045085857,8.849076879956334,0.9643577887387227,0.26437392520042047,0.20083362773819408,-1.0968748927116394
-0.012345877466720046,1.715906651986869,8.845902364698816,0.9639398523525857,0.2659050758041359,0.19810841259456302,-1.0968748927116394
-0.032637770352721744,1.7300056544801485,8.708438430162781,0.9434152227706306,0.331483187083619,0.19333717226982117,-1.112622481584549
-0.03699068482934122,1.7331246305002121,8.67532988366429,0.9377981323679734,0.3470543763197628,0.19333717226982117,-1.112622481584549
-0.04080472437609913,1.7374499236583913,8.634767786876514,0.9305467707201482,0.36599320249205697,0.18919306993484497,-1.1283699572086334
-0.04447774088502041,1.7413701686486287,8.597901108480949,0.9236402293110303,0.38308218322269827,0.18919306993484497,-1.1283699572086334
-0.047643627282760385,1.7444516774701742,8.565771715454316,0.9173730543221905,0.39787265050058956,0.18919306993484497,-1.138854219040021
-0.05178240286709787,1.748794912991751,8.524059821729548,0.9088684923226572,0.4169139126906229,0.18919306993484497,-1.144117546081543
-0.052445543487462054,1.7494284559098072,8.518589350486806,0.9077273795666496,0.4193995409080893,0.18919306993484497,-1.144117546081543
-0.05277592774390531,1.7497272935270074,8.51655894742846,0.9073015409231611,0.42032104075551946,0.18919306993484497,-1.144117546081543
-0.05310631200034857,1.7500261311442078,8.514528544370114,0.9068757022796725,0.42124254060294963,0.18919306993484497,-1.157750741955609
-0.05343669625679182,1.7503249687614082,8.512498141311767,0.906449863636184,0.4221640404503798,0.18919306993484497,-1.1483504850972368
-0.06739415785656944,1.7688852242151532,8.33929603898182,0.8665419141292089,0.498985220435467,0.18919306993484497,-1.1588688794871842
-0.0703047613212028,1.7743560947593529,8.294712622645894,0.8552147525507214,0.5181826684776331,0.18919306993484497,-1.1454025111420947
-0.07265432578514354,1.779022402900526,8.26127172383454,0.8464336087590325,0.53241056328073,0.18717944715352194,-1.1598651349544524
-0.07500401831242362,1.7853643458511566,8.221223613115486,0.8355978033512294,0.5492479055324103,0.18202860911358526,-1.1713425125566506
-0.07697067357115103,1.7905385006726364,8.185032971019421,0.8255270670952315,0.5642805391013197,0.1454774420816022,-1.2228552639484405
-0.07853771617353257,1.7951759714267208,8.150578914564823,0.8156591850379248,0.5783998224819189,0.09907364771299892,-1.2228552639484405
-0.08038650598735515,1.8005101072138192,8.110428349522849,0.8039152669929449,0.5946797755729862,0.022794627312323977,-1.1283699572086334
-0.08212059573635995,1.8055224493041664,8.069845952219945,0.7916940842273451,0.6108765573623914,0.0,-0.9090547912894836
-0.08262629277649389,1.8070481283005142,8.051381387374265,0.786025441655664,0.6181633400302622,0.0,-0.6384952521090297
-0.08264136773502936,1.8071212339637766,8.046372993858194,0.7844769091476953,0.6201313062768566,0.0,-0.23759957030245074
-0.0826564425857965,1.8071943391044187,8.041364636146284,0.7829283877099246,0.6220992584547919,0.0,-0.010234941236117588
-0.08356510182813907,1.8142320288677107,7.9258012636809285,0.7456742228346102,0.6662554900581275,0.0,0.0
-0.08404851897142049,1.8134988635237541,7.898118469632115,0.7363948925405132,0.67652511001683,0.0,0.0
-0.08398374788957731,1.8143658379956558,7.877237674578253,0.7292850672936354,0.6841701272262926,0.0,0.0
-0.08402535004082652,1.814761072205568,7.871374475662485,0.7272755360836679,0.6863045112885795,0.0,0.0
-0.08411517766550018,1.8150400041979666,7.870351599071004,0.7269215668585054,0.6866736616660719,0.0,0.0
-0.08420500529017383,1.8153189361903654,7.869328722479522,0.726567597633343,0.6870428120435642,0.0,0.0
-0.08429483291484748,1.815597868182764,7.86830584588804,0.7262136284081805,0.6874119624210565,0.0,0.0
-0.08427063668903248,1.8156620567709287,7.861607472453715,0.7239018056208247,0.6898351030582379,0.0,0.0
-0.08423426146275587,1.81546159129705,7.862330357999855,0.724148300120797,0.6895707481517654,0.0,0.0
-0.08429227834045631,1.8155411610672298,7.862080628766913,0.7240643751983106,0.6896632432235269,-0.026716464235400295,0.0
-0.08429594138065732,1.8158008374898844,7.862034880996543,0.724051710956053,0.6896827687794264,-0.06139796585435775,0.0
-0.08423370954616911,1.8158627993605927,7.861924399939103,0.7240143443551931,0.6897234629305505,-0.06899833679199219,0.0
-0.0842420615216599,1.8157123438386038,7.861643385080568,0.7239170634562624,0.6898248401596658,-0.06899833679199219,0.0
-0.0842491666235335,1.8156664779860292,7.861498886513709,0.7238675985637459,0.6898774996155252,-0.06899833679199219,0.0
-0.0842562717254071,1.8156206121334546,7.86135438794685,0.7238181336712295,0.6899301590713846,-0.06899833679199219,0.0
-0.0842633768272807,1.8155747462808802,7.8612098893799915,0.7237686687787129,0.6899828185272439,-0.06899833679199219,0.0
-0.08388852894393264,1.8056513848120204,7.85817546462546,0.7227162361001271,0.6910755930761006,-0.06899833679199219,0.0
-0.08388972539355426,1.8030354063458105,7.858179911016807,0.7227169974333116,0.6910732452179811,-0.07146732845827285,0.0
-0.08385124650179751,1.8010650573600149,7.857972738450323,0.7226483063345945,0.6911508772428733,-0.0784057731800202,0.0
-0.08365768071288897,1.7987283931562004,7.857018055922453,0.7223214212226932,0.6914987276692519,-0.08543514972139804,0.0
-0.08351721306408944,1.7965568314747806,7.8562092842623,0.7220425322396887,0.691791536299213,-0.08557470142841339,0.0
-0.08351854656416216,1.7937617086645434,7.8550491159599645,0.7216416179839233,0.6922107492647801,-0.08866613414976328,0.0
-0.08351521345433201,1.7934755254123593,7.85497110252687,0.7216144356974543,0.6922387240757322,-0.09495329001322429,0.0
-0.08351188034450187,1.793189342160175,7.854893089093775,0.7215872534109853,0.6922666988866842,-0.10036504368225807,0.0
-0.08350004777362072,1.7925406177326668,7.854833437327439,0.7215662863727609,0.6922879143412337,-0.10601462628553175,0.0
-0.08306597836820456,1.7807201864634503,7.853612639460305,0.7211420176834304,0.6927267276026831,-0.11353158095500444,0.0
-0.08313339715351964,1.77778598303933,7.854681228666067,0.7215144797754841,0.6923436725676487,-0.12474122491009669,0.0
-0.08301869947620004,1.773735204197713,7.85457623821344,0.7214752983641817,0.6923788263564169,-0.13618160789565129,0.0
-0.08270841713824578,1.7697666345920073,7.853238343286441,0.7210157771541447,0.6928649571257671,-0.14537883046452385,0.0
-0.08271311614550327,1.7651402517602617,7.8536503920339795,0.721159712306949,0.692717551671169,-0.1516202742876222,0.0
-0.08273488641479305,1.7606237728841616,7.854586537594831,0.7214819720518189,0.6923780937717434,-0.1684565544128418,0.0
-0.08269457531681881,1.7602053484795375,7.854365498733553,0.7214060899108419,0.6924584454251488,-0.17925835442421212,0.0
-0.08265426421884456,1.7597869240749135,7.854144459872274,0.7213302077698649,0.692538797078554,-0.1982984018305724,0.04495518028543963
-0.08261395312087032,1.7593684996702896,7.853923421010996,0.7212543256288879,0.6926191487319594,-0.2016092836856842,0.05753654688596725
-0.08257364202289608,1.7589500752656655,7.853702382149717,0.7211784434879109,0.6926995003853648,-0.2016092836856842,0.06073652518757818
-0.08248825633924901,1.7310926706982734,7.858901832413649,0.7229761740214264,0.6908216668337237,-0.2015353000873634,0.05753654688596725
-0.08204404119015932,1.7227902067739447,7.858613071345718,0.7228555172186231,0.6909060594773699,-0.19818503343138735,0.05753654688596725
-0.08181575744745045,1.7150525539704367,7.861309185023402,0.7237701846048449,0.6899156766940372,-0.18973216164936896,0.043898578294246454
-0.0817119487044083,1.7086647551036602,7.864418958033677,0.7248404877338052,0.6887879769429561,-0.1868193178682113,0.01029389351606369
-0.08158996822203804,1.7018048613170966,7.868009400524129,0.7260907365613982,0.6874997183659207,-0.1880418367520855,0.0
-0.08155831117079473,1.7000012073623019,7.868714305539756,0.7263366503742257,0.6872472148037957,-0.185032919049263,0.0
-0.081548119859251,1.6995330740535761,7.868932437464019,0.7264121657720722,0.6871685259167056,-0.185032919049263,0.0
-0.08153792862056325,1.6990649440914563,7.8691505678288935,0.726487680630072,0.6870898375921491,-0.185032919049263,0.0093534515027851
-0.0814195754615715,1.6952085414637292,7.868893202709424,0.7264005049315371,0.6871844997455,-0.185032919049263,0.002505306786546549
-0.08074382634080904,1.672241848774222,7.867257001510382,0.7258409513971247,0.6877812614181773,-0.185032919049263,0.007982161919203038
-0.08053309715578082,1.665986541251706,7.868049313320508,0.7261126927561986,0.6874930266358016,-0.185032919049263,0.028109790134535403
-0.08024832071354765,1.660041820941363,7.867703308113789,0.7259941032801226,0.6876189770113526,-0.18136203790435426,0.04358717972585135
-0.08002397708452233,1.6539881428634868,7.867003392423426,0.7257530548664695,0.6878726542674948,-0.18482347398157997,0.05674065455558274
-0.07986382334293955,1.6488602735218365,7.867884800184296,0.7260544936599121,0.6875511935301818,-0.1767447292804718,0.1218298970021313
-0.07971000739302049,1.6441942579007744,7.868816440682878,0.7263749665739675,0.6872131692623139,-0.1767447292804718,0.13977942227136617
-0.07968602802604009,1.6436405713814157,7.869034318377779,0.7264502205535435,0.6871344073846086,-0.1767447292804718,0.15826739848149673
-0.0796620486590597,1.6430868848620568,7.869252196072679,0.7265254745331194,0.6870556455069032,-0.1767447292804718,0.18535535579629367
-0.07889443772735352,1.6246051385086844,7.880800358900634,0.7304805326441085,0.6828492695663301,-0.1767447292804718,0.19765085559452591
-0.0786689953174514,1.6194627133804071,7.88501925342853,0.7319204874701893,0.6813079084243298,-0.1643124520778656,0.24692195493194874
-0.07827107761356039,1.6140812896025543,7.890281672408552,0.7337062198351841,0.6793756618623329,-0.1643124520778656,0.25855199973703563
-0.07779463721956371,1.6075357942811999,7.89676701033503,0.7359045963411202,0.6769922210640331,-0.1601683646440506,0.2746934654177845
-0.07733721510530185,1.601676693437351,7.904667422464565,0.7385705283511913,0.6740776175733986,-0.1518801748752594,0.29875356523336954
-0.0769428192966438,1.5966230702573758,7.913716599388265,0.741615869304371,0.6707317033104874,-0.1498355751347804,0.3250363462924359
-0.07656173216299407,1.592563073056616,7.922403882552768,0.7445254953477558,0.667506953211657,-0.14890330554835327,0.3409924671053886
-0.07652739545220764,1.5921290418376868,7.923468347321429,0.744880856890871,0.6671107749829623,-0.15089387973752022,0.3484883168905273
-0.07649305874142123,1.5916950106187575,7.9245328120900895,0.7452362184339862,0.6667145967542677,-0.14068673255873626,0.4418101863503515
-0.0761465349965726,1.5883628246360308,7.934918289578187,0.7486687143257358,0.6628185379902353,-0.1353038102388382,0.48272039890289303
-0.07473043857769948,1.575690908741902,7.974727553247495,0.7617586414140599,0.6478253139172848,-0.1353038102388382,0.48272039890289303
-0.07519934501615307,1.5720698321857263,7.988692187150044,0.7662395093418034,0.6424707305494478,-0.13761687937091338,0.4739307362010073
-0.07450781429954609,1.5674769716197776,8.005408014497123,0.7715739931580491,0.6360372725060585,-0.1394478976726532,0.45626754944459585
-0.07382083670636524,1.5635157252590144,8.021777593381133,0.7767531202094026,0.6297002157429561,-0.1435920000076294,0.441698989724676
-0.07301935423138277,1.5595836560595358,8.038563467356525,0.782015091127561,0.6231623456908628,-0.1394478976726532,0.44904707850755793
-0.0723523637661787,1.5562687650632911,8.051615930763022,0.7860696142261473,0.6180488839880046,-0.1394478976726532,0.41973021328449245
-0.0722783110266451,1.5558872889917923,8.052979921093959,0.7864907401478627,0.6175124891886503,-0.1394478976726532,0.41973021328449245
-0.07220425828711148,1.5555058129202934,8.054343911424896,0.7869118660695781,0.616976094389296,-0.1394478976726532,0.4125295197273538
-0.07213020554757787,1.5551243368487946,8.055707901755833,0.7873329919912934,0.6164396995899417,-0.1407952444942103,0.3988627532118236
-0.06821554727484555,1.5387383944692443,8.11040738774296,0.803884139612931,0.5946697848633218,-0.1435920000076294,0.3756779691940288
-0.06725021633319068,1.535065616486161,8.122340973806443,0.8074213019028802,0.5898649689193777,-0.1435920000076294,0.3567399993538856
-0.06439101999284821,1.5298063589312463,8.140187516754649,0.8126821460124198,0.5826579078903975,-0.1435920000076294,0.3567399993538856
-0.0633775039920081,1.526499036447201,8.15094028178351,0.8158077016147831,0.5782835771446617,-0.1435920000076294,0.3411162258814689
-0.06336895993054514,1.5220273293984834,8.16142986911428,0.8188056244051248,0.5739801959931685,-0.1435920000076294,0.3409924671053886
-0.06078146242463166,1.5174647054934216,8.176187926755173,0.8230186189969927,0.5679225768706707,-0.1435920000076294,0.3409924671053886
-0.06047178657100445,1.5165431292639429,8.178378452069563,0.8236395976969317,0.5670204352033967,-0.1435920000076294,0.3409924671053886
-0.06033126378992865,1.516140247967272,8.179364250641129,0.8239185613953373,0.5666141060203077,-0.1435920000076294,0.3409924671053886
-0.06019074100885285,1.5157373666706013,8.180350049212695,0.8241975250937428,0.5662077768372187,-0.1453825597736299,0.3409924671053886
-0.054826281385298575,1.5012023365383798,8.219536283657053,0.8351364121308746,0.5499541783806495,-0.14508305907952443,0.3409924671053886
-0.052629257023348544,1.4961969719196937,8.231035592889254,0.8382945023253653,0.5451497919065987,-0.14494544841856213,0.3409924671053886
-0.05087386778270426,1.4911839414429644,8.243422650164792,0.8416566383447998,0.5399485400116667,-0.14638460100053116,0.3409924671053886
-0.04940129505806212,1.4873301817767248,8.252233975397855,0.8440211846714246,0.5362313769720136,-0.1477360874414444,0.3154606560938236
-0.04729860436411224,1.4826914584353363,8.2647918879115,0.8473741757020762,0.5309229437142181,-0.15510272380761467,0.285006046442729
-0.04529738991854568,1.4786290138656601,8.275319616413586,0.8501608202989693,0.5264574307689341,-0.1601683646440506,0.2465071603655815
-0.04438930180878312,1.4766629442314498,8.280017147541017,0.8513969795593533,0.5244603729544168,-0.1601683646440506,0.2465071603655815
-0.044226172297736115,1.4762968568661283,8.280942719166408,0.8516394936200404,0.5240662360991388,-0.15775957256679093,0.2465071603655815
-0.044063042786689106,1.4759307695008066,8.281868290791799,0.8518820076807275,0.5236720992438609,-0.15897383316570385,0.2465071603655815
-0.03733366088541401,1.4610580385105885,8.30601525341967,0.8581509417119175,0.5133541638476045,-0.15605021936970703,0.2465071603655815
-0.03461486140693993,1.4559421436311428,8.316681270949426,0.8608693608770364,0.5087661704101246,-0.1560242772102356,0.2465071603655815
-0.0323055765602365,1.4512103109846453,8.324393773933584,0.8628229443978533,0.5054415298908034,-0.1560242772102356,0.2465071603655815
-0.02997890436830586,1.4467719540693766,8.332116912033186,0.8647696091348814,0.5021066770500822,-0.1560242772102356,0.2465071603655815
-0.02754569969039938,1.442411916461093,8.33988230093266,0.8667114351127017,0.49874458726466075,-0.1560242772102356,0.25542082689530965
-0.02509748485561861,1.437890018667278,8.347534636022054,0.8686125409100651,0.4954242904079297,-0.15979142363966864,0.2465071603655815
-0.024141019264892646,1.435388119368036,8.3567121002364,0.8708550078798848,0.49142098239122023,-0.1601683646440506,0.2465071603655815
-0.023102625285547424,1.4329583026366048,8.359276485452416,0.8714850683472728,0.49030434879326196,-0.1601683646440506,0.2465071603655815
-0.0220642313062022,1.4305284859051737,8.361840870668429,0.8721151288146607,0.48918771519530374,-0.1601683646440506,0.2465071603655815
-0.021025837326856978,1.4280986691737425,8.364405255884442,0.8727451892820486,0.4880710815973455,-0.16025484704404946,0.24584989442101138
-0.013179654179598595,1.4148556121022364,8.382827586278541,0.8772297065144586,0.4800256731751537,-0.16749009290328504,0.19086205060620257
-0.010866189538200458,1.411214213439369,8.38935260062046,0.8787915219114469,0.47716137239262585,-0.17240423033631777,0.07850864550401875
-0.007623874734136772,1.4060717590639311,8.398488181945291,0.8809611245119798,0.47314184563017975,-0.17833227755526068,0.0
-0.004758293696789201,1.4014586000617177,8.404800297834893,0.8824524231010727,0.47036042223060265,-0.18542736888006991,0.0
-0.001821181489665421,1.396846547858668,8.409056099236118,0.8834523918041094,0.46848216403121196,-0.20623849505078976,0.0
0.000700730921056895,1.3930345440837373,8.409529402896679,0.883563913573762,0.46827344041717645,-0.21472452702743478,0.0
0.0009529186034375064,1.3926613102927023,8.409427978539888,0.8835401557903341,0.46831824223927104,-0.21752129126162756,0.0
0.00120510808867826,1.3922880738334629,8.409326553458026,0.8835163978370646,0.46836304438164866,-0.22237566585922522,0.0
0.0014572957710588712,1.391914840042428,8.409225129101236,0.8834926400536366,0.46840784620374326,-0.22550441707992655,0.0
0.017663321252944623,1.3687856247245884,8.412611039567917,0.8842784635195322,0.46690834469330106,-0.2209309354340821,0.0
0.0220825143672696,1.3621029015902713,8.410873533969513,0.8838679021230408,0.46767395428402075,-0.21607028711831844,0.0
0.02639900838987958,1.3554714000401236,8.41066180491967,0.8838197130804577,0.46776822368378235,-0.20958182053618518,0.0
0.030372801557850822,1.3493266041002245,8.410417118650226,0.8837615243770036,0.46787584447110603,-0.2014837943227249,0.0
0.03420281422007926,1.3439563503860135,8.410835773307882,0.8838552795209531,0.46768863505610353,-0.19451338385307299,0.0
0.03826887020426828,1.3374721686005733,8.410429376588715,0.8837567945444977,0.4678664057975336,-0.18549212309323698,0.0
0.03848730724639292,1.3371324093882646,8.410413910627744,0.8837532947702854,0.4678733024671764,-0.18019151879401524,0.0
0.038675369803030046,1.3368408828404381,8.410403288794873,0.8837509296969303,0.4678780594145387,-0.1767447292804718,0.0
0.038863432359667174,1.3365493562926118,8.410392666962002,0.8837485646235752,0.467882816361901,-0.1767447292804718,0.0
0.039051494916304295,1.3362578297447854,8.41038204512913,0.88374619955022,0.4678875733092633,-0.16734463574078826,0.0
0.03923955747294142,1.335966303196959,8.410371423296258,0.883743834476865,0.4678923302566256,-0.16172020295956727,0.0
0.05657188991183258,1.3084711109071685,8.40866282298495,0.8833539781504252,0.46865254629309283,-0.15470404749972877,0.0
0.05982007273183117,1.303419794608762,8.40890831868484,0.8834139804891206,0.4685454298290748,-0.1518801748752594,0.0
0.06311736293921437,1.2985166819034633,8.409647271812995,0.8835790300281329,0.4682147543056457,-0.15049356344697548,0.0
0.06586789376456133,1.2940891312900293,8.410322549153955,0.883734163729352,0.46791485991193654,-0.1477360874414444,0.0
0.0669703296959404,1.2928402526162417,8.410685133324806,0.8838189538819026,0.46775462519835137,-0.15176277123982646,0.0
0.06713575969826388,1.2923708408677728,8.41069278754753,0.8838220126676845,0.4677519141305796,-0.1477360874414444,0.0
0.06730118970058738,1.2919014291193038,8.410700441770254,0.8838250714534663,0.4677492030628078,-0.1477360874414444,0.0
0.07520982784997654,1.2794812795736632,8.409814207354637,0.883628920596964,0.4681467309457115,-0.1477360874414444,0.0
0.07813278433257798,1.2750917398462138,8.40992542653054,0.8836536483770405,0.46809690102515183,-0.1435920000076294,0.0
0.08007668757509166,1.2721583034706883,8.41010440438211,0.883693513519137,0.4680167519560693,-0.1435920000076294,-0.007906756154286142
0.08404768081739267,1.266031794229798,8.409652071079861,0.883586694825464,0.4682161002688427,-0.1435920000076294,-0.043371617719945965
0.08705407745135253,1.262205660979402,8.409016652573463,0.883433173971617,0.4684942974163112,-0.1435920000076294,-0.057475509308278556
0.08961882330676975,1.2581635751793825,8.408955365919674,0.8834179399472081,0.46852090319257567,-0.1435920000076294,-0.057475509308278556
0.09079459155316674,1.2562724475463498,8.408061973122175,0.8832104030573403,0.46891645195827364,-0.1435920000076294,-0.057475509308278556
0.0931481024139698,1.2525373031246665,8.405621638739657,0.8826385631346512,0.4699942875247255,-0.1435920000076294,-0.057475509308278556
0.09712567643382655,1.2463313447084616,8.40147584560051,0.8816653601056923,0.47182446726647354,-0.1435920000076294,-0.057475509308278556
0.09886881416212809,1.2437396101972358,8.399966075999128,0.8813090692028489,0.472489960079351,-0.1435920000076294,-0.06966246652754121
0.09918377332548531,1.2432643664711727,8.399735090356526,0.8812546725049959,0.4725918374802738,-0.14168123469777988,-0.1337617200507149
0.09949873248884253,1.2427891227451093,8.399504104713923,0.8812002758071429,0.47269371488119655,-0.1394478976726532,-0.21818793675105685
0.10617955481484563,1.2320892108622206,8.394330590116232,0.8799691747968819,0.47496865920748443,-0.1353038102388382,-0.38933092909782235
0.1103228164999065,1.2256048321302093,8.389300631628865,0.8787735567512102,0.4771811849161591,-0.13919540046187595,-0.43541673272848125
0.11272998884187863,1.2215562775947222,8.382070114119506,0.8770455282464139,0.4803566108796167,-0.13597615752318365,-0.43541673272848125
0.11422582743570761,1.21890641542872,8.375288498347999,0.8754125883335498,0.48332823116905005,-0.13837315982907988,-0.45116429328918456
0.11445654256693986,1.2185112700492389,8.373981478736184,0.8750963551462853,0.4839001156635605,-0.13765210188247332,-0.45116429328918456
0.1146872576981721,1.2181161246697578,8.37267445912437,0.8747801219590207,0.484472000158071,-0.1394478976726532,-0.45116429328918456
0.11829263638176522,1.211806095612424,8.347418826334502,0.8685141700735962,0.49543471585667825,-0.1394478976726532,-0.45116429328918456
0.12462472277667565,1.2000875609674047,8.300023001654033,0.8566067523550701,0.5159216200330862,-0.1394478976726532,-0.45116429328918456
0.12687678760304366,1.195789072270791,8.283440397711383,0.8523025038982259,0.523007912995859,-0.1353038102388382,-0.45587578875291557
0.12904245369789782,1.1914454662790477,8.269806278097917,0.8487123408821042,0.5288027828089673,-0.1353038102388382,-0.47155501885821494
0.1312604814037597,1.186728846741708,8.255119968618065,0.8448034032733969,0.5350187959902787,-0.13624727833543276,-0.48624454944469536
0.13327798879816596,1.1821880947404142,8.240348884999849,0.8408249884831274,0.5412409004936148,-0.1451849369995913,-0.5111278986228575
0.1350892603868495,1.1778562149978213,8.225789181692384,0.8368622636963312,0.5473473727231649,-0.1518043658008989,-0.49855098390037306
0.13527578203958715,1.1774183761738504,8.224272887197195,0.8364468640859364,0.5479815566254784,-0.1622974736979648,-0.5141544789075851
0.13546230369232476,1.1769805373498794,8.222756592702005,0.8360314644755417,0.5486157405277919,-0.17171930473955663,-0.49840694665908813
0.13654716943949208,1.1742611105012928,8.213029338849855,0.8333189833881092,0.5526523705733386,-0.1767447292804718,-0.5011563484174035
0.14300471590752642,1.1574850645372137,8.155090603944222,0.8170121179585934,0.5765937351334595,-0.1767447292804718,-0.5209000056770788
0.14523654679508746,1.1512429427572568,8.137958149070725,0.8120413980907992,0.5835700774654963,-0.1767447292804718,-0.5452215278847888
0.1473778827257483,1.144345923697581,8.119953865254946,0.8067530348214927,0.5908548692430934,-0.1767447292804718,-0.5583748973210082
0.14907244470162842,1.1382274249627997,8.103545562961768,0.8018785716079321,0.5974537061068314,-0.185032919049263,-0.5892086617646864
0.15075149519531159,1.1321348939509497,8.085617504637229,0.7964933611882178,0.6046195881572106,-0.185032919049263,-0.5928922533988953
0.1524978286949359,1.1256745723757047,8.065741883191968,0.7904487182738713,0.6125074683591674,-0.185032919049263,-0.5928922533988953
0.1538656267324534,1.119262128184752,8.045989232776284,0.7842714133098787,0.6202122540296467,-0.185032919049263,-0.5928922533988953
0.15515335197272265,1.1128298866073618,8.025808554828556,0.7779313925747497,0.6280609970672317,-0.185032919049263,-0.5928922533988953
0.15644107721299186,1.106397645029972,8.005627876880828,0.7715913718396208,0.6359097401048167,-0.185032919049263,-0.5928922533988953
0.1575897800555228,1.1004706095044379,7.987643814995732,0.7659050357818131,0.6428743126871844,-0.185032919049263,-0.5928922533988953
0.15873278976912733,1.0929003129039896,7.96534957308676,0.7586908160501238,0.6513713288045969,-0.185032919049263,-0.6004179956815797
0.1594939022465949,1.0856945693199371,7.94454561601446,0.7518750041832563,0.6592284126613367,-0.18335728819043376,-0.6086397856473923
0.1600515356788509,1.0795433565747998,7.92665373790096,0.7459496181088803,0.6659299910019287,-0.180888831615448,-0.6086397856473923
0.16060289756813267,1.0733892068166764,7.908138358998529,0.739752344830451,0.6728067417550878,-0.18051890092352096,-0.6086397856473923
0.16116159668116248,1.0659285471677011,7.884913079162984,0.7318869648305492,0.6813492258330236,-0.17644091222211528,-0.6243873178958893
0.1612867287466827,1.0642311706116412,7.87926561279122,0.7299596817225873,0.6834127682721104,-0.16731446007297307,-0.6602223819033858
0.16132871725016906,1.0636570415839677,7.877352931227589,0.7293054281847385,0.6841102236564817,-0.1629950895679331,-0.6873775601387023
0.16137070605382633,1.0630829084519131,7.875440235990423,0.728651169969708,0.6848076840268796,-0.15987283323319793,-0.7042481117484395
0.16185061239909546,1.0412410472220928,7.801190516426073,0.7027274527690762,0.7113765354435674,-0.1560242772102356,-0.7188726246356963
0.16161568633354284,1.0348709954148454,7.775764902354456,0.6936308091852867,0.720256072870437,-0.1560242772102356,-0.7274242289955101
0.1617196758113191,1.0292148697198984,7.753026597557466,0.6854048126932223,0.7281031618122366,-0.15808222940909747,-0.7188726246356963
0.16133536699282022,1.0240152407306218,7.7287489395638636,0.6765170092476391,0.7363702007538395,-0.1560242772102356,-0.7188726246356963
0.16064423872823008,1.0180910155842438,7.701057059943758,0.6662568407264582,0.7456664253960229,-0.1560242772102356,-0.7188726246356963
0.1599466750619443,1.0124428595792685,7.675942107236095,0.6568424630146764,0.7539757485157673,-0.1601683646440506,-0.7188726246356963
0.15953918874644715,1.0092486564288679,7.6622509274701995,0.6516649219677793,0.7584536111176966,-0.15978212606880002,-0.7188726246356963
0.1593891873283657,1.0081968484084387,7.65778116768658,0.6499686455620137,0.7599085811259702,-0.15843453534725363,-0.7188726246356963
0.15602855847535332,0.9959817590719182,7.602823632194992,0.6288368420907932,0.7774702658998697,-0.15660155153228034,-0.7188726246356963
0.15537639424780414,0.9929248824596004,7.589787970939904,0.623758397516049,0.7815552564454238,-0.1560242772102356,-0.7188726246356963
0.1552733851378537,0.992032760471084,7.5861161438002735,0.6223241620862163,0.7827012253172773,-0.1601683646440506,-0.7188726246356963
0.15193086865710992,0.9792929659214712,7.530657564595987,0.6003816391681079,0.7996516379053178,-0.1601683646440506,-0.7188726246356963
0.1502275474145341,0.9742957726251491,7.508131504920465,0.5913443523661955,0.8063725803749572,-0.1601683646440506,-0.7188726246356963
0.14843871334370837,0.9686210190663137,7.483432193592537,0.5813493131505142,0.8136253035224306,-0.1601683646440506,-0.7188726246356963
0.1469541050770163,0.9634091568114638,7.4551964235729296,0.5698012490573734,0.8217458482361573,-0.1601683646440506,-0.7188726246356963
0.14535060802310745,0.9588195471522826,7.435111836389664,0.5615235435126262,0.8274309804329744,-0.15712307006759205,-0.7188726246356963
0.14517744456383808,0.9582216182021341,7.433275278444922,0.5607622372090308,0.82794440644851,-0.1601683646440506,-0.7188726246356963
0.14500428110456873,0.9576236892519856,7.4314387205001795,0.5600009309054353,0.8284578324640457,-0.1601683646440506,-0.7188726246356963
0.1436407656214367,0.9544460520614463,7.418017070363259,0.5543693502783199,0.8321061317217576,-0.1601683646440506,-0.7188726246356963
0.13528554003782853,0.9362692803003277,7.3368957199920555,0.5202313380739583,0.8540009041736469,-0.1601683646440506,-0.7188726246356963
0.1325196386157065,0.9312012804135783,7.314323754121263,0.5105588819951484,0.8598155405277081,-0.1601683646440506,-0.7188726246356963
0.12959824514124807,0.9265483215547888,7.293164879984082,0.501433658542521,0.8651679632175496,-0.1601683646440506,-0.7044785247750243
0.12668893931393413,0.9218839645599719,7.27138403670473,0.4919818774779672,0.8705770527287079,-0.1601683646440506,-0.7188726246356963
0.1237683392116343,0.9169941974882801,7.248016537519833,0.48177922886080654,0.8762698731649642,-0.1601683646440506,-0.7188726246356963
0.12060229716972652,0.9120705118989838,7.2239981308592185,0.47122284089480465,0.881994957303648,-0.1601683646440506,-0.7092245381152752
0.12043945532420858,0.9116646552235484,7.22198430967102,0.47033443249986406,0.8824688463841396,-0.1601683646440506,-0.7099705678630457
0.12027661347869065,0.9112587985481131,7.219970488482822,0.4694460241049235,0.8829427354646311,-0.1601683646440506,-0.7031250923871993
0.1201137716331727,0.9108529418726777,7.217956667294623,0.46855761570998283,0.8834166245451227,-0.1601683646440506,-0.6992213756510024
0.11995092978765476,0.9104470851972424,7.215942846106425,0.46766920731504225,0.8838905136256143,-0.1601683646440506,-0.6939816825978024
0.1028828970703276,0.8877295706560432,7.1049148912592335,0.4179047844750257,0.9084757689494493,-0.1601683646440506,-0.6937468140067344
0.09854032753967372,0.8828964118155901,7.080173010338698,0.4066348234453018,0.9135769646979903,-0.1601683646440506,-0.6777681291713178
0.09458962220865144,0.8790205119839286,7.059272094296073,0.397063808232654,0.9177726200639965,-0.1601683646440506,-0.6716299712657928
0.0913640487693469,0.8755265027983438,7.039894303439824,0.38815298475566906,0.9215763021291534,-0.1601683646440506,-0.6716299712657928
0.08651743786816586,0.8706137034667513,7.0132717512814855,0.37585093765433614,0.9266596769931129,-0.1601683646440506,-0.6716299712657928
0.08587839461258767,0.870018521320285,7.010032271679016,0.3743495111061782,0.9272672713401012,-0.1601683646440506,-0.6716299712657928
0.08549360993414966,0.869664582205112,7.008136136891625,0.37347014072945994,0.9276215404332407,-0.1601683646440506,-0.6716299712657928
0.08510882525571165,0.869310643089939,7.006240002104232,0.37259077035274163,0.9279758095263804,-0.1601683646440506,-0.6695437364504437
0.0698886410761791,0.8557910853662868,6.927722546111555,0.3358826227099001,0.9418865253100239,-0.1601683646440506,-0.6673010061262761
0.06464366391055677,0.8519675327250354,6.9031677099064535,0.32429293198731124,0.9459370677852972,-0.1623702504387802,-0.6475152729973234
0.060043054310496086,0.8483359411089328,6.881673302510511,0.3141085525897395,0.9493686192182024,-0.17061393005795955,-0.6401349067687988
0.05616571864457007,0.8454709480866958,6.863450095166773,0.3054451801907436,0.9521906318967861,-0.17778212479637281,-0.6086397856473923
0.050821162003583394,0.8417292728995152,6.839705092663015,0.29411892930889433,0.9557494928803043,-0.18129519358711335,-0.607095610155064
0.045315719647449876,0.8381342093122064,6.815013999599288,0.2822977580416682,0.9593082840839163,-0.185032919049263,-0.5818529019444725
0.04311470191792476,0.8366411712541127,6.806435120091283,0.2781803386163955,0.9605105599293016,-0.20144888989354665,-0.5462590964391144
0.04258492101042527,0.8362871297827229,6.804406605469348,0.2772059430634993,0.9607920491719513,-0.21031721072043655,-0.5109644699510307
0.042055140102925784,0.8359330883113332,6.802378090847411,0.2762315475106032,0.961073538414601,-0.21665530279501552,-0.4429305879453265
0.021809372479321784,0.8243426368675776,6.7375316958144555,0.24493136765123671,0.9695256075319016,-0.20687014002658213,-0.3094363331794739
0.0151373380394091,0.8207219061326005,6.720541359240422,0.23668608131164068,0.971570247526084,-0.16727119381025465,-0.032837003004702506
0.008211905155610367,0.8171339276301871,6.705903025541617,0.22956917299942559,0.973278474258822,-0.1601683646440506,0.0
0.0015395969879232817,0.8140328094576493,6.6968708618046495,0.22517147196690918,0.9743054299315849,-0.1601683646440506,0.0
-0.0050053023217960626,0.8111659934464571,6.690046395734708,0.22184569454518577,0.9750684627918405,-0.1601683646440506,0.0
-0.01048329532813885,0.8084537064138786,6.688683810563822,0.22118107345778834,0.975218220953214,-0.17071912752472387,0.0
-0.015221341731993025,0.8063439130844917,6.692451704932096,0.22301713532294895,0.9747962832653365,-0.18427968879497003,0.0
-0.019459312652457927,0.8044224608015483,6.695315623492443,0.22441254321159237,0.9744749165081869,-0.20019815260811274,0.0
-0.02369728357292283,0.8025010085186048,6.698179542052791,0.22580795110023577,0.9741535497510371,-0.2240770127692025,0.0
-0.027935254493387733,0.8005795562356615,6.701043460613138,0.22720335898887917,0.9738321829938874,-0.2369648808174651,0.0
-0.035291456602722406,0.7971243616412703,6.701499794599305,0.227426243384891,0.9737832931801585,-0.259642630815506,0.0
-0.042821693903852875,0.7935512610486112,6.701128886808957,0.22724607066120864,0.9738272667063069,-0.259642630815506,0.0
-0.050854924874645414,0.7897571630421282,6.701468282334532,0.2274112472851878,0.9737883623280096,-0.259642630815506,0.0
-0.059221927210484075,0.7860910294487103,6.70217245785304,0.22775487778540582,0.973711592098217,-0.259642630815506,0.0
-0.06736647253528498,0.7821889576866882,6.703037346616787,0.22817572192347024,0.9736121108368156,-0.259642630815506,0.0
-0.07299921542054619,0.7794956023790542,6.7026867163038375,0.22800490269428678,0.9736515572032447,-0.261609063185063,0.0
-0.07373912319488936,0.7791405248986719,6.702635858594242,0.22798012659882874,0.9736572814164616,-0.2637867331504822,0.0
-0.07447903096923252,0.7787854474182895,6.702585000884645,0.22795535050337068,0.9736630056296783,-0.2637867331504822,0.0
-0.08056553526659177,0.7759292765107503,6.702267511982241,0.2278009108581337,0.9736997234045037,-0.2665032647738619,0.0
-0.10642503960883412,0.763730827995661,6.700838920975998,0.22710534319329315,0.9738621892380963,-0.27247142778012023,0.0
-0.1144705450202368,0.7598997682247649,6.699603593072383,0.22650414501702368,0.974003846840362,-0.29746488714588987,0.0
-0.12263279565896655,0.7558453192556148,6.698864103093688,0.2261437130671217,0.9740863081965788,-0.3203576905484311,0.0
-0.13092160315893334,0.7519182960549821,6.6990241915401585,0.2262214352303632,0.9740671397096631,-0.3259481191635132,0.0
-0.13834474482043332,0.7484078704250685,6.699881956583872,0.22663898960421097,0.9739692317764898,-0.3259481191635132,0.0
-0.14825493900078301,0.7435686937041781,6.6993427390528115,0.2263758476138261,0.9740279634362268,-0.3259481191635132,0.0
-0.14890091727716856,0.7432630164494802,6.699368059800723,0.2263881943363527,0.9740251626637965,-0.3259481191635132,0.0
-0.1495468955535541,0.7429573391947824,6.699393380548635,0.22640054105887936,0.974022361891366,-0.3259481191635132,0.0
-0.15019287382993962,0.7426516619400845,6.699418701296548,0.22641288778140597,0.9740195611189356,-0.32124891237162406,0.0
-0.15083885210632517,0.7423459846853866,6.699444022044459,0.22642523450393262,0.9740167603465053,-0.31611642912416005,0.0
-0.19995925727890704,0.7189446719586463,6.698818259963481,0.22612036013087447,0.9740870747190112,-0.313515841960907,0.0
-0.20936422781310618,0.7145427933228489,6.698033980510692,0.22573815424532634,0.9741747632958084,-0.313515841960907,0.0
-0.21705777662761486,0.7109929748149608,6.697821268671612,0.22563506646038684,0.9742010233659186,-0.2927953898906708,0.0
-0.22715864925334797,0.7064266890133677,6.698281672886475,0.22585953323009209,0.9741499601877326,-0.2927953898906708,0.0
-0.2371780959748019,0.701683141262915,6.6975844361265295,0.22552001852153208,0.9742290956504134,-0.2891052749875881,0.0
-0.2399777222705389,0.700360171031655,6.697882275585156,0.22566504190999842,0.9741952584913447,-0.27650610146375065,0.0
-0.24085709252763624,0.6999462251798098,6.6978805079131005,0.22566415940270607,0.9741953652193698,-0.251354455947876,0.014164546910581888
-0.24173646278473357,0.6995322793279645,6.697878740241045,0.22566327689541374,0.9741954719473949,-0.24510837931232318,0.026041443459689617
-0.27139927554084864,0.6857080536419412,6.6984401524759445,0.22593697766038193,0.9741331535688568,-0.23135115089814012,0.15607480357498904
-0.27834471578053155,0.6824512198233436,6.698872386958134,0.2261473280182313,0.9740835639527902,-0.2098974734544754,0.2827939761177505
-0.2860922803910626,0.6787068028252359,6.698913026067632,0.22616700161572084,0.9740784547372775,-0.20719167505864,0.32492040666659866
-0.2922171923693599,0.6757273061494982,6.7004569991255,0.22691900754130215,0.9739039870552849,-0.1851418157724364,0.5551054586850668
-0.2981893610661829,0.6728458253948163,6.706846342674144,0.23002919075217662,0.9731742681263371,-0.16998680743998235,0.6915562000430305
-0.3037652082791183,0.6700522501395723,6.717634760669686,0.2352752114471953,0.971918826604512,-0.1729775266847599,0.717501503367619
-0.30898611588274616,0.6674529168924743,6.736427439072733,0.24437287750722275,0.9695725393797506,-0.1767447292804718,0.7031861335039139
-0.3135294341977121,0.6650445653729331,6.7601818768225455,0.2558461239335494,0.9665046354754516,-0.1767447292804718,0.7031861335039139
-0.31807275251267814,0.6626362138533919,6.783936314572357,0.267319370359876,0.9634367315711525,-0.1767447292804718,0.7031861335039139
-0.32245416904625807,0.660303179222906,6.80727772015674,0.27858858913026174,0.9604057329315968,-0.1767447292804718,0.7031861335039139
-0.3266472475754747,0.6577228882482649,6.83734800198878,0.29299661531922566,0.9561094422931891,-0.17291668935410828,0.7177326852240952
-0.3309034678515077,0.6550460520126703,6.86099259432205,0.30427921537270824,0.9525785995068163,-0.1684565544128418,0.7189336657524108
-0.3350561854448167,0.6524606100536299,6.882740276671356,0.3146191933401472,0.9492136099065388,-0.1684565544128418,0.7189336657524108
-0.3402397204134647,0.648998757517092,6.907724397897416,0.3264520304979705,0.9452095788122711,-0.1684565544128418,0.7031861335039139
-0.34452494091656316,0.6458524454594935,6.932959663537341,0.338351005787542,0.9410125385755603,-0.1684565544128418,0.7031861335039139
-0.3463437139104651,0.6441820681235475,6.947156716869371,0.3450221118165547,0.938586739193962,-0.17180633615465601,0.7031861335039139
-0.34668861960329256,0.6438988641440826,6.94949059339222,0.34611687599171687,0.9381827374233523,-0.1767447292804718,0.6874386012554169
-0.3470335252961201,0.6436156601646178,6.951824469915069,0.3472116401668791,0.9377787356527428,-0.1767447292804718,0.6874386012554169
-0.3585995907691317,0.6340657464340551,7.023774666314227,0.38071676311007696,0.9246845263664925,-0.1767447292804718,0.6874386012554169
-0.36328786057384105,0.6295206378531358,7.050834466980822,0.39319234713636836,0.9194488752009449,-0.17859618710769515,0.6874386012554169
-0.3673029130786707,0.6254459945789568,7.073337379487562,0.40351192599326074,0.9149657576791422,-0.17787862288899894,0.6874386012554169
-0.37130996232599806,0.6214027013808087,7.09536321070714,0.41356330614676173,0.9104656641325134,-0.18074295713397692,0.6874386012554169
-0.3749911025135047,0.6173749577439808,7.117845223094353,0.42377159050648217,0.9057595388520142,-0.180888831615448,0.6874386012554169
-0.3783296055899577,0.613302341691544,7.140588609193911,0.4340434660200791,0.9008809960879115,-0.18231198535023646,0.6874386012554169
-0.3813494823250277,0.6098663434654763,7.159601826102802,0.44258886095028116,0.8967157186697041,-0.185032919049263,0.6874386012554169
-0.38165984313444495,0.6095292648275641,7.161555810937168,0.44346430044907914,0.8962820086911599,-0.185032919049263,0.6874386012554169
-0.3819702039438623,0.6091921861896519,7.1635097957715335,0.4443397399478771,0.8958482987126156,-0.185032919049263,0.6874386012554169
-0.3822805647532796,0.6088551075517397,7.1654637806059,0.44521517944667505,0.8954145887340713,-0.185032919049263,0.6874386012554169
-0.39542835366022294,0.5916460366927827,7.254621008850045,0.48467622213724687,0.8746849318169974,-0.185032919049263,0.6874386012554169
-0.39879467423637466,0.586789746472763,7.277656622671995,0.4947181723720998,0.8690444030030895,-0.18744874438483194,0.6874386012554169
-0.4017343095021095,0.5820198562088502,7.299585993235065,0.5042164825115494,0.8635668845286765,-0.18588839500166843,0.6874386012554169
-0.40461530935622136,0.5768182831082639,7.323427924942507,0.5144752649613512,0.8574954195741926,-0.189177006483078,0.6874386012554169
-0.40740066718683365,0.5721584059247387,7.343802406777542,0.5231835543836351,0.8522093218877587,-0.189177006483078,0.6874386012554169
-0.41026049654208663,0.5669129090216238,7.366558883089811,0.5328450910100403,0.8461997441294403,-0.19292264922513983,0.6874386012554169
-0.410747498064741,0.5659330243574336,7.370798554823125,0.5346379623646127,0.8450687209751512,-0.1933211088180542,0.6874386012554169
-0.41093911434349634,0.5655378711695055,7.3724874504082045,0.5353511647360202,0.844616592590444,-0.1933211088180542,0.6874386012554169
-0.4111307306222517,0.5651427179815773,7.374176345993284,0.5360643671074277,0.8441644642057369,-0.1933211088180542,0.6874386012554169
-0.41132234690100705,0.5647475647936491,7.375865241578364,0.5367775694788353,0.8437123358210297,-0.1933211088180542,0.6874386012554169
-0.42211770947793903,0.5406938866983166,7.4769131817902155,0.5786985147689238,0.8155219549386662,-0.1933211088180542,0.6874386012554169
-0.42440161779787094,0.5343414109507355,7.503062239241755,0.5893111086529218,0.8078859758928227,-0.1933211088180542,0.6874386012554169
-0.42627715504486835,0.5290684594370597,7.523753811775613,0.5976369435243695,0.8017450320961759,-0.20250508649045354,0.6716910123825073
-0.42825043151924164,0.5228483435367062,7.5474830097929875,0.6071062352420505,0.7945969953338644,-0.20571166533115018,0.6716910123825073
-0.4298231316400239,0.5168699289821502,7.570330564875834,0.6161441288319724,0.787610361697642,-0.2098974734544754,0.6559434801340103
-0.430056911091563,0.5156355201000085,7.57524924883495,0.6180807118990514,0.7860945174358782,-0.2098974734544754,0.6559434801340103
-0.43019791243833466,0.5151364064616258,7.57708192979667,0.6188005280069869,0.7855274910047826,-0.2098974734544754,0.6573683877723386
-0.4303389147931084,0.5146372892551385,7.578914623860011,0.6195203492608033,0.7849604605200816,-0.2098974734544754,0.6642993058498918
-0.4329550754758264,0.5041262753668266,7.6148460729644984,0.6334190494953424,0.7735786954625765,-0.20717186916863206,0.6559434801340103
-0.4374344533345717,0.48469277613009726,7.67966729411741,0.6582554242481411,0.7527621650392804,-0.20985824078889123,0.6559434801340103
-0.4384668465837637,0.47834831522899907,7.70197192271914,0.6666077407853916,0.7453726311903554,-0.2098974734544754,0.6559434801340103
-0.43906146595344475,0.4730192723142172,7.720839273434669,0.6736089007192503,0.7390502546497528,-0.2098974734544754,0.6403479928595922
-0.43983924899128635,0.46593992898441516,7.743815536647979,0.6820529362482767,0.7312613922602434,-0.21161603061652828,0.6526782273966493
-0.4405622638435349,0.45905005385379816,7.765509501758243,0.6899448033064296,0.7238204725370868,-0.2223297506570816,0.6192644139611354
-0.44083128831948887,0.4560737344880525,7.776187220486832,0.6937967369653218,0.7201239737610617,-0.23074421737217124,0.5924734403942397
-0.44087776068772855,0.4554546538343888,7.778177271698254,0.6945119911516485,0.719432294493815,-0.2347620278596878,0.5699956120667887
-0.4409242330559683,0.4548355731807252,7.7801673229096755,0.6952272453379753,0.7187406152265682,-0.23635321197249543,0.5494118467734505
-0.44195681759443406,0.43114776967384016,7.847384276326966,0.7189809101812188,0.6949688038957949,-0.2359849970821604,0.5299630522727966
-0.4422453729881508,0.42274276257457744,7.870799406047779,0.7270740067541939,0.6865096757633412,-0.23621306379009488,0.5299630522727966
-0.4415177600317605,0.41523064080029276,7.88371571589876,0.7314878715170157,0.6817956124101983,-0.2347620278596878,0.5205089587516519
-0.44098781711269547,0.4077196876863493,7.900836886930881,0.737288057037803,0.6755000315390737,-0.2347620278596878,0.5244330982456572
-0.4405431091008423,0.40013921458027146,7.917406870897215,0.7428595922708445,0.6693688435023463,-0.2379614801186501,0.5142155200242996
-0.44002522020627505,0.3927041056478616,7.933179753045748,0.7481155018332486,0.6634896831643815,-0.2347620278596878,0.5186781426270162
-0.43926076933527214,0.38568572298034814,7.949648542630051,0.7535364998673028,0.6572923817590179,-0.2347620278596878,0.5274817984884999
-0.4383150775686969,0.378511916989521,7.965410956506554,0.758649281191277,0.6512954551526986,-0.23806533475698127,0.5142155200242996
-0.43736938580212176,0.3713381109986939,7.981173370383058,0.7637620625152511,0.6452985285463794,-0.24306628108024597,0.48004447966861813
-0.43642369403554654,0.3641643050078668,7.99693578425956,0.7688748438392254,0.63930160194006,-0.24306628108024597,0.4541673126477216
-0.4348671501871828,0.35571422316063295,8.015144929613047,0.7746749441525302,0.6322844609258496,-0.251354455947876,0.39073185473512606
-0.4333932814114257,0.3483948694370753,8.030846006117665,0.779619246777427,0.6261870017405394,-0.2685387047042915,0.2902848763280313
-0.4320184316823071,0.3409739706647062,8.044904130237805,0.7840023776779813,0.6206923126321269,-0.2954683776263459,0.09513333349625601
-0.4302167099215797,0.33226857035650315,8.060215532988437,0.7887319013297726,0.6146726462941583,-0.3010835647583008,0.013631008134916068
-0.4282908752743174,0.3237605941012214,8.06990711892151,0.7917009105974095,0.6108431865075089,-0.3010835647583008,0.003351549339423541
-0.42592434907737303,0.31446143457411435,8.074610618445009,0.7931363396912161,0.6089804381908472,-0.3010835647583008,0.017567791621481393
-0.42369734877189263,0.3050804001296034,8.073414462306319,0.792769903054564,0.6094530861138107,-0.2994198657222163,0.026041443459689617
-0.42146967769035015,0.2956980251970742,8.072200901503631,0.7923981573110769,0.6099326288084166,-0.2964365285277558,0.026041443459689617
-0.41924200660880767,0.28631565026454503,8.070987340700945,0.7920264115675898,0.6104121715030225,-0.2929473950069529,0.026041443459689617
-0.41621358926930024,0.27457977257758076,8.069427423378027,0.7915465236830548,0.611026994006771,-0.28387207636407935,0.026041443459689617
-0.4136655350814667,0.2647320664080837,8.06962584672483,0.7916015300643512,0.6109441298333289,-0.2806275983462435,0.026041443459689617
-0.41147399330155293,0.25512493989118096,8.070743288116756,0.7919457567258985,0.6105040653288685,-0.2762190103530884,0.026041443459689617
-0.4095362898206662,0.24676353974791274,8.071690217527808,0.7922401364394422,0.6101332099256424,-0.2756619006353348,0.024982933806536944
-0.40769436373887524,0.23936938065528618,8.071883840280865,0.7923017097369485,0.6100584411996893,-0.26993009557952385,0.014092491963178437
-0.40507695735229554,0.22913548956381677,8.071700514523329,0.7922498790739315,0.610134214951973,-0.2679308354854584,0.01029389351606369
-0.4048612812501886,0.22827702011240145,8.07169810035481,0.7922495324876729,0.6101354715331515,-0.2679308354854584,0.01029389351606369
-0.40466277926837696,0.22748902433799434,8.07169899585948,0.7922501720062152,0.6101353989223228,-0.2679308354854584,0.01029389351606369
-0.4044642772865653,0.22670102856358726,8.07169989136415,0.7922508115247574,0.6101353263114941,-0.2679308354854584,0.01029389351606369
-0.3966245758518251,0.19523353827626158,8.072296800984512,0.7924237930089689,0.6098918588102947,-0.2680987379904257,0.01029389351606369
-0.39428244452702904,0.18591111835387217,8.072779688455418,0.7925709602033634,0.6097004658677706,-0.27389178647931034,0.01029389351606369
-0.3920720402752802,0.1771879065789904,8.073773575467492,0.7928757510032962,0.6093079892445837,-0.2786629400639636,0.01029389351606369
-0.3901807731661492,0.16989306417897318,8.072978759581247,0.7926377775046909,0.6096262918893091,-0.2807435081505224,0.026041443459689617
-0.387817552275898,0.16028157504612564,8.073557467428383,0.7928179802045886,0.6093998636185198,-0.28282682351800703,0.03242684806549596
-0.3854591487680214,0.15050504022292294,8.074467963769992,0.7930951429881122,0.6090387308636641,-0.27621855050840577,0.0890316467732191
-0.38335106756240506,0.14227049622611002,8.076532787447842,0.7937193432608027,0.6082164258274139,-0.2679308354854584,0.09367434504469588
-0.3811183421794612,0.13348240954638974,8.078194253972852,0.7942221876690297,0.6075552069517661,-0.2679308354854584,0.1197821887758954
-0.3788856167965174,0.12469432286666948,8.07985572049786,0.7947250320772569,0.6068939880761184,-0.2679308354854584,0.11755258608164254
-0.37621730671218406,0.1140843173613227,8.082753156235613,0.7956017529412711,0.605740748037722,-0.2679308354854584,0.11471681222013966
-0.3742443093984588,0.10519970553455608,8.085592497095387,0.7964679081643016,0.6046159631150685,-0.2679308354854584,0.12052674666047096
-0.37173407060456,0.09692292615925985,8.089830508857418,0.7977536641282141,0.6029316941988043,-0.2679308354854584,0.11881512341902013
-0.3695228848247064,0.08866606141506096,8.093091765389103,0.7987368232218531,0.6016308539814997,-0.2676583517907106,0.10477920025587081
-0.36794015161959215,0.08144022449816055,8.097684444417476,0.8000844206294654,0.5997712262426665,-0.26436429214256435,0.10477920025587081
-0.3658182099044669,0.07232850136020498,8.100590200359953,0.8009641432744883,0.5986150256488031,-0.2554985582828522,0.10264536968383282
-0.3637395531278884,0.06474167771271146,8.103671212458476,0.8018731535788864,0.5973713371200637,-0.24584319113008504,0.08383636570874295
-0.3615046238719412,0.056937438751276576,8.10652971690696,0.8027226146978926,0.596222045515827,-0.23892217874526978,0.04240628530171471
-0.359269694615994,0.049133199789841694,8.109388221355445,0.8035720758168987,0.5950727539115903,-0.23892217874526978,0.0
-0.35703476536004686,0.04132896082840681,8.11224672580393,0.8044215369359049,0.5939234623073536,-0.2357788394046216,0.0
-0.35474155461992574,0.032992821894896135,8.113175865941573,0.8047085120298573,0.5935579071644996,-0.2347620278596878,0.0
-0.3524438694669532,0.02570635790040974,8.112850280720453,0.8046132809781923,0.5936899373511488,-0.2347620278596878,0.0
-0.35024617377817846,0.0186806134509458,8.111852265718758,0.804313890194998,0.5940891296865742,-0.2347620278596878,0.0
-0.34820839278843413,0.011219902220540125,8.111775056321955,0.8042913425992962,0.5941204660519471,-0.23819773298349334,0.0
-0.34621822101870914,0.0038803234642142428,8.11122196895718,0.8041320506401014,0.5943465893764062,-0.2359108791924357,0.0
-0.3447236957836243,-0.00073993872654594,8.111634452996723,0.8042605172291845,0.5941850931701771,-0.23892217874526978,0.0
-0.3445275904806966,-0.0013122553308396274,8.111700730668403,0.8042805610816364,0.5941587018391254,-0.23892217874526978,0.0
-0.34433148517776896,-0.001884571935133315,8.111767008340085,0.8043006049340884,0.5941323105080739,-0.2347620278596878,0.0
-0.3441353784729075,-0.0024568926308512337,8.111833286485577,0.8043206489298316,0.5941059189883537,-0.23319273546210742,0.0
-0.3346022282103228,-0.034033232958174446,8.11076684937445,0.8039997026656054,0.5945317231074645,-0.2286265948477751,0.0
-0.3326954637144354,-0.04148895781566365,8.110202829860226,0.8038297218056375,0.5947567444047016,-0.22478490975808071,0.0
-0.3304611016887196,-0.04896949902087383,8.109336674338424,0.8035678421845331,0.5951016768201588,-0.20645890498140188,0.0
-0.3281087224921923,-0.05638758214085245,8.109366385143254,0.8035803976085508,0.5950924917933268,-0.18641184959709667,0.0
-0.3261879971718393,-0.06264286389445893,8.10945818166824,0.8036068066014742,0.5950549411961646,-0.18184789803750268,0.0
-0.32442608676144963,-0.06898360622274352,8.111645539444092,0.8042484129985403,0.5941692591879452,-0.17582837047851588,0.0
-0.32429604006394525,-0.06948134043716014,8.111676596103347,0.8042574477323902,0.5941566289272822,-0.16905019365364143,0.0
-0.32416599336644086,-0.06997907465157677,8.111707652762602,0.8042664824662401,0.5941439986666193,-0.1518801748752594,-0.011632789372283776
-0.32403594666893654,-0.07047680886599339,8.111738709421857,0.8042755172000899,0.5941313684059563,-0.1442472224953798,-0.09475876613422886
-0.31932355650728683,-0.08753855888151071,8.107552680418724,0.8030651212854628,0.5958393132960604,-0.1435920000076294,-0.20037198728917938
-0.31782921758800775,-0.09319195101954178,8.10682995223181,0.8028506807601119,0.5961301614510077,-0.1435920000076294,-0.2402645425325886
-0.3164359422498166,-0.0980823723616407,8.102870350813694,0.8016669171556164,0.5977170063680876,-0.13524102103529553,-0.3566789865493774
-0.31506496759463576,-0.1025497639387996,8.097220270483389,0.7999787065030356,0.5999820295636529,-0.127015620470047,-0.4282091386660426
-0.31369194347761575,-0.10743628213038488,8.086239677161045,0.7966734613858812,0.6043657494394862,-0.127015620470047,-0.4917363403202066
-0.3115046008871764,-0.109895026212389,8.086171280192564,0.7966286696698484,0.6043746888094481,-0.127015620470047,-0.5744179545094995
-0.31105087205030163,-0.11107870653552174,8.0835644570685,0.7958358354191661,0.6054091591575581,-0.127015620470047,-0.5966658019550116
-0.31081881057543576,-0.11165985871416825,8.082721704669066,0.7955800714567196,0.605744003725129,-0.127015620470047,-0.6075937260824295
-0.3105867491005698,-0.11224101089281475,8.081878952269632,0.7953243074942731,0.6060788482926999,-0.127015620470047,-0.6086397856473923
-0.31033374216996296,-0.1287041368373133,7.983565539441743,0.7646158721959301,0.6444544401743247,-0.127015620470047,-0.6126950152408375
-0.3092131699555248,-0.13345386975351015,7.963401525497769,0.7580825137146336,0.6521328045862826,-0.12684348174651766,-0.6237331907464778
-0.3083541293152673,-0.13821334250814418,7.940600782596444,0.7505970926192821,0.6607311098479134,-0.12412817253387695,-0.6086397856473923
-0.3077328425011599,-0.1426230798572917,7.920543962282562,0.743932316836692,0.668224103431584,-0.12677224283000957,-0.6086397856473923
-0.30715904658966814,-0.1475206954004529,7.899878824071813,0.736989850805747,0.6758764893879444,-0.12342933718942463,-0.6086397856473923
-0.30686116439276323,-0.15176087209821124,7.879116895212833,0.7299345106398768,0.683491064862696,-0.11635909108543543,-0.6153875869118146
-0.30662855714980447,-0.15448737308811097,7.866249920314944,0.7255196247247541,0.6881704480955012,-0.10585633240580718,-0.5754771160609783
-0.30652580590422374,-0.15571145927235625,7.860538642132301,0.7235481054139394,0.6902362351600455,-0.08881331059634495,-0.4826593577861786
-0.30642305465864306,-0.15693554545660154,7.854827363949657,0.7215765861031248,0.6923020222245897,-0.08486820517057372,-0.4642271397578908
-0.3060853536749333,-0.1683529624087401,7.8016151900164745,0.7029055108868365,0.7112546454476841,-0.06344019815232171,-0.3915079532702828
-0.30594758619772067,-0.17251315055319622,7.785053209528325,0.6969877562700127,0.7170470091157279,-0.040137294437129774,-0.2815394600306419
-0.3060746273896097,-0.17519884769278476,7.772406709744282,0.692443687735053,0.7214439397909372,-0.007595078625432929,-0.10471815913915633
-0.30607753459250675,-0.17773400410463353,7.757866686402414,0.6871834918154345,0.7264620359680769,-0.0,-0.0
-0.3061937699742691,-0.18033365621117925,7.741928823551216,0.6813707340432918,0.7319130156723058,-0.0,-0.0
