x,y,theta,qz,qw
0.0,0.0,1.5707963267948966,0.7071067811865476,0.7071067811865476
0.0,0.0,1.5707963267948966,0.7071067811865476,0.7071067811865476
0.0,0.0,1.5707963267948966,0.7071067811865476,0.7071067811865476
0.0,0.0,1.5707963267948966,0.7071067811865476,0.7071067811865476
0.0,0.0,1.5707963267948966,0.7071067811865476,0.7071067811865476
0.0,0.0,1.5707963267948966,0.7071067811865476,0.7071067811865476
0.0,0.0,1.5707963267948966,0.7071067811865476,0.7071067811865476
0.0,0.0,1.5707963267948966,0.7071067811865476,0.7071067811865476
0.0,0.0,1.5707963267948966,0.7071067811865476,0.7071067811865476
0.0,0.0,1.5707963267948966,0.7071067811865476,0.7071067811865476
0.0,0.0,1.5707963267948966,0.7071067811865476,0.7071067811865476
0.0,0.0,1.5707963267948966,0.7071067811865476,0.7071067811865476
0.0,0.0,1.5707963267948966,0.7071067811865476,0.7071067811865476
0.0,0.0,1.5707963267948966,0.7071067811865476,0.7071067811865476
0.0,0.0,1.5707963267948966,0.7071067811865476,0.7071067811865476
0.0,0.0,1.5707963267948966,0.7071067811865476,0.7071067811865476
0.0,0.0,1.5707963267948966,0.7071067811865476,0.7071067811865476
0.0,0.0,1.5707963267948966,0.7071067811865476,0.7071067811865476
0.0,0.0,1.5707963267948966,0.7071067811865476,0.7071067811865476
0.0,0.0,1.5707963267948966,0.7071067811865476,0.7071067811865476
0.0,0.0,1.5707963267948966,0.7071067811865476,0.7071067811865476
0.0,0.0,1.5707963267948966,0.7071067811865476,0.7071067811865476
0.0,0.0,1.5707963267948966,0.7071067811865476,0.7071067811865476
0.0,0.0,1.5707963267948966,0.7071067811865476,0.7071067811865476
0.0,0.0,1.5707963267948966,0.7071067811865476,0.7071067811865476
0.0,0.0,1.5707963267948966,0.7071067811865476,0.7071067811865476
0.0,0.0,1.5707963267948966,0.7071067811865476,0.7071067811865476
0.0,0.0,1.5707963267948966,0.7071067811865476,0.7071067811865476
0.0,0.0,1.5707963267948966,0.7071067811865476,0.7071067811865476
0.0,0.0,1.5707963267948966,0.7071067811865476,0.7071067811865476
0.0,0.0,1.5707963267948966,0.7071067811865476,0.7071067811865476
0.0,0.0,1.5707963267948966,0.7071067811865476,0.7071067811865476
0.0,0.0,1.5707963267948966,0.7071067811865476,0.7071067811865476
0.0,0.0,1.5707963267948966,0.7071067811865476,0.7071067811865476
0.0,0.0,1.5707963267948966,0.7071067811865476,0.7071067811865476
0.0,0.0,1.5707963267948966,0.7071067811865476,0.7071067811865476
0.0,0.0,1.5707963267948966,0.7071067811865476,0.7071067811865476
0.0,0.0,1.5707963267948966,0.7071067811865476,0.7071067811865476
0.0,0.0,1.5707963267948966,0.7071067811865476,0.7071067811865476
0.0,0.0,1.5707963267948966,0.7071067811865476,0.7071067811865476
0.0,0.0,1.5707963267948966,0.7071067811865476,0.7071067811865476
0.0,0.0,1.5707963267948966,0.7071067811865476,0.7071067811865476
0.0,0.0,1.5707963267948966,0.7071067811865476,0.7071067811865476
0.0,0.0,1.5707963267948966,0.7071067811865476,0.7071067811865476
0.0,0.0,1.5707963267948966,0.7071067811865476,0.7071067811865476
0.0,0.0,1.5707963267948966,0.7071067811865476,0.7071067811865476
0.0,0.0,1.5707963267948966,0.7071067811865476,0.7071067811865476
0.0,0.0,1.5707963267948966,0.7071067811865476,0.7071067811865476
0.0,0.0,1.5707963267948966,0.7071067811865476,0.7071067811865476
0.0,0.0,1.5707963267948966,0.7071067811865476,0.7071067811865476
0.0,0.0,1.5707963267948966,0.7071067811865476,0.7071067811865476
4.287335547181747586e-05,-4.990363673851305748e-06,1.570821681336306952e+00,6.821982520800417005e-01,7.311127522763578579e-01
5.052896095377320759e-05,-8.428202477379527965e-06,1.570814230364497632e+00,6.821957010255473852e-01,7.311154788773671642e-01
2.799934347165624173e-04,3.941635349229474956e-03,1.572308482919821282e+00,6.827086747320755267e-01,7.305701951833241115e-01
3.116090526324653527e-04,8.801450047149227823e-03,1.573127021537995773e+00,6.830083886795703663e-01,7.302915504302468497e-01
7.792176014220504165e-04,1.415003342604065871e-02,1.573434810291873820e+00,6.831181608059621047e-01,7.301836434129621578e-01
1.514548098872892405e-03,1.984166055121526148e-02,1.573413212544555906e+00,6.831025028000056176e-01,7.301827116098803527e-01
1.957039872005612510e-03,2.879365184998936011e-02,1.573954694575099955e+00,6.833209225601578618e-01,7.300199137601950383e-01
2.787331714908070773e-03,3.686119609041208639e-02,1.574594250503827730e+00,6.835732897509526618e-01,7.298216064825374660e-01
2.976637791940503052e-03,3.918616042165373736e-02,1.574522380729862503e+00,6.835509936830056477e-01,7.298503634751234426e-01
2.998991021008659986e-03,3.997201949552531275e-02,1.575012421978100097e+00,6.837321324705691872e-01,7.296853436653626401e-01
3.021344250076817353e-03,4.075787856939689507e-02,1.575502463226337913e+00,6.839132712581327267e-01,7.295203238556017267e-01
4.493911253579701247e-03,6.580007146793455386e-02,1.573512761148028849e+00,6.831888900513783947e-01,7.302021973297609936e-01
5.155830014372673326e-03,7.164565509417708533e-02,1.573333093907246960e+00,6.831186520154791664e-01,7.302586090079108416e-01
5.752522502239341626e-03,7.734710036490005658e-02,1.573360865029213240e+00,6.831226561713317214e-01,7.302425644247096947e-01
6.154320773844528837e-03,8.001564006836583975e-02,1.579836602812378255e+00,6.854605376453986043e-01,7.280024901131133541e-01
6.850849988283483696e-03,8.771638033272988189e-02,1.579008086430388813e+00,6.851683002012013413e-01,7.282963797656275551e-01
7.335420193315329504e-03,9.504046353459860708e-02,1.578263977587724076e+00,6.849075421648226358e-01,7.285621582409003150e-01
7.722476597178740305e-03,9.881338393974174739e-02,1.578457350979376228e+00,6.849782765073497703e-01,7.284962475589153996e-01
7.738686753614224673e-03,9.927306876557465132e-02,1.578277684398736724e+00,6.849134001690578843e-01,7.285583846853195267e-01
7.754896910049708172e-03,9.973275359140756913e-02,1.578098017818097221e+00,6.848485238307659984e-01,7.286205218117237647e-01
7.771107066485191672e-03,1.001924384172404731e-01,1.577918351237457495e+00,6.847836474924741124e-01,7.286826589381278918e-01
8.727849184814371469e-03,1.141427052503349304e-01,1.577972814180243821e+00,6.847965364254481324e-01,7.286566131558098736e-01
1.003811761591459628e-02,1.347128718743885734e-01,1.578893740223461517e+00,6.851276181756531525e-01,7.283365705708071403e-01
1.054509286631409928e-02,1.412942744882205726e-01,1.578100396271272743e+00,6.848452849187559588e-01,7.286153391110604671e-01
1.118622010965174100e-02,1.488417593682493378e-01,1.579234364188816242e+00,6.852602305032731156e-01,7.282289899045317760e-01
1.170676727678333744e-02,1.552814490445813822e-01,1.579048827988485115e+00,6.851957583327190626e-01,7.282958384838161825e-01
1.183411924923734315e-02,1.572832546503311890e-01,1.579091329865286220e+00,6.852107849182212940e-01,7.282807987269752648e-01
1.184081995574503415e-02,1.581887151839947159e-01,1.579072365589118121e+00,6.852035490263252981e-01,7.282869449737456868e-01
1.184752071015357858e-02,1.590941821904579834e-01,1.579053401177381577e+00,6.851963130827027904e-01,7.282930912644532961e-01
1.185422146456212300e-02,1.599996491969212509e-01,1.579034436765645033e+00,6.851890771390801715e-01,7.282992375551609054e-01
1.186092217106981400e-02,1.609051097305848055e-01,1.579015472489476934e+00,6.851818412471842867e-01,7.283053838019313275e-01
1.457818731749238594e-02,1.958712928000971853e-01,1.577431523620471898e+00,6.846070000878949902e-01,7.288501152242234937e-01
1.503973473494005057e-02,2.020457377758534956e-01,1.577970470429058247e+00,6.848070625869879802e-01,7.286695221263621569e-01
1.566473079564694240e-02,2.083593145698743876e-01,1.577308791055349602e+00,6.845692135010108537e-01,7.288995166203342535e-01
1.687038912032750096e-02,2.158053670309582062e-01,1.580228722493584481e+00,6.856252244427372133e-01,7.278914072851859762e-01
1.733251604120282854e-02,2.208873142999235595e-01,1.579924487629563501e+00,6.855123294462952543e-01,7.279933983428291677e-01
1.737250325767202702e-02,2.214149503475975334e-01,1.579925017267366005e+00,6.855119882028265499e-01,7.279926496835841254e-01
1.741249075999492038e-02,2.219425901671448764e-01,1.579925546908954814e+00,6.855116469569184634e-01,7.279919010189872530e-01
1.745247826231781374e-02,2.224702299866922195e-01,1.579926076550543623e+00,6.855113057110103769e-01,7.279911523543904917e-01
1.893474070325154579e-02,2.487395770231593528e-01,1.579922688959605859e+00,6.855188216361054465e-01,7.280016047065686058e-01
1.970675216572100735e-02,2.562291909541638546e-01,1.579882929592747232e+00,6.855114986824402123e-01,7.280228252634026731e-01
2.014618672296199925e-02,2.629575586646088481e-01,1.580339986679283992e+00,6.856767522572663198e-01,7.278649770982860145e-01
2.052447887023793605e-02,2.686321341040280308e-01,1.580424149453018234e+00,6.857063254902308058e-01,7.278350016318114735e-01
2.100049227660205284e-02,2.762124985294478474e-01,1.581550924247341561e+00,6.861163603840634284e-01,7.274486639101833685e-01
2.161494445654019506e-02,2.828231039565728411e-01,1.581448298480781833e+00,6.860784711369085631e-01,7.274832749365437445e-01
2.169340874311229822e-02,2.838516937715284683e-01,1.581529336617617743e+00,6.861081209796091596e-01,7.274556589488406777e-01
2.172981266812392537e-02,2.843545233006473105e-01,1.581661918024087843e+00,6.861564336735835878e-01,7.274102708510750137e-01
2.176621659313554905e-02,2.848573528297660973e-01,1.581794499430557721e+00,6.862047463675579051e-01,7.273648827533094607e-01
2.187644042558186189e-02,2.862911287783814207e-01,1.581914205397039641e+00,6.862482348754477268e-01,7.273237621153463284e-01
2.416429962809674148e-02,3.158987999495834753e-01,1.581776036605184732e+00,6.861933666759583161e-01,7.273662724269752688e-01
2.456807864952235271e-02,3.225262466529347227e-01,1.581624963002608464e+00,6.861399612983921648e-01,7.274197353348491601e-01
2.500246551484179569e-02,3.291750634377405005e-01,1.581527824766898016e+00,6.861059679781461584e-01,7.274544775841645938e-01
2.525518728586946884e-02,3.356461733241282719e-01,1.583463107079178478e+00,6.868116113168690751e-01,7.267924021658259681e-01
2.563406075710661716e-02,3.423095363715698558e-01,1.582785052377741364e+00,6.865661509315580391e-01,7.270262478170366194e-01
2.567488765023940092e-02,3.432743345542871305e-01,1.582616130070939597e+00,6.865047771347591032e-01,7.270842694768276937e-01
2.571621566897665592e-02,3.437099162435329758e-01,1.582636227900796388e+00,6.865119697380874797e-01,7.270772503236849760e-01
2.575754368771391092e-02,3.441454979327788766e-01,1.582656325730653402e+00,6.865191623414158562e-01,7.270702311705421472e-01
2.579887141101468509e-02,3.445810765082359395e-01,1.582676423416839562e+00,6.865263548933272508e-01,7.270632120675764032e-01
2.819779837330606623e-02,3.755208322628263984e-01,1.585625482604769765e+00,6.875919804325298923e-01,7.260440956427086645e-01
2.845079745635331267e-02,3.822778471027811209e-01,1.586743145505582486e+00,6.879963688620384099e-01,7.256584257050586739e-01
2.917778999862677761e-02,3.890124386976314130e-01,1.589845707775079608e+00,6.891254980886851733e-01,7.245947538180889103e-01
2.949320995598163006e-02,3.959832495199456792e-01,1.594212186135086640e+00,6.907063551802161694e-01,7.230890648961457723e-01
3.008248114301983675e-02,4.028448223207918288e-01,1.599001499942859450e+00,6.924367907306913095e-01,7.214338920488190254e-01
3.026739519291844413e-02,4.056917808099522182e-01,1.601111650928681129e+00,6.931978201234528791e-01,7.207031750944263848e-01
3.031744657226983011e-02,4.062423853439243726e-01,1.601628568919515772e+00,6.933838827360260249e-01,7.205237941729637496e-01
3.036749830941986444e-02,4.067929938139629997e-01,1.602145490605604072e+00,6.935699466786914291e-01,7.203444119691737590e-01
3.041755004656989531e-02,4.073436022840016824e-01,1.602662412291692595e+00,6.937560106213567224e-01,7.201650297653837685e-01
3.189908288093781102e-02,4.366069582105517877e-01,1.633290877508013939e+00,7.046946693768937342e-01,7.094482654738659688e-01
3.205645943098302947e-02,4.434885656765710227e-01,1.640557052492694678e+00,7.072711522917177751e-01,7.068870213139946124e-01
3.184782438123554688e-02,4.495127693593824469e-01,1.646636479876546266e+00,7.094209063929843850e-01,7.047381199213934577e-01
3.176578716442693406e-02,4.571767315034364620e-01,1.654371575299302677e+00,7.121433428891151829e-01,7.019912471530920239e-01
3.206085694901055633e-02,4.644648839435326360e-01,1.661943223688480353e+00,7.147934835496541073e-01,6.992878602868456417e-01
3.226305232611868801e-02,4.690966871637706204e-01,1.666989170422303213e+00,7.165511282377763358e-01,6.974779846919100246e-01
3.226273306295834864e-02,4.695489042933518320e-01,1.667450471018110392e+00,7.167113381856498044e-01,6.973120671109693802e-01
3.226241379751570992e-02,4.700011246556646816e-01,1.667911774911583489e+00,7.168715492788045873e-01,6.971461483439458373e-01
3.226209453207307121e-02,4.704533450179775311e-01,1.668373078805056808e+00,7.170317603719592592e-01,6.969802295769222944e-01
3.226177526891272490e-02,4.709055621475587428e-01,1.668834379400863988e+00,7.171919703198327278e-01,6.968143119959816500e-01
3.090778170360813926e-02,5.053827146054636898e-01,1.705451365558330101e+00,7.298324594129622644e-01,6.835710988093044449e-01
3.043811704454383107e-02,5.117204950889360227e-01,1.712317680645809359e+00,7.321783894062962039e-01,6.810646338251282739e-01
2.941953730928660582e-02,5.176109905485698492e-01,1.714273580404356512e+00,7.328442656804146083e-01,6.803484414657555712e-01
2.908218768044054311e-02,5.255093531800812956e-01,1.722865554027694035e+00,7.357579602296545618e-01,6.771917652885760530e-01
2.849399620269716174e-02,5.318320034453586365e-01,1.729121133711234437e+00,7.378735048596858359e-01,6.748881055105709903e-01
2.843540437203864735e-02,5.323947138338335217e-01,1.729689412845759833e+00,7.380648143984518406e-01,6.746780329445649649e-01
2.837681212252898127e-02,5.329574282449150990e-01,1.730257696042700744e+00,7.382561253048183225e-01,6.744679588768284217e-01
2.831821987301931867e-02,5.335201426559966764e-01,1.730825979239641876e+00,7.384474362111848045e-01,6.742578848090918786e-01
2.584692290244082827e-02,5.587138631201108430e-01,1.758658594408119891e+00,7.477597766569002991e-01,6.639173241290805549e-01
2.537374567145223372e-02,5.629711761303191064e-01,1.763377512177485951e+00,7.493266745544455709e-01,6.621533745182524022e-01
2.450816539485433515e-02,5.727170834201885663e-01,1.774157799459175067e+00,7.528845516710762631e-01,6.581045156102867111e-01
2.383930843292398835e-02,5.790865630863476499e-01,1.781510580850688141e+00,7.552972254038594624e-01,6.553307176386941046e-01
2.298294888419635112e-02,5.847963343788983304e-01,1.787389663308087906e+00,7.572192290850797702e-01,6.531067099791427744e-01
2.170515612516665804e-02,5.927546728764050421e-01,1.795762237530045935e+00,7.599453488736508389e-01,6.499299231763562279e-01
2.173311589956429882e-02,5.931285880314863812e-01,1.796567063195003033e+00,7.602086860767818255e-01,6.496256428489955992e-01
2.176107587383593889e-02,5.935025058595476688e-01,1.797371894613358556e+00,7.604720251624123017e-01,6.493213603464482730e-01
2.178903584810758243e-02,5.938764236876090674e-01,1.798176726031714301e+00,7.607353642480427780e-01,6.490170778439009469e-01
2.181699562250522320e-02,5.942503388426902955e-01,1.798981551696671399e+00,7.609987014511737646e-01,6.487127975165403182e-01
1.703351027513264407e-02,6.270642070433792847e-01,1.832797088588942191e+00,7.718660769201663996e-01,6.357608041118760767e-01
1.556894487904184922e-02,6.335899273235484630e-01,1.843179486696180147e+00,7.751525885148058403e-01,6.317425467850811271e-01
1.444311793842505652e-02,6.399832497069514181e-01,1.849471396890581598e+00,7.771371288805535293e-01,6.293015953027610854e-01
1.302756491256949235e-02,6.466181251521512241e-01,1.857447304008112532e+00,7.796393616165659957e-01,6.261964429978288393e-01
1.136638998535564014e-02,6.534896094522396615e-01,1.866427744709761694e+00,7.824441572043829840e-01,6.226901135437268309e-01
1.044880895358067142e-02,6.555767559239839004e-01,1.872539687452455803e+00,7.843423854223180447e-01,6.202952572661415420e-01
1.036954525560743537e-02,6.561188574809513341e-01,1.872936664301007248e+00,7.844662014301185815e-01,6.201401231289793703e-01
1.029028155763420105e-02,6.566609590379187678e-01,1.873333641149558693e+00,7.845900174379191183e-01,6.199849889918171986e-01
1.021101842628353504e-02,6.572030567196320838e-01,1.873730615160291046e+00,7.847138325606115572e-01,6.198298559636432614e-01
3.146297553452349210e-03,6.861824061620883652e-01,1.910483234791575224e+00,7.959617593032082272e-01,6.052989307798449792e-01
1.497819076688559859e-03,6.929857859821894062e-01,1.918453518200377017e+00,7.983689473936859127e-01,6.021231023351844014e-01
1.674731232515530208e-04,6.982488243514857196e-01,1.924407200285780606e+00,8.001589631335647157e-01,5.997446682245145544e-01
-1.957794311598025708e-03,7.060452003952677469e-01,1.932708320027790805e+00,8.026429307541262936e-01,5.964195861775820617e-01
-3.993403707557458340e-03,7.125255481292980253e-01,1.940554644018281039e+00,8.049733452209004714e-01,5.932637088530390290e-01
-5.060812516741237076e-03,7.161960682038561732e-01,1.945017524793402508e+00,8.062937739049820252e-01,5.914649568795358192e-01
-5.195781276413465911e-03,7.166247059545801656e-01,1.945495093781034468e+00,8.064351658758034391e-01,5.912725430221869027e-01
-5.330751000927028312e-03,7.170533467694756302e-01,1.945972666182629318e+00,8.065765588573832190e-01,5.910801277893430461e-01
-5.465720725440590712e-03,7.174819875843712058e-01,1.946450238584223946e+00,8.067179518389631099e-01,5.908877125564990784e-01
-1.154392573000056869e-02,7.378090356826415563e-01,1.972797488783539110e+00,8.144072158964364982e-01,5.801917505181367618e-01
-1.582755333381864402e-02,7.505271886698083872e-01,1.987479346004974223e+00,8.186629086597159155e-01,5.742107027287970400e-01
-1.686359270742460864e-02,7.534168026470825508e-01,1.991018310120851176e+00,8.196772646915809757e-01,5.727609041250807387e-01
-2.046395351301852350e-02,7.632709346988656440e-01,2.002855140292107539e+00,8.230588355661723199e-01,5.679039253715708613e-01
-2.255168669530218176e-02,7.701256875243003286e-01,2.012449199589440241e+00,8.257738646649334102e-01,5.639493454939701333e-01
-2.443119115173929615e-02,7.753089644419335347e-01,2.019931988580723203e+00,8.278767076132362845e-01,5.608549589464937313e-01
-2.461842353572032960e-02,7.758004174463927205e-01,2.020659919720472431e+00,8.280805569351212814e-01,5.605534491677929276e-01
-2.480565725815585265e-02,7.762918739640661814e-01,2.021387856063929789e+00,8.282844077142490491e-01,5.602519372337112502e-01
-2.499289098059137917e-02,7.767833304817396423e-01,2.022115792407387147e+00,8.284882584933768168e-01,5.599504252996294618e-01
-3.352417601480039977e-02,7.982079019213252913e-01,2.058160468716095259e+00,8.384374057674451874e-01,5.449242083242753498e-01
-3.707080256832576137e-02,8.058215268532460396e-01,2.070032433801142879e+00,8.416606921756029092e-01,5.399398783836490967e-01
-3.994425349518011120e-02,8.120026795346817483e-01,2.078193761697109121e+00,8.438591402799088259e-01,5.365022246877608758e-01
-4.264021982323117771e-02,8.179764068094098617e-01,2.086007322116479656e+00,8.459510493491519956e-01,5.332028523209656479e-01
-4.537069065991924249e-02,8.242843593427704452e-01,2.097455532750188478e+00,8.489857367807416288e-01,5.283496244293371946e-01
-4.752047458328356733e-02,8.293393002325794017e-01,2.106206292557883053e+00,8.512867707427852482e-01,5.246283642437180594e-01
-4.769750296235424764e-02,8.297239233841341433e-01,2.106882823850309450e+00,8.514639500979626074e-01,5.243402281845461754e-01
-4.787453260693479845e-02,8.301085492852163794e-01,2.107559359979005897e+00,8.516411307197291336e-01,5.240520900655970538e-01
-4.805156225151534233e-02,8.304931751862986156e-01,2.108235896107701901e+00,8.518183113414955487e-01,5.237639519466479321e-01
-4.822859063058602264e-02,8.308777983378534682e-01,2.108912427400128298e+00,8.519954906966729080e-01,5.234758158874760481e-01
-6.308403086389782755e-02,8.597314923565322342e-01,2.152665026835603790e+00,8.632479062774754963e-01,5.047167410860843306e-01
-6.639556556740874860e-02,8.655024197782780204e-01,2.161482028986700943e+00,8.654637624485922442e-01,5.009057609186274851e-01
-6.922691133204363079e-02,8.703056538412285992e-01,2.169059710800060881e+00,8.673538511371796655e-01,4.976221814606575644e-01
-7.272788272823837996e-02,8.765708776223702925e-01,2.179590133227085502e+00,8.699601335783293532e-01,4.930475014681368062e-01
-7.566522933390260053e-02,8.827001155204358129e-01,2.187002410551497356e+00,8.717782183686536568e-01,4.898181118571368065e-01
-7.625751493679988613e-02,8.838282648582493906e-01,2.189179573903060838e+00,8.723090331532612485e-01,4.888677671911964007e-01
-7.650415312089250963e-02,8.842548552962153918e-01,2.189883464361846777e+00,8.724806030706386828e-01,4.885604908892812737e-01
-7.675079130498514701e-02,8.846814457341813931e-01,2.190587354820632271e+00,8.726521729880162281e-01,4.882532145873661467e-01
-7.699742772596597506e-02,8.851080331226331976e-01,2.191291240247603689e+00,8.728237416789130787e-01,4.879459404820390422e-01
-9.281389471078377307e-02,9.108162108994496409e-01,2.233306401014095055e+00,8.828755525320879372e-01,4.695008322190838412e-01
-9.641874074065490130e-02,9.163058184294105013e-01,2.242781666398971030e+00,8.850876293411555906e-01,4.653116134701315021e-01
-1.001224294880919130e-01,9.218531015815254470e-01,2.252386722602990332e+00,8.873133003308845135e-01,4.610562369546736261e-01
-1.032544096905136655e-01,9.274144924575038473e-01,2.258409562021632677e+00,8.887113290505064267e-01,4.583891029032384212e-01
-1.070741552631220700e-01,9.331170383873749197e-01,2.267025826531867239e+00,8.906802972994524170e-01,4.545574100266676076e-01
-1.089998851634787491e-01,9.357211735624645366e-01,2.269970357419655027e+00,8.913501348933242641e-01,4.532464050797148647e-01
-1.093839266770620794e-01,9.361197394398632632e-01,2.271675438421296267e+00,8.917337142002166317e-01,4.524850589035920301e-01
-1.097679681906453958e-01,9.365183053172619898e-01,2.273380519422937507e+00,8.921172935071089993e-01,4.517237127274692510e-01
-1.101520069588787648e-01,9.369168683454821567e-01,2.275085588235677747e+00,8.925008700719555543e-01,4.509623719938874453e-01
-1.268237901251869360e-01,9.604378242246904840e-01,2.307566359805182543e+00,8.997088269603940036e-01,4.364100341717139786e-01
-1.310302618188697865e-01,9.653226348441711346e-01,2.317503806642528197e+00,9.018678654079292922e-01,4.319351011475267010e-01
-1.346505964481934936e-01,9.700449821647963988e-01,2.325057265770826831e+00,9.034893931517591348e-01,4.285243341945034756e-01
-1.397963989544617758e-01,9.751747584218993792e-01,2.337381520405816371e+00,9.060984201931978621e-01,4.229421463898286326e-01
-1.453580664493743235e-01,9.790731003820913880e-01,2.356675134763693169e+00,9.101300271766067373e-01,4.141787564532751764e-01
-1.472596962039969537e-01,9.815396120663270052e-01,2.360100395470657197e+00,9.108409739626033286e-01,4.126207686437478039e-01
-1.475442942530520996e-01,9.818799126945960687e-01,2.360379781430030022e+00,9.108994485554897658e-01,4.124939080147298487e-01
-1.478288943365925479e-01,9.822202157555475210e-01,2.360659169386629230e+00,9.109579235663891605e-01,4.123670464788325440e-01
-1.481134944201330239e-01,9.825605188164988624e-01,2.360938557343228439e+00,9.110163985772886663e-01,4.122401849429352949e-01
-1.483980924691881698e-01,9.829008194447680369e-01,2.361217943302601707e+00,9.110748731701749925e-01,4.121133243139173397e-01
-1.708667703237370106e-01,1.011033464315716390e+00,2.396799561004616219e+00,9.182638134668814622e-01,3.958409256637675511e-01
-1.749149948328372062e-01,1.015578744446081982e+00,2.402870153208632509e+00,9.194618436097211633e-01,3.930522318968771023e-01
-1.800934388901305194e-01,1.021221478350784029e+00,2.410290451805681577e+00,9.209161217766993479e-01,3.896391786066477625e-01
-1.855562350100114222e-01,1.025782337090270557e+00,2.416115638180201586e+00,9.220486058173683608e-01,3.869559200627136764e-01
-1.892854419717138192e-01,1.028840189282790751e+00,2.416886482874682773e+00,9.222051037577632115e-01,3.866036240765006737e-01
-1.896729035469439939e-01,1.029173465866674908e+00,2.417614294746165626e+00,9.223460552504588739e-01,3.862681383225616272e-01
-1.900603678919924877e-01,1.029506744833029064e+00,2.418342111820503959e+00,9.224870077507641986e-01,3.859326501703601031e-01
-1.904478322370409815e-01,1.029840023799382998e+00,2.419069928894842736e+00,9.226279602510695232e-01,3.855971620181585235e-01
-2.042174329306302161e-01,1.046645869811820617e+00,2.440226634619839796e+00,9.266286550102774688e-01,3.758051115487683891e-01
-2.131228417904180994e-01,1.055581984143245222e+00,2.452773070624369556e+00,9.289729181134496194e-01,3.699867949591783556e-01
-2.181075531626089636e-01,1.060533516953443112e+00,2.457717723622604211e+00,9.298856415931441299e-01,3.676892723055049106e-01
-2.220582631336132651e-01,1.064496479030139442e+00,2.463783999204979480e+00,9.309905022325640767e-01,3.648647188431176080e-01
-2.278886744378128548e-01,1.069921114928913841e+00,2.471169425458366486e+00,9.323247860499581652e-01,3.614217583031582026e-01
-2.329218729065599403e-01,1.074514390532299801e+00,2.477710777766365169e+00,9.334982430250327035e-01,3.583690976348000712e-01
-2.332491153570840636e-01,1.074808231789217139e+00,2.478135932191972923e+00,9.335740433538390892e-01,3.581705114081333297e-01
-2.335380982945309547e-01,1.075067423266247157e+00,2.478508712119031454e+00,9.336404326366223305e-01,3.579963608055724000e-01
-2.338270812319778458e-01,1.075326614743277398e+00,2.478881492046089985e+00,9.337068219194054608e-01,3.578222102030114704e-01
-2.341160621036082468e-01,1.075585804367457321e+00,2.479254269308302838e+00,9.337732107275998894e-01,3.576480608453793675e-01
-2.344050450410551378e-01,1.075844995844487562e+00,2.479627049235361813e+00,9.338396000103831307e-01,3.574739102428184379e-01
-2.631779461872712500e-01,1.101278451393358226e+00,2.504590355045859251e+00,9.382142074624741923e-01,3.457851982202438390e-01
-2.686415617599659522e-01,1.105421446418389353e+00,2.504137452177221945e+00,9.381448818471921358e-01,3.460009612840206916e-01
-2.737449936197725586e-01,1.110566276767589677e+00,2.503356349119518764e+00,9.379903831476318343e-01,3.463602117036066463e-01
-2.788126601518106651e-01,1.115028743470381389e+00,2.505273873979230626e+00,9.383219249390661876e-01,3.454607043518951315e-01
-2.806628201578332815e-01,1.116601638497900284e+00,2.505509303906585217e+00,9.383622905915008916e-01,3.453501393503729533e-01
-2.810798486805408114e-01,1.116937437636057684e+00,2.505616224837528438e+00,9.383805113313623547e-01,3.452998850928507002e-01
-2.814968772032483968e-01,1.117273236774215306e+00,2.505723145768471660e+00,9.383987320712237068e-01,3.452496308353284471e-01
-2.858173614941932894e-01,1.120902413098167738e+00,2.506550149367189118e+00,9.385447399530587598e-01,3.448627889705890848e-01
-3.032441450672276884e-01,1.135776684030381123e+00,2.509555804085324748e+00,9.390685698770436796e-01,3.434543558938690788e-01
-3.063954853627627872e-01,1.138335244223136922e+00,2.509947501773089229e+00,9.391307543259199697e-01,3.432685833375854201e-01
-3.136952381723268624e-01,1.144040009963570359e+00,2.509434048335015266e+00,9.390406328546715420e-01,3.435089534359234698e-01
-3.200753825277479203e-01,1.149355851196894429e+00,2.510442086410297868e+00,9.392152031229975551e-01,3.430361832163469349e-01
-3.249552830801589187e-01,1.153621014497379527e+00,2.510645104852831988e+00,9.392493918139634967e-01,3.429406132692602305e-01
-3.268005565462200335e-01,1.155194469199672058e+00,2.510830093823901876e+00,9.392826579779970375e-01,3.428543021947580427e-01
-3.271940321569662968e-01,1.155533370392519465e+00,2.510728644047607094e+00,9.392650640675659357e-01,3.429018731988416335e-01
-3.275875077677125602e-01,1.155872271585366873e+00,2.510627194271311868e+00,9.392474701571347229e-01,3.429494442029251688e-01
-3.279809833784588236e-01,1.156211172778214280e+00,2.510525744495016642e+00,9.392298762467036211e-01,3.429970152070087042e-01
-3.509226501744390214e-01,1.175246318034506299e+00,2.509846818444266603e+00,9.391159766687611210e-01,3.433167758575329520e-01
-3.559906290195705147e-01,1.179493461368793294e+00,2.509564746534784341e+00,9.390677775218065904e-01,3.434493057481505240e-01
-3.602026199025644138e-01,1.183091226568048215e+00,2.509152161116765534e+00,9.389936919810754068e-01,3.436418448724103958e-01
-3.661103234748736557e-01,1.187980501515072618e+00,2.508851026870036360e+00,9.389391867855410023e-01,3.437822143464778213e-01
-3.712244945954986108e-01,1.192250340793215013e+00,2.508251742516165006e+00,9.388362640554333005e-01,3.440635928102442898e-01
-3.744976738021100204e-01,1.195016063972465625e+00,2.508345711777409726e+00,9.388516019827098935e-01,3.440191786251221018e-01
-3.748926234194115970e-01,1.195361022514243921e+00,2.508181372563821121e+00,9.388232879766953420e-01,3.440963067946497533e-01
-3.752875758600606737e-01,1.195705983522002080e+00,2.508017032175433148e+00,9.387949737682744766e-01,3.441734355155379732e-01
-3.756825283007098060e-01,1.196050944529760240e+00,2.507852691787044730e+00,9.387666595598536112e-01,3.442505642364261376e-01
-3.964158518548984711e-01,1.213570701328135604e+00,2.508017021612284125e+00,9.388024022183193429e-01,3.441761644719889546e-01
-4.018583407838770549e-01,1.218072092603250223e+00,2.507601873530159953e+00,9.387302242596093915e-01,3.443707655436343829e-01
-4.068479308012935003e-01,1.222151805311122219e+00,2.507449297822517575e+00,9.387025954532588479e-01,3.444418811422542692e-01
-4.113826401360460294e-01,1.225965082920456695e+00,2.507659255852509261e+00,9.387393898873221953e-01,3.443435701133524263e-01
-4.170929602506617262e-01,1.231052412945301766e+00,2.508196508296219207e+00,9.388328263141402230e-01,3.440917433946589221e-01
-4.215360115041938416e-01,1.234936669258573261e+00,2.507257668470663781e+00,9.386685872731463931e-01,3.445314535414020773e-01
-4.219267151398362614e-01,1.235254792181953221e+00,2.507230557634132495e+00,9.386639348041726505e-01,3.445441841207103062e-01
-4.223174215684733501e-01,1.235572917379475388e+00,2.507203446603795349e+00,9.386592823019401788e-01,3.445569147910247376e-01
-4.227081279971103833e-01,1.235891042576997334e+00,2.507176335573458648e+00,9.386546297997078181e-01,3.445696454613391690e-01
-4.358288988613021053e-01,1.246684708281060594e+00,2.501542434455672037e+00,9.376622937230749688e-01,3.472057367114617099e-01
-4.470172631537566166e-01,1.256138915024336278e+00,2.495938179477692920e+00,9.366866507825996058e-01,3.498321999524388604e-01
-4.515657884573848757e-01,1.259918459109132804e+00,2.493476842702834428e+00,9.362597847799526418e-01,3.509863256404500143e-01
-4.555181933956850560e-01,1.263314833157641370e+00,2.491146596435363403e+00,9.358529988075200423e-01,3.520779925556560275e-01
-4.622190935396171541e-01,1.269138123080831626e+00,2.488235204415989443e+00,9.353335780582737735e-01,3.534377039380248164e-01
-4.671604320396622323e-01,1.273507455924548060e+00,2.484688028378743585e+00,9.347060433530888224e-01,3.550963433474211839e-01
-4.719347644932501695e-01,1.277643591832661629e+00,2.480730167562341659e+00,9.340003251376615134e-01,3.569449426406602344e-01
-4.766441234270836769e-01,1.281737682676670653e+00,2.476485861138363997e+00,9.332429473525664099e-01,3.589271137805624123e-01
-4.813534823609171842e-01,1.285831773520679677e+00,2.472241554714386336e+00,9.324855695674713063e-01,3.609092849204645348e-01
-4.860628076295404054e-01,1.289925835097769369e+00,2.467997278631155922e+00,9.317281971965488685e-01,3.628914418906656336e-01
-4.916289954551511521e-01,1.294649221978476872e+00,2.463704021777475273e+00,9.309614535027980198e-01,3.648962759775197795e-01
-4.962848946002279549e-01,1.298836486965678105e+00,2.459518342885858466e+00,9.301969125922022741e-01,3.668443024482656578e-01
-5.009436597735270613e-01,1.302372614402599993e+00,2.454710333899314811e+00,9.293064276373500521e-01,3.690770883082654663e-01
-5.058254901785927959e-01,1.306648630098623309e+00,2.445707991458927477e+00,9.276377605115379010e-01,3.732571116082673557e-01
-5.104397025584818115e-01,1.311111113723729016e+00,2.437364377017459116e+00,9.260757257669485210e-01,3.771250778156682859e-01
-5.115964563018139399e-01,1.312246026057259041e+00,2.435067472514091058e+00,9.256434580196781781e-01,3.781889759212479496e-01
-5.119209947704562724e-01,1.312552814511138033e+00,2.434564307420512108e+00,9.255485560461753636e-01,3.784219515149563895e-01
-5.122455332390986049e-01,1.312859602965017025e+00,2.434061142326933158e+00,9.254536540726724381e-01,3.786549271086648294e-01
-5.125700693877529579e-01,1.313166389225795205e+00,2.433557980830268086e+00,9.253587527775836152e-01,3.788879010369294864e-01
-5.332340576287274425e-01,1.333492782872719440e+00,2.395794956536739129e+00,9.180359503119972509e-01,3.962896395914824454e-01
-5.376057284105674183e-01,1.338121804982665086e+00,2.387031836142730956e+00,9.162890997393684511e-01,4.003075193387509167e-01
-5.413539770689853592e-01,1.342050263035060365e+00,2.380300615266691455e+00,9.149357204727228687e-01,4.033887165838410671e-01
-5.461204625209198360e-01,1.347238107523629713e+00,2.371287066263407350e+00,9.131122836950477106e-01,4.075097244303144128e-01
-5.504442649794242248e-01,1.351906951618281116e+00,2.363827739372037495e+00,9.115856322060927885e-01,4.109122902080318274e-01
-5.525914997421218500e-01,1.354288471223748180e+00,2.360026539902019049e+00,9.108038939117575339e-01,4.126445082958579147e-01
-5.529398489350576540e-01,1.354662439613224745e+00,2.359460238336956728e+00,9.106869885443025225e-01,4.129023738075018879e-01
-5.532882006182119339e-01,1.355036410676061509e+00,2.358893932723616249e+00,9.105700823411346789e-01,4.131602411625303062e-01
-5.536365523013663248e-01,1.355410381738898495e+00,2.358327627110275326e+00,9.104531761379668353e-01,4.134181085175586690e-01
-5.703263885785837539e-01,1.376784164696886803e+00,2.316624175593421597e+00,9.016222455273130709e-01,4.323050694441890607e-01
-5.739555901439978847e-01,1.383253777268494522e+00,2.304376363588091170e+00,8.989284123527693238e-01,4.378039926888371292e-01
-5.773409821094741545e-01,1.387526312139265805e+00,2.296388114800422375e+00,8.971755535433874051e-01,4.413923753143887962e-01
-5.813730104100361951e-01,1.392734391989626230e+00,2.287029064102468645e+00,8.950959395135650309e-01,4.455837459132270251e-01
-5.851291487753461640e-01,1.397452744731421115e+00,2.278062961655916041e+00,8.930950977541485258e-01,4.495948971462919719e-01
-5.881525276135360913e-01,1.401520476052616315e+00,2.269562159506678167e+00,8.911881798681621225e-01,4.533929927658303938e-01
-5.884367181869352148e-01,1.401919244960999178e+00,2.268740834207048085e+00,8.910021320030110381e-01,4.537590441512395767e-01
-5.887209107919069151e-01,1.402318016720031979e+00,2.267919503036069706e+00,8.908160828078731663e-01,4.541250981534136200e-01
-5.890051033968785044e-01,1.402716788479065002e+00,2.267098171865091327e+00,8.906300336127352946e-01,4.544911521555876632e-01
-5.983782260983947499e-01,1.416161016808594519e+00,2.233400744941699489e+00,8.828130105093414670e-01,4.694144310491750183e-01
-6.045275058964630910e-01,1.425259959473149207e+00,2.207431463467250499e+00,8.766873530549451621e-01,4.808612749835106670e-01
-6.071857438526081507e-01,1.429524756641823435e+00,2.195060600054489885e+00,8.736926011415226956e-01,4.862726913179054034e-01
-6.097862976292087733e-01,1.433860816590472487e+00,2.183249467616662276e+00,8.708076760236107550e-01,4.914249651350519055e-01
-6.126976643158178470e-01,1.438962797987358044e+00,2.170574603245456036e+00,8.676829158460930280e-01,4.969377998849953126e-01
-6.148391342407828475e-01,1.442726252166956824e+00,2.160613341256679032e+00,8.652054848985635260e-01,5.012580834547287756e-01
-6.150153902508683768e-01,1.443038257985777228e+00,2.159732303644364304e+00,8.649852183853548038e-01,5.016395415576616612e-01
-6.151916475209423529e-01,1.443350266035011042e+00,2.158851259733840511e+00,8.647649502975428559e-01,5.020210023874962513e-01
-6.153679047910163291e-01,1.443662274084244634e+00,2.157970215823316273e+00,8.645446822097309081e-01,5.024024632173308413e-01
-6.155441608011018584e-01,1.443974279903065039e+00,2.157089178211001546e+00,8.643244156965221858e-01,5.027839213202637270e-01
-6.273015661839376200e-01,1.465463790396857036e+00,2.088316055430151863e+00,8.465163387861907029e-01,5.321947305819372254e-01
-6.294086482660240511e-01,1.467877427633096143e+00,2.081253837354934078e+00,8.446482904898817701e-01,5.351909891807540287e-01
-6.312827244863513654e-01,1.473593616809607543e+00,2.065848439300868478e+00,8.404912368376810106e-01,5.416749195725262256e-01
-6.346395028132144622e-01,1.478523900083523301e+00,2.055798991263875219e+00,8.377679135548825595e-01,5.458971914512350532e-01
-6.366961239367535663e-01,1.483162497376475208e+00,2.043254879750291853e+00,8.343280566642448104e-01,5.511412742524821606e-01
-6.369445774346651490e-01,1.483757505450924885e+00,2.041493923933674015e+00,8.338420835577395884e-01,5.518754143439890125e-01
-6.370760397708125078e-01,1.484074518386108377e+00,2.040557946907830988e+00,8.335832776536267197e-01,5.522652885583098081e-01
-6.372075021069598666e-01,1.484391531321291868e+00,2.039621969881987518e+00,8.333244717495137399e-01,5.526551627726306037e-01
-6.373389635033388512e-01,1.484708541990284347e+00,2.038685999547047434e+00,8.330656676954945050e-01,5.530450341999059161e-01
-6.459566906386293716e-01,1.506782091781480704e+00,1.975206952211204570e+00,8.150978329210623041e-01,5.792047089855593134e-01
-6.474925256148866826e-01,1.511360874782316177e+00,1.962054404306565969e+00,8.112735269286623918e-01,5.845541115719014025e-01
-6.491920302071738647e-01,1.515676402821336088e+00,1.948898172685398889e+00,8.074033311267904134e-01,5.898726649850225545e-01
-6.507727119253917669e-01,1.520362164093701285e+00,1.936004380142864800e+00,8.035852210532176132e-01,5.950667184815001676e-01
-6.522572216537209089e-01,1.525290726673781849e+00,1.922301777385338806e+00,7.994904600711808529e-01,6.005591038908855150e-01
-6.528520178856895839e-01,1.527313209847791287e+00,1.917707273572149429e+00,7.981087041483900801e-01,6.023941365694100991e-01
-6.529342851989544672e-01,1.527909240432651972e+00,1.915417539987377848e+00,7.974177190358747724e-01,6.033068642282042315e-01
-6.530165525122193504e-01,1.528505271017512657e+00,1.913127806402606268e+00,7.967267339233595758e-01,6.042195918869983640e-01
-6.556934504248134177e-01,1.538228918954402724e+00,1.885854941544854002e+00,7.883742256832526607e-01,6.149970393755650466e-01
-6.581725922231501658e-01,1.547696924460469914e+00,1.857949081205353403e+00,7.797538627845996828e-01,6.259666390713193307e-01
-6.592100421635573859e-01,1.553255760255815243e+00,1.841440679086630894e+00,7.745532719983022618e-01,6.323755822245548108e-01
-6.599667809567527632e-01,1.557236258348041247e+00,1.828993364328306948e+00,7.706049823634507634e-01,6.371858228890744380e-01
-6.609249011545296204e-01,1.562365190773259194e+00,1.814019603646323420e+00,7.658175677557669259e-01,6.429412608463419554e-01
-6.625313534410945948e-01,1.567036038777325446e+00,1.805418262269113727e+00,7.630170671640879032e-01,6.462048121785954891e-01
-6.623684951450589109e-01,1.572135786818270153e+00,1.783136862264720124e+00,7.557981356050220700e-01,6.546888350571444803e-01
-6.629362324445250421e-01,1.576257841708666785e+00,1.769905602389584276e+00,7.514520237746261655e-01,6.596759703708637845e-01
-6.637001763129553034e-01,1.581624802254816942e+00,1.753605078369019132e+00,7.460507772871303178e-01,6.657786814311901225e-01
-6.640089258782462256e-01,1.584564069880312509e+00,1.744245846699530311e+00,7.429268724762598808e-01,6.692624670815798815e-01
-6.640353220887211805e-01,1.584869958527791667e+00,1.743249050748572726e+00,7.425929756930025327e-01,6.696324358100355090e-01
-6.640617184878929713e-01,1.585175849361954770e+00,1.742252247671892906e+00,7.422590765228415099e-01,6.700024071832595407e-01
-6.640881148870646511e-01,1.585481740196117872e+00,1.741255444595212865e+00,7.419251773526804872e-01,6.703723785564835724e-01
-6.641145110975397170e-01,1.585787628843597030e+00,1.740258648644255279e+00,7.415912805694231391e-01,6.707423472849391999e-01
-6.660205858315545457e-01,1.607557259472581546e+00,1.666108229083896886e+00,7.162140273715074112e-01,6.977644884344719189e-01
-6.654402561540389005e-01,1.610453772576818210e+00,1.653314870699077010e+00,7.117424901919954250e-01,7.023379484250977800e-01
-6.653505194331850170e-01,1.610908276279654050e+00,1.653744113439142405e+00,7.118977961047420200e-01,7.021896932992039986e-01
-6.652607820708367203e-01,1.611362783231567564e+00,1.654173359247703923e+00,7.120531031277126388e-01,7.020414371134896525e-01
-6.651710447084884237e-01,1.611817290183481077e+00,1.654602605056265663e+00,7.122084101506832576e-01,7.018931809277754175e-01
-6.650813079876345402e-01,1.612271793886316917e+00,1.655031847796331057e+00,7.123637160634297416e-01,7.017449258018816360e-01
-6.645060354221171695e-01,1.632614158498269186e+00,1.583676682200682473e+00,6.868901244610360335e-01,7.267200130460615970e-01
-6.641922815394372126e-01,1.637476159295290890e+00,1.566000621580707852e+00,6.804448358660261098e-01,7.327668600156078682e-01
-6.638761787515521373e-01,1.640597096918707143e+00,1.553735904456642114e+00,6.759405001081445485e-01,7.369279897090814657e-01
-6.633786918992726767e-01,1.644861037112946178e+00,1.536301251101381826e+00,6.694920391940526461e-01,7.427936204871196102e-01
-6.631264637556176789e-01,1.647673700537684915e+00,1.519977960745815704e+00,6.634114991435183795e-01,7.482376108038516493e-01
-6.630745688131735038e-01,1.647900278141317232e+00,1.518879199030478411e+00,6.630001683795780920e-01,7.486017793249907237e-01
-6.630226734997516358e-01,1.648126857364668574e+00,1.517780429460503289e+00,6.625888346751874769e-01,7.489659504494348141e-01
-6.629707781863297678e-01,1.648353436588019694e+00,1.516681659890528167e+00,6.621775009707969728e-01,7.493301215738789045e-01
-6.625546949406483366e-01,1.650697775865640038e+00,1.503291811986002591e+00,6.570988164739614001e-01,7.536917706106742720e-01
-6.605210797619774921e-01,1.661845912859049479e+00,1.437280786423717371e+00,6.319146323169269053e-01,7.750212893654099267e-01
-6.597876281545868027e-01,1.664513312837010428e+00,1.423048400472267438e+00,6.263866953390686554e-01,7.795024579380266383e-01
-6.588886760195986625e-01,1.667198512460364990e+00,1.405533797887842606e+00,6.195401318254751821e-01,7.849626495843351481e-01
-6.599909170204432129e-01,1.671162633150773180e+00,1.371701691117496402e+00,6.061493529648485090e-01,7.952981320993086634e-01
-6.594475218303715858e-01,1.674312207164403876e+00,1.355154213588140477e+00,5.995348655513432767e-01,8.002676513778017586e-01
-6.592945095084320473e-01,1.675051276292985669e+00,1.350944633404284501e+00,5.978490207774848075e-01,8.015276081377414874e-01
-6.592519724188845576e-01,1.675244169726746168e+00,1.349812872393872931e+00,5.973951330050690789e-01,8.018654912710618810e-01
-6.592094353293371789e-01,1.675437063160506890e+00,1.348681111383461584e+00,5.969412452326532392e-01,8.022033744043823855e-01
-6.576097181367578370e-01,1.680200348490286322e+00,1.317222834682860944e+00,5.841886317515808669e-01,8.114080841887981732e-01
-6.551694136003345381e-01,1.686752051614433645e+00,1.280045063940748351e+00,5.690797619746003067e-01,8.222339923947723506e-01
-6.539296253405783022e-01,1.690107642352774109e+00,1.251591379882307287e+00,5.573246545250631900e-01,8.302465419172072592e-01
-6.528373115696893825e-01,1.693430067425004459e+00,1.225382606079706838e+00,5.463943876107001385e-01,8.374740421266874124e-01
-6.512343265974891438e-01,1.696654287606157663e+00,1.200720366700077424e+00,5.360341365504639466e-01,8.441605079098428721e-01
-6.496772326808721854e-01,1.700054384010554420e+00,1.176261821944336816e+00,5.256713945035593749e-01,8.506534302690356153e-01
-6.491948333112625980e-01,1.701026164885649505e+00,1.168794161777963136e+00,5.224920079351941249e-01,8.526110216144124898e-01
-6.490807491989024625e-01,1.701255917471869994e+00,1.167018870474548997e+00,5.217345351988142976e-01,8.530737370336075598e-01
-6.489666650865422159e-01,1.701485670058090482e+00,1.165243579171134858e+00,5.209770624624344704e-01,8.535364524528026298e-01
-6.488525809741820805e-01,1.701715422644310971e+00,1.163468287867720719e+00,5.202195897260546431e-01,8.539991678719976997e-01
-6.421191510297620253e-01,1.713899764299006589e+00,1.056591778277945703e+00,4.738627372901170198e-01,8.805669822345782993e-01
-6.401934549664158869e-01,1.716724755785956402e+00,1.031294096878552669e+00,4.626882691687967397e-01,8.864926693223104115e-01
-6.386118397174508354e-01,1.719088179240036762e+00,1.012698455811823495e+00,4.544273141511675496e-01,8.907589825108819248e-01
-6.364619975664163043e-01,1.722086503303625671e+00,9.866993218497142060e-01,4.428095622435701539e-01,8.965905008542323085e-01
-6.345683470455482089e-01,1.725330768130215464e+00,9.558619461013246887e-01,4.289326343242945705e-01,9.033099553456548358e-01
-6.331212610610651437e-01,1.726392963096470723e+00,9.445446242298322082e-01,4.238166943674956388e-01,9.057278456232831232e-01
-6.329305514892914486e-01,1.726554681927423562e+00,9.430078477900750711e-01,4.231207473173408951e-01,9.060535124398377826e-01
-6.327398405542062898e-01,1.726716401914444088e+00,9.414710603644761422e-01,4.224247952921201810e-01,9.063791815844631783e-01
-6.325491296191210200e-01,1.726878121901464613e+00,9.399342729388773243e-01,4.217288432668994669e-01,9.067048507290885739e-01
-6.229920987659198772e-01,1.736297341188644650e+00,8.508720384024712757e-01,3.809463421639644465e-01,9.245769663198210031e-01
-6.207688424931739890e-01,1.738531510802046265e+00,8.256077140042505924e-01,3.692368505943022239e-01,9.293152383483066492e-01
-6.187260739956187416e-01,1.740654102879237497e+00,8.027036535455940314e-01,3.585705397127104677e-01,9.334832779738092556e-01
-6.163712515067247821e-01,1.742812079730704733e+00,7.783002596242470927e-01,3.471547383622723970e-01,9.377907133188282396e-01
-6.133466686586489525e-01,1.745098577378336513e+00,7.529443261365296181e-01,3.352387721780506480e-01,9.421189515813467308e-01
-6.108174974182977168e-01,1.746893143681808036e+00,7.336991586225759532e-01,3.261583066563725763e-01,9.453026972037382736e-01
-6.106183179570369157e-01,1.747026596549149380e+00,7.322079725352448332e-01,3.254531853688859555e-01,9.455449778769082769e-01
-6.104191370719164178e-01,1.747160050370495377e+00,7.307167757879805547e-01,3.247480590407502143e-01,9.457872602820524000e-01
-6.102199561867958089e-01,1.747293504191841373e+00,7.292255790407161653e-01,3.240429327126144732e-01,9.460295426871965230e-01
-6.100207767255350078e-01,1.747426957059182495e+00,7.277343929533850453e-01,3.233378114251278523e-01,9.462718233603665263e-01
-5.967578536268536293e-01,1.756401126980962291e+00,6.087243801867830983e-01,2.664912388244644048e-01,9.638272913663537000e-01
-5.939318287987878087e-01,1.758044971832611880e+00,5.860623397610459362e-01,2.555531054474268760e-01,9.667845469250309076e-01
-5.913897463343726901e-01,1.759601377437127745e+00,5.628808754073769682e-01,2.443305090302187732e-01,9.696818241015667805e-01
-5.884239241982373025e-01,1.761195477797000919e+00,5.355450508179125935e-01,2.310548539918528543e-01,9.729318110802328556e-01
-5.855082683882454342e-01,1.762471115430177759e+00,5.112654803765105394e-01,2.192267792082254196e-01,9.756643149325633368e-01
-5.848968546729694795e-01,1.762712918015952868e+00,5.063586158282762373e-01,2.168324070663806002e-01,9.761992814838511556e-01
-5.846329712557594149e-01,1.762834252574545291e+00,5.042014983217160129e-01,2.157792725506330334e-01,9.764320402295211254e-01
-5.843690878385493503e-01,1.762955587133137714e+00,5.020443808151556775e-01,2.147261380348854387e-01,9.766647989751910952e-01
-5.737398020026852619e-01,1.768288642911846953e+00,4.134408552482744525e-01,1.712612449500324208e-01,9.852139062022500227e-01
-5.714711861155178374e-01,1.770031921159959776e+00,3.827677959228203419e-01,1.561307213539515071e-01,9.877168247083482067e-01
-5.688003829952633650e-01,1.770904662301647337e+00,3.613655464010880336e-01,1.455528573610429255e-01,9.893347826332160588e-01
-5.660466761482934039e-01,1.771809843379358762e+00,3.390988519906040777e-01,1.345296682545995826e-01,9.908954866073829137e-01
-5.631948210355857132e-01,1.772646931117831004e+00,3.173162206551797260e-01,1.237296561787364496e-01,9.923011512391408662e-01
-5.600494477282029759e-01,1.773437961710251143e+00,2.948453946152750360e-01,1.125730026788989285e-01,9.936271891225497699e-01
-5.594566112261508684e-01,1.773597478187818322e+00,2.909792931750065370e-01,1.106520444538280495e-01,9.938427969847629662e-01
-5.591830412811418238e-01,1.773642472972707385e+00,2.893352834630997794e-01,1.098350613741594511e-01,9.939334047678815010e-01
-5.589094713361327793e-01,1.773687467757596448e+00,2.876912737511930218e-01,1.090180782944908666e-01,9.940240125510000357e-01
-5.467568322196366681e-01,1.775229075586889138e+00,2.331553362605035817e-01,8.187617522577743390e-02,9.966302244688493017e-01
-5.430525939373078703e-01,1.775773141368633290e+00,2.150565866679778337e-01,7.285434072973147324e-02,9.973341033227928198e-01
-5.393643056973057570e-01,1.776092773261020108e+00,1.991931764789486303e-01,6.494169607276145673e-02,9.978824957189803557e-01
-5.352936418478760894e-01,1.776531519824990912e+00,1.835625957612808112e-01,5.714104420451699556e-02,9.983594381738516432e-01
-5.308873765861542582e-01,1.777189084744556169e+00,1.676510944751145871e-01,4.919658369560035716e-02,9.987816825851856262e-01
-5.261638944575872667e-01,1.777503964535098291e+00,1.528398261254865498e-01,4.179871274508276113e-02,9.991191624861093246e-01
-5.240185172416733650e-01,1.777624107256856156e+00,1.466464570191418626e-01,3.870458915680396322e-02,9.992445483118818084e-01
-5.236745796985575740e-01,1.777646954781849420e+00,1.457908753380371680e-01,3.827712236099796439e-02,9.992611377062403655e-01
-5.233306396967606355e-01,1.777669802470171367e+00,1.449352875406980656e-01,3.784965250939124198e-02,9.992777272191901705e-01
-5.229866996949635860e-01,1.777692650158493093e+00,1.440796997433589632e-01,3.742218265778451958e-02,9.992943167321400866e-01
-4.994594789020218029e-01,1.776993155217611475e+00,9.480594552657775620e-02,1.279387085218008230e-02,9.999164544053215087e-01
-4.940740738832637424e-01,1.777470879276077609e+00,8.046662464352150046e-02,5.624541250795030839e-03,9.999825344022591489e-01
-4.891617597300675913e-01,1.777322613414009211e+00,7.000645462718982359e-02,3.944960077063330611e-04,9.999992730909376126e-01
-4.832343364947793707e-01,1.776873331022861713e+00,5.697339444395361358e-02,-6.121984862560547747e-03,9.999795347525356481e-01
-4.781981363979330713e-01,1.776838480644446605e+00,4.395542332879434633e-02,-1.263065571797096671e-02,9.999180216220955320e-01
-4.745750148273978897e-01,1.776671296924402732e+00,3.494056098864813803e-02,-1.713756301067851859e-02,9.998503156539907399e-01
-4.741491330273421290e-01,1.776649894188261136e+00,3.382976997189243717e-02,-1.769286344660727858e-02,9.998401323706315180e-01
-4.737232481828161368e-01,1.776628491299119483e+00,3.271897101450596534e-02,-1.824816785217178716e-02,9.998299490144758606e-01
-4.732973633382901446e-01,1.776607088409977830e+00,3.160817205711948658e-02,-1.880347225773629574e-02,9.998197656583200921e-01
-4.531590246974632752e-01,1.776362493697033473e+00,-2.390411013261644485e-02,-4.654393422065892377e-02,9.989155899827427687e-01
-4.476543387235097926e-01,1.775746125627344796e+00,-3.732195411203886870e-02,-5.324447397592148301e-02,9.985806728724536674e-01
-4.426606392148280111e-01,1.775250643689650021e+00,-5.005368519432162877e-02,-5.960021360893699022e-02,9.982220171723222846e-01
-4.374032344014120444e-01,1.773620629772469259e+00,-5.963185783539196039e-02,-6.437994098326839387e-02,9.979229364931351265e-01
-4.317471164477227896e-01,1.772521538122775020e+00,-7.311255112114339871e-02,-7.110460320312282645e-02,9.974639394044464424e-01
-4.279967105073383404e-01,1.772009939206693696e+00,-8.080928076318474873e-02,-7.494264333296279945e-02,9.971825225460400066e-01
-4.276610976348261262e-01,1.771970657321055853e+00,-8.177048631581616822e-02,-7.542186922229669743e-02,9.971462008948150935e-01
-4.273254823631426613e-01,1.771931375154606414e+00,-8.273169873974765831e-02,-7.590109853743777502e-02,9.971098789839402121e-01
-4.269898670914591410e-01,1.771892092988157197e+00,-8.369291116367916228e-02,-7.638032785257885260e-02,9.970735570730653308e-01
-4.266542542189469267e-01,1.771852811102519354e+00,-8.465411671631058177e-02,-7.685955374191275058e-02,9.970372354218403066e-01
-3.955723638704212175e-01,1.766198692635500000e+00,-1.376952584711087224e-01,-1.032718215684857027e-01,9.946523430239568864e-01
-3.896406255812501218e-01,1.764181384978884548e+00,-1.466295215795744289e-01,-1.077139290745774136e-01,9.941802610369521176e-01
-3.838075859669561329e-01,1.762798076049301610e+00,-1.559133780261740820e-01,-1.123272898712842083e-01,9.936662340011264138e-01
-3.780295436913037599e-01,1.762095179106212939e+00,-1.660457663697701980e-01,-1.173602250454457152e-01,9.930868789310307587e-01
-3.711191411642569271e-01,1.759791292174548438e+00,-1.692792386711607366e-01,-1.189653247765498079e-01,9.928932907253639195e-01
-3.707596846419515813e-01,1.760052204891398464e+00,-1.708064635409952403e-01,-1.197235354889565340e-01,9.928026345236953265e-01
-3.704002255500255525e-01,1.760313119473416066e+00,-1.723336993283908214e-01,-1.204817516215288958e-01,9.927119776739593560e-01
-3.700407664580995792e-01,1.760574034055433668e+00,-1.738609351157864302e-01,-1.212399677541012716e-01,9.926213208242233854e-01
-3.449521243105808099e-01,1.752989657355964237e+00,-1.870059211699795776e-01,-1.277610416020604489e-01,9.918010511419325104e-01
-3.388684981450488798e-01,1.751317005796293680e+00,-1.911095026624486937e-01,-1.297957414873885384e-01,9.915368473286308992e-01
-3.332544257538375687e-01,1.750835986954357049e+00,-1.989899519244125170e-01,-1.337020915914745034e-01,9.910213606515353435e-01
-3.271303708214740036e-01,1.748834819894005799e+00,-2.009712080606553264e-01,-1.346836346649964156e-01,9.908875017081273384e-01
-3.205103097406205581e-01,1.746734792721012619e+00,-2.040799987423397022e-01,-1.362236219177625496e-01,9.906763711397968963e-01
-3.140948889386293574e-01,1.745306372537391182e+00,-2.090143148006030072e-01,-1.386674855531310757e-01,9.903381715372563399e-01
-3.120570099730245461e-01,1.744680890574786813e+00,-2.101321740044578557e-01,-1.392209800993183533e-01,9.902604183606230626e-01
-3.116185029451271626e-01,1.744539330777421071e+00,-2.102540612735658010e-01,-1.392813319003665673e-01,9.902519460247815042e-01
-3.111799959172297236e-01,1.744397770980055107e+00,-2.103759485426737463e-01,-1.393416837014147813e-01,9.902434736889399458e-01
-3.107414920240331724e-01,1.744256212194640332e+00,-2.104978349404612870e-01,-1.394020350710335476e-01,9.902350014136634959e-01
-2.829631061227602107e-01,1.735913001530855926e+00,-2.170655958788885731e-01,-1.426531622558210033e-01,9.897723780026069784e-01
-2.764629282470470462e-01,1.733717019206519661e+00,-2.157857298946431468e-01,-1.420197242230875068e-01,9.898633183703560157e-01
-2.707758722882675495e-01,1.731120537491581235e+00,-2.125557685324838686e-01,-1.404206847259699131e-01,9.900896582496154785e-01
-2.637994537401970874e-01,1.730034078526491825e+00,-2.153559788330564606e-01,-1.418070330924760813e-01,9.898938787930997574e-01
-2.565624234132690140e-01,1.726547790114361103e+00,-2.111107067317606889e-01,-1.397048608303577966e-01,9.901879002308943134e-01
-2.531973282712946527e-01,1.726819808827174452e+00,-2.143023133343720521e-01,-1.412855116593505211e-01,9.899684971811704148e-01
-2.526683102458576191e-01,1.726649769799222023e+00,-2.142444854470865745e-01,-1.412568894170984912e-01,9.899725938787822255e-01
-2.521392884386680078e-01,1.726479729555723708e+00,-2.141866571464111080e-01,-1.412282669702367432e-01,9.899766906056799431e-01
-2.516102666314783409e-01,1.726309689312225393e+00,-2.141288288457356415e-01,-1.411996445233749953e-01,9.899807873325776608e-01
-2.254134158539937982e-01,1.718061620592605587e+00,-2.131067138857571652e-01,-1.406935527088213900e-01,9.900518599496247463e-01
-2.188615037778231798e-01,1.716188248254041371e+00,-2.130872603842502433e-01,-1.406839335740690533e-01,9.900532987808609020e-01
-2.125935962841094817e-01,1.714506206565104218e+00,-2.133611377214163218e-01,-1.408196090471546258e-01,9.900347350391864865e-01
-2.060893919300845756e-01,1.712515658210354008e+00,-2.126951648129336014e-01,-1.404899138072351339e-01,9.900814352849350852e-01
-1.997156214909138472e-01,1.710411576889963703e+00,-2.122382566433152207e-01,-1.402636100146992804e-01,9.901127144320160944e-01
-1.958241080424255043e-01,1.709135051054374355e+00,-2.122778337067761367e-01,-1.402831339310785241e-01,9.901094521188134046e-01
-1.952337125808224771e-01,1.708940422001620663e+00,-2.121673489747305796e-01,-1.402284354319374426e-01,9.901171839591843549e-01
-1.946433128987024586e-01,1.708745791557536586e+00,-2.120568634528708918e-01,-1.401737365417771719e-01,9.901249158548273144e-01
-1.743509293404843230e-01,1.702082156486227182e+00,-2.102461686635860028e-01,-1.392770420470663406e-01,9.902497735543016599e-01
-1.691634119665218206e-01,1.701268477875746976e+00,-2.124841925803822584e-01,-1.403854017025279455e-01,9.900957453846720435e-01
-1.617845205191963120e-01,1.699019945649307584e+00,-2.127300996359531848e-01,-1.405071425855845546e-01,9.900785205599894612e-01
-1.556939098995786808e-01,1.697251174009739128e+00,-2.128990064014029404e-01,-1.405907968394701502e-01,9.900669272926807540e-01
-1.504738163359957137e-01,1.695757336850240327e+00,-2.127884549978607265e-01,-1.405360674859886527e-01,9.900746794701834608e-01
-1.423087817075124606e-01,1.693316564999041374e+00,-2.128350975607149753e-01,-1.405591716852120643e-01,9.900715033427669454e-01
-1.366487325786610585e-01,1.691577093973150481e+00,-2.127229125738169524e-01,-1.405036145401283298e-01,9.900792356902387015e-01
-1.361222368163242935e-01,1.691412619500909154e+00,-2.127422918965179433e-01,-1.405132134009337008e-01,9.900779117952780428e-01
-1.355957372902656666e-01,1.691248143852901231e+00,-2.127616713577545060e-01,-1.405228123303577659e-01,9.900765878908532880e-01
-1.350692377642070396e-01,1.691083668204893309e+00,-2.127810508189910688e-01,-1.405324112597818031e-01,9.900752639864286442e-01
-1.105063309563848462e-01,1.683728632437228034e+00,-2.121954944921803643e-01,-1.402425160432169415e-01,9.901162478847734816e-01
-1.034605260432649998e-01,1.681455651121229744e+00,-2.122339792804645020e-01,-1.402614799618158437e-01,9.901129260998114967e-01
-9.717033255212612075e-02,1.679596457529981102e+00,-2.125856535508043321e-01,-1.404355401547180415e-01,9.900879919659713035e-01
-9.135508322805063752e-02,1.677871475259661516e+00,-2.127626991430009995e-01,-1.405231643181865109e-01,9.900754109651487278e-01
-8.444041422419171217e-02,1.675722506730053185e+00,-2.124385114715353906e-01,-1.403627446154735725e-01,9.900986503136761652e-01
-7.783122848088189216e-02,1.673221196742712857e+00,-2.107396209560937206e-01,-1.395215050306891358e-01,9.902164180217675193e-01
-7.607138435765965767e-02,1.672376647158340557e+00,-2.095414113966145853e-01,-1.389281410547178741e-01,9.902991506926736021e-01
-7.572033694192618902e-02,1.672682777803799148e+00,-2.108017902254681608e-01,-1.395522853558155973e-01,9.902120807596128671e-01
-7.536928952619272037e-02,1.672988908449257739e+00,-2.120621690543217364e-01,-1.401764296569133483e-01,9.901250108265521321e-01
-5.291210903323179809e-02,1.666178260491400831e+00,-2.124503475944145570e-01,-1.403685607634663768e-01,9.900975141423214998e-01
-4.651698396086099280e-02,1.664359957968665649e+00,-2.128841084538596051e-01,-1.405833340809415632e-01,9.900673564259820925e-01
-3.996215684890053882e-02,1.662410784338956393e+00,-2.120739839796021153e-01,-1.401822865333129109e-01,9.901242404450969481e-01
-3.364154234360421797e-02,1.660502942203520016e+00,-2.116104168525375362e-01,-1.399528055189796227e-01,9.901568280687913504e-01
-2.707591772466631103e-02,1.658522010051910023e+00,-2.110100354463587957e-01,-1.396555157190749463e-01,9.901984582730064544e-01
-2.064167367987474952e-02,1.656595332794209563e+00,-2.111886088728513744e-01,-1.397438585089726681e-01,9.901855015615869116e-01
-1.440041271452735527e-02,1.654679379501027503e+00,-2.109645160767182615e-01,-1.396329341882860675e-01,9.902013186062176286e-01
-8.401874868567719631e-03,1.652941207893712239e+00,-2.111816618323661410e-01,-1.397403971186592930e-01,9.901858321231936655e-01
-2.403337022608083989e-03,1.651203036286397197e+00,-2.113988075880140483e-01,-1.398478600490325185e-01,9.901703456401697023e-01
3.595157942347850660e-03,1.649464877104533933e+00,-2.116159517913790145e-01,-1.399553222111988293e-01,9.901548592678519611e-01
1.201532756399556479e-02,1.646866861491559142e+00,-2.116297008757866416e-01,-1.399620820535140142e-01,9.901535645583655620e-01
1.829054165563261114e-02,1.644867270343364885e+00,-2.119168425396214805e-01,-1.401043615032248335e-01,9.901343341456191327e-01
2.275680447543015211e-02,1.643597310665220190e+00,-2.122960373776955345e-01,-1.402921020900345650e-01,9.901078671990409807e-01
3.055231074461620469e-02,1.641271972150105896e+00,-2.116231191603178963e-01,-1.399590311885060834e-01,9.901554936868662837e-01
3.698585167491796888e-02,1.639297052198280813e+00,-2.111938383410446596e-01,-1.397464945892785415e-01,9.901854691335424397e-01
4.019927449336827691e-02,1.638286562091851639e+00,-2.110066142933351152e-01,-1.396537267127297977e-01,9.901980221685637851e-01
4.072635873301543724e-02,1.638122000744067996e+00,-2.109723028829837699e-01,-1.396367278032513426e-01,9.902003374238450562e-01
4.125344674059128885e-02,1.637957438219896922e+00,-2.109379912273529611e-01,-1.396197287722540370e-01,9.902026526956770880e-01
4.178053474816713353e-02,1.637792875695725625e+00,-2.109036795717221524e-01,-1.396027297412567592e-01,9.902049679675092309e-01
6.878383859955145008e-02,1.629756231726555260e+00,-2.120934007327280879e-01,-1.401918276203503733e-01,9.901223751733703171e-01
7.501617419242613549e-02,1.627929223414989801e+00,-2.118946798758443162e-01,-1.400935130775853021e-01,9.901367601178180378e-01
8.077310195192843878e-02,1.626258733382968780e+00,-2.121278739413390291e-01,-1.402089897669409335e-01,9.901206352419950063e-01
8.743114353902943503e-02,1.624317651541493657e+00,-2.124803380279260689e-01,-1.403834846390316360e-01,9.900959533393569600e-01
8.905056761488606976e-02,1.623812951726764098e+00,-2.124911634200561117e-01,-1.403888004688929603e-01,9.900948884050696508e-01
9.878955729859570378e-02,1.620918470432975322e+00,-2.128449015605548833e-01,-1.405639274444204223e-01,9.900701270706862012e-01
1.051527001422435104e-01,1.618974377997450809e+00,-2.128417274661711933e-01,-1.405623415360407191e-01,9.900702471692198747e-01
1.115158884736267425e-01,1.617030271664334329e+00,-2.128385533490970982e-01,-1.405607556163239735e-01,9.900703672686120838e-01
1.178790768050099746e-01,1.615086165331217849e+00,-2.128353792320230031e-01,-1.405591696966072279e-01,9.900704873680044038e-01
1.250171526399012634e-01,1.612971340604722803e+00,-2.129694352044548267e-01,-1.406255756926673151e-01,9.900613725783709018e-01
1.321406605306773008e-01,1.610970245880423146e+00,-2.133720349996424959e-01,-1.408249288079597428e-01,9.900334434211984780e-01
1.391082708739142249e-01,1.608855196824432232e+00,-2.128900270949290741e-01,-1.405863358004118824e-01,9.900674458891964846e-01
1.449289396140719111e-01,1.606973740252708005e+00,-2.118247851943811655e-01,-1.400589141348229094e-01,9.901416821716547689e-01
1.506860693294283515e-01,1.605113830413499754e+00,-2.110272059360854824e-01,-1.396639427364432251e-01,9.901967340856373534e-01
1.575324405286949170e-01,1.603115488788545040e+00,-2.113694511778589080e-01,-1.398333677792220064e-01,9.901726926791702965e-01
1.587633203234583568e-01,1.602754168275934532e+00,-2.114973495607792575e-01,-1.398966857769091687e-01,9.901637309931033970e-01
1.592527512592604721e-01,1.602618491829139291e+00,-2.114087742205848219e-01,-1.398528316729879539e-01,9.901699121084447386e-01
1.597421821950626153e-01,1.602482815382344272e+00,-2.113201988803904141e-01,-1.398089775690667114e-01,9.901760932237859691e-01
1.635448296089596076e-01,1.601364355540032536e+00,-2.111180519640053765e-01,-1.397088965941304939e-01,9.901902210576917218e-01
1.904154772752605085e-01,1.593288193130561137e+00,-2.102564552933000874e-01,-1.392823488680019484e-01,9.902505822183791384e-01
1.966885192884160471e-01,1.591446625204587351e+00,-2.104688208537991434e-01,-1.393873973303098868e-01,9.902350888595982115e-01
2.028957909327842868e-01,1.589527888519211896e+00,-2.106719435299576337e-01,-1.394880703790249976e-01,9.902216669028082174e-01
2.093247618368796192e-01,1.587649564250693812e+00,-2.106921025226257960e-01,-1.394980792928201263e-01,9.902204595008143873e-01
2.157367550920372412e-01,1.585780171467536137e+00,-2.105268317966313418e-01,-1.394161967079842745e-01,9.902315937983908745e-01
2.165029116497209083e-01,1.585545092486991159e+00,-2.104300157356516487e-01,-1.393682528465411963e-01,9.902382808046455986e-01
2.170272478936988714e-01,1.585380723462152641e+00,-2.103081787271680325e-01,-1.393079260946113729e-01,9.902467501702931774e-01
2.175515841376768345e-01,1.585216354437314124e+00,-2.101863417186844440e-01,-1.392475993426815772e-01,9.902552195359407561e-01
2.414040820561060008e-01,1.578085485818169209e+00,-2.100586009150391675e-01,-1.391843186818245703e-01,9.902638809827672972e-01
2.460513295164875602e-01,1.577578315517899066e+00,-2.068588275291027012e-01,-1.375992925525415245e-01,9.904813880221421396e-01
2.509550061800082110e-01,1.576768992486323295e+00,-2.042454580971162781e-01,-1.363046993485187430e-01,9.906587027194585504e-01
2.572518221015634987e-01,1.574815745852338633e+00,-2.044474268680651352e-01,-1.364045464272566899e-01,9.906435293200388514e-01
2.639525255324196018e-01,1.572835392127251541e+00,-2.044030544747961198e-01,-1.363825087510910639e-01,9.906461266255701670e-01
2.704327149001425346e-01,1.570968429138442035e+00,-2.042429809205215940e-01,-1.363033102569992938e-01,9.906576936704030167e-01
2.728649105376864115e-01,1.570262642055611169e+00,-2.041164287079742234e-01,-1.362406005019591582e-01,9.906661379108785415e-01
2.733536866157914580e-01,1.570109278238595696e+00,-2.039851359923745833e-01,-1.361755416597967283e-01,9.906748980123366577e-01
2.738424626938965045e-01,1.569955914421580223e+00,-2.038538432767749431e-01,-1.361104828176342707e-01,9.906836581137948849e-01
2.743312387720015511e-01,1.569802550604564972e+00,-2.037225505611753307e-01,-1.360454239754718408e-01,9.906924182152531122e-01
3.021436731073610660e-01,1.561845314116244721e+00,-1.956435275376267602e-01,-1.320421020695927705e-01,9.912315691330745304e-01
3.083892435462744497e-01,1.559457007531618089e+00,-1.867330661256691726e-01,-1.276256189413987052e-01,9.918176387583095277e-01
3.140233174538574756e-01,1.557778458552544709e+00,-1.816387669857360554e-01,-1.250990356218413535e-01,9.921405480115766951e-01
3.216103298364726970e-01,1.555688098468733127e+00,-1.761441117653401167e-01,-1.223727712030552722e-01,9.924799993417205979e-01
3.282397338765574712e-01,1.553906462142384592e+00,-1.713950432606349827e-01,-1.200157556418418175e-01,9.927678211571079325e-01
3.325457797719792441e-01,1.552733731832372177e+00,-1.673861170705058243e-01,-1.180255866630606082e-01,9.930067070226995529e-01
3.330767686059218358e-01,1.552570579395375461e+00,-1.668745618350800930e-01,-1.177715930449908521e-01,9.930368557613667990e-01
3.336077612357056243e-01,1.552407425792062590e+00,-1.663630029427367596e-01,-1.175175976112154408e-01,9.930670047155560898e-01
3.341387538654893574e-01,1.552244272188749719e+00,-1.658514440503933984e-01,-1.172636021774400156e-01,9.930971536697453805e-01
3.610564940847535431e-01,1.545477953366841017e+00,-1.390892761910010045e-01,-1.039649266293064395e-01,9.945786744666689216e-01
3.678976980899522631e-01,1.543739353955092986e+00,-1.319100782402696515e-01,-1.003941684167533183e-01,9.949458828778995345e-01
3.740370469212211391e-01,1.542918118688613838e+00,-1.312964952267713925e-01,-1.000880560621608406e-01,9.949680178481150605e-01
3.804387293107525658e-01,1.541126474885634146e+00,-1.193131711037765941e-01,-9.412542890017558395e-02,9.955567159093985374e-01
3.879182780472956171e-01,1.539855366251575264e+00,-1.145595894720886632e-01,-9.175880877929981638e-02,9.957762186151541961e-01
3.919468374069645100e-01,1.539087252205454837e+00,-1.100866185895177096e-01,-8.953123571084153909e-02,9.959755305144795123e-01
3.921172693834220069e-01,1.539042542661135160e+00,-1.098343171412573399e-01,-8.940561196984860015e-02,9.959870445846885634e-01
3.922877025782341431e-01,1.538997832797203591e+00,-1.095820138893879997e-01,-8.927998733081836391e-02,9.959985587372074400e-01
3.924581357730462794e-01,1.538953122933272244e+00,-1.093297106375186595e-01,-8.915436269178814155e-02,9.960100728897263167e-01
3.926285677495038318e-01,1.538908413388952567e+00,-1.090774091892582898e-01,-8.902873895079520261e-02,9.960215869599353677e-01
3.927990009443159680e-01,1.538863703525021220e+00,-1.088251059373889496e-01,-8.890311431176498025e-02,9.960331011124542444e-01
3.929694341391281043e-01,1.538818993661089651e+00,-1.085728026855196093e-01,-8.877748967273475789e-02,9.960446152649730100e-01
3.931398661155856011e-01,1.538774284116770197e+00,-1.083205012372592257e-01,-8.865186593174180507e-02,9.960561293351820611e-01
3.933102993103977929e-01,1.538729574252838628e+00,-1.080681979853898855e-01,-8.852624129271158271e-02,9.960676434877009378e-01
3.934807325052099292e-01,1.538684864388907281e+00,-1.078158947335205453e-01,-8.840061665368136035e-02,9.960791576402198144e-01
3.936511644816674260e-01,1.538640154844587604e+00,-1.075635932852601756e-01,-8.827499291268842141e-02,9.960906717104288655e-01
3.938215976764795623e-01,1.538595444980656257e+00,-1.073112900333908354e-01,-8.814936827365819905e-02,9.961021858629477421e-01
3.939920308712916985e-01,1.538550735116724688e+00,-1.070589867815214952e-01,-8.802374363462796281e-02,9.961137000154665078e-01
4.800164665207239389e-01,1.526588782813657286e+00,7.191841685591421340e-03,-3.100692880298876533e-02,9.994897947711302022e-01
4.878096836113899326e-01,1.525891676946708797e+00,1.879707516614070872e-02,-2.520671081047883705e-02,9.996500219836095269e-01
4.941066669368298081e-01,1.525424186776828561e+00,2.777865228267349662e-02,-2.071726766843266093e-02,9.997537535775388173e-01
4.998806997381995965e-01,1.525118771436134280e+00,3.573605839158675718e-02,-1.673939493114509278e-02,9.998285252064489370e-01
5.068728675983339427e-01,1.524853748743830728e+00,4.553521695917373685e-02,-1.184046477373421925e-02,9.998977015340881902e-01
5.134676677002493195e-01,1.524638429660579941e+00,5.476383966685181848e-02,-7.226490488253508281e-03,9.999381564576306225e-01
5.152897186563022425e-01,1.524618429847324652e+00,5.723527891695249364e-02,-5.990836685069647095e-03,9.999454416601361029e-01
5.157557762206640417e-01,1.524605181781287344e+00,5.787462124308218048e-02,-5.671181094995341419e-03,9.999470132773269349e-01
5.162218337850258409e-01,1.524591933715249814e+00,5.851396356921187425e-02,-5.351525504921036611e-03,9.999485848945177668e-01
5.166878880177396827e-01,1.524578685743917417e+00,5.915330132495434656e-02,-5.031872199929011448e-03,9.999501565004738080e-01
5.467705585150185454e-01,1.524583590103051334e+00,9.963502808223979879e-02,1.520769412750583652e-02,9.998513112443774276e-01
5.527556220350989813e-01,1.524740235313800207e+00,1.100011636622789252e-01,2.038980469783837485e-02,9.997610799404308413e-01
5.582210032944867617e-01,1.524886807997414051e+00,1.195828611847151307e-01,2.517923145230777093e-02,9.996509224814841277e-01
5.641146482813723662e-01,1.525075565847381354e+00,1.371515708115923771e-01,3.395915930506500369e-02,9.993830487425822140e-01
5.702430297984415475e-01,1.525345620544108716e+00,1.455134340606992760e-01,3.813753841716540499e-02,9.992411256679725184e-01
5.737234382814240252e-01,1.525555702937591906e+00,1.491837085653630601e-01,3.997134760648451968e-02,9.991727004991154404e-01
5.741992999587736124e-01,1.525587680460464224e+00,1.499072035966857175e-01,4.033279835887124826e-02,9.991582981632749494e-01
5.746751650378808529e-01,1.525619658211932128e+00,1.506307038000045673e-01,4.069425169513462420e-02,9.991438957244775931e-01
5.751510301169880934e-01,1.525651635963399810e+00,1.513542040033234171e-01,4.105570503139799321e-02,9.991294932856802369e-01
6.018800301782046835e-01,1.527609040503414173e+00,1.944913396125914906e-01,6.259377143604499816e-02,9.980035975159531336e-01
6.073662105479906703e-01,1.528253448623896338e+00,2.029720862969718875e-01,6.682513054579324041e-02,9.977296033809638365e-01
6.137928992511556547e-01,1.529170720827949692e+00,2.132316061385082506e-01,7.194262129504444547e-02,9.973775437008154388e-01
6.202097799668794265e-01,1.530150548019399759e+00,2.233837067282710420e-01,7.700459007180193716e-02,9.970018328510730221e-01
6.263654956121829098e-01,1.530960964576487449e+00,2.335273705325749127e-01,8.205998814302113697e-02,9.965958445113993758e-01
6.298427126559383860e-01,1.531437671030951853e+00,2.394752742017134395e-01,8.502335563600117718e-02,9.963462968441217926e-01
6.303410756200154008e-01,1.531505617176719847e+00,2.402738926160189192e-01,8.542119055196817357e-02,9.963121665440061170e-01
6.308394421467035107e-01,1.531573563808209304e+00,2.410725167393496238e-01,8.581902831190862946e-02,9.962780359999056090e-01
6.313378086733915096e-01,1.531641510439698761e+00,2.418711408626803283e-01,8.621686607184909923e-02,9.962439054558051010e-01
6.573005271360231605e-01,1.536300657877916587e+00,2.845458955760432618e-01,1.074530870116501419e-01,9.941797309503915825e-01
6.633391410993957349e-01,1.537634526435079696e+00,2.941833845901275502e-01,1.122428049705664621e-01,9.936529345714965045e-01
6.689698185333914360e-01,1.538914036500063087e+00,3.031267271315404299e-01,1.166849538091899591e-01,9.931410582280919552e-01
6.739061935793571045e-01,1.540044988010209392e+00,3.113703814824684279e-01,1.207774720447883227e-01,9.926513818745309470e-01
6.822103410170102800e-01,1.541966623037956285e+00,3.243757185300935597e-01,1.272296280588502415e-01,9.918440246816435657e-01
6.873224374720137142e-01,1.543338536139622796e+00,3.314156129119694705e-01,1.307205700423153261e-01,9.913938254346803536e-01
6.881841342943226802e-01,1.543579222517014626e+00,3.327745134173962782e-01,1.313941381484281246e-01,9.913047440134356014e-01
6.996319692011333524e-01,1.546816571667891216e+00,3.534101669833175641e-01,1.416158447504858586e-01,9.899016943449658879e-01
7.049200659124719159e-01,1.548162343589464696e+00,3.642615795521595423e-01,1.469843025923310842e-01,9.891164247756387695e-01
7.057160113631920639e-01,1.548365207358656237e+00,3.658567163512457809e-01,1.477730868791954921e-01,9.889984994504833482e-01
7.083862721641991378e-01,1.549107972506504227e+00,3.707795026784840853e-01,1.502059467616286281e-01,9.886252714125154384e-01
7.236876276731307733e-01,1.553641606993457103e+00,3.965241789655810090e-01,1.629194239671465927e-01,9.866119673558296777e-01
7.289158579665389048e-01,1.555265771024862742e+00,4.060153654892598718e-01,1.675993074880190725e-01,9.858258111495961096e-01
7.355158961482941571e-01,1.557356820424506516e+00,4.178980037216519783e-01,1.734532374095312246e-01,9.848116115517718816e-01
7.414009664092134910e-01,1.559246994759608151e+00,4.276884785254375099e-01,1.782721408917621320e-01,9.839513496864458197e-01
7.424035534189526997e-01,1.559557464970364959e+00,4.292962564756113153e-01,1.790632003740120493e-01,9.838084317630172437e-01
7.428849352652516780e-01,1.559703372530056420e+00,4.301101231607017961e-01,1.794636022157961031e-01,9.837358781691091236e-01
7.433663171115506563e-01,1.559849280089747658e+00,4.309239898457923323e-01,1.798640040575801846e-01,9.836633245752010035e-01
7.634941998775864880e-01,1.567981190424974969e+00,4.746824847986745310e-01,2.013398547188013366e-01,9.794870986146178016e-01
7.693464309414237423e-01,1.570179850798177679e+00,4.851882639486344573e-01,2.064825301024576232e-01,9.784175804956235512e-01
7.749596974325255738e-01,1.572432412841175742e+00,4.955239293073853690e-01,2.115365455435836706e-01,9.773397496754461233e-01
7.804802186568241540e-01,1.574755837912527712e+00,5.063929246967646680e-01,2.168441439707635976e-01,9.761730173066647254e-01
7.858609248705196171e-01,1.577138083038971628e+00,5.181166938329544447e-01,2.225616257117014607e-01,9.748808843019360904e-01
7.909561707926995311e-01,1.579744417184383076e+00,5.297839026422098696e-01,2.282446263253266328e-01,9.735648910444590909e-01
7.932231035646195583e-01,1.580858366348933952e+00,5.343395147014285973e-01,2.304619131401142995e-01,9.730436875871831814e-01
7.936549486084518712e-01,1.581081164781259707e+00,5.352073926495564127e-01,2.308842295492944119e-01,9.729439948432935248e-01
7.940867936522840731e-01,1.581303963213585240e+00,5.360752705976841170e-01,2.313065459584745520e-01,9.728443020994039792e-01
8.017909905243533197e-01,1.585045226548071673e+00,5.495390983719830036e-01,2.378431175277556375e-01,9.712357413460149802e-01
8.179700187405442025e-01,1.593097238574938235e+00,5.790731783795054488e-01,2.521664399639578780e-01,9.676463447279337604e-01
8.230205796103451377e-01,1.595945744329007487e+00,5.897004153052497477e-01,2.573048704019704203e-01,9.662939411228684827e-01
8.275610115654060683e-01,1.598517973312428841e+00,5.991033976546588091e-01,2.618455232102238628e-01,9.650753582304912870e-01
8.332928825201078027e-01,1.601761032974240218e+00,6.115636146146297136e-01,2.678526500811384548e-01,9.634243199051868434e-01
8.383788460043125612e-01,1.604795333583631134e+00,6.228457945096629311e-01,2.732833007865214103e-01,9.618986438194645494e-01
8.405120739634039939e-01,1.606052612525439516e+00,6.276113927739093157e-01,2.755748033432607880e-01,9.612456751397319143e-01
8.408911776948290173e-01,1.606277878928456637e+00,6.284484512571942849e-01,2.759770226626104828e-01,9.611300252368197850e-01
8.412702841363250972e-01,1.606503146941819393e+00,6.292855157242981390e-01,2.763792448572761629e-01,9.610143745071695331e-01
8.416493905778212881e-01,1.606728414955182149e+00,6.301225801914021041e-01,2.767814670519417874e-01,9.608987237775193924e-01
8.632940710826191300e-01,1.620655899716829884e+00,6.808717165383459946e-01,3.010723625183363006e-01,9.535676423221887132e-01
8.680702460870313164e-01,1.623817439438623778e+00,6.925287981851456776e-01,3.066244426631947739e-01,9.517945249294180732e-01
8.721331038835760108e-01,1.626546854613294180e+00,7.033295842824313082e-01,3.117601433835426872e-01,9.501251622633837268e-01
8.765949195019220319e-01,1.630061832065596406e+00,7.195740779690945610e-01,3.194671795372635015e-01,9.475624102138733296e-01
8.812988565633057547e-01,1.633284624532200136e+00,7.299420336795752196e-01,3.243759023955238296e-01,9.458961846943132468e-01
8.844040176410231657e-01,1.635596133299436428e+00,7.387904915894661917e-01,3.285577630548972561e-01,9.444523580371533278e-01
8.847090232186560765e-01,1.635828155176185073e+00,7.395811002355688890e-01,3.289310175391770286e-01,9.443222146539347328e-01
8.850140309766600932e-01,1.636060178711571611e+00,7.403717145334379746e-01,3.293042746917139163e-01,9.441920703403695603e-01
8.853190387346641099e-01,1.636292202246958150e+00,7.411623288313070601e-01,3.296775318442508040e-01,9.440619260268042767e-01
8.856240443122970207e-01,1.636524224123707016e+00,7.419529374774096464e-01,3.300507863285305765e-01,9.439317826435856817e-01
9.073051464334785932e-01,1.654086443722618371e+00,8.027132185185945623e-01,3.585705140476344033e-01,9.334698767617657378e-01
9.115287532233673495e-01,1.657835535931725834e+00,8.159709004742183858e-01,3.647502919650896791e-01,9.310721652052560415e-01
9.149492890676936829e-01,1.660805587199007505e+00,8.269847757666264343e-01,3.698718918909597586e-01,9.290488986343685696e-01
9.196722794523988220e-01,1.664971204983157094e+00,8.418821042109443376e-01,3.767811976898119419e-01,9.262667641129886942e-01
9.235883715392190219e-01,1.668763111368037899e+00,8.546158612481927763e-01,3.826719251542919364e-01,9.238514438130888129e-01
9.239247533867042117e-01,1.669106287064419769e+00,8.557240516016860754e-01,3.831836262470059706e-01,9.236389237990094703e-01
9.242611376388578659e-01,1.669449465214036810e+00,8.568322498772190654e-01,3.836953309976802728e-01,9.234264022657037163e-01
9.245975218910115201e-01,1.669792643363653850e+00,8.579404481527519444e-01,3.842070357483545751e-01,9.232138807323979623e-01
9.401226292392929063e-01,1.684635429926480077e+00,9.046891228265389051e-01,4.056807160457272521e-01,9.139843540264580568e-01
9.442910489875562252e-01,1.688366770923768412e+00,9.157595933110639352e-01,4.107365639074517238e-01,9.117314316582786349e-01
9.478651980238198549e-01,1.692026271036789487e+00,9.274629482835938799e-01,4.160664346046397122e-01,9.093162181093387142e-01
9.514615495967796432e-01,1.696022140432351666e+00,9.393669659069361355e-01,4.214713510036356969e-01,9.068238234119778696e-01
9.552107129371743000e-01,1.701140781202111762e+00,9.541591416539260129e-01,4.281656189223138065e-01,9.036795053258146471e-01
9.571916413730363615e-01,1.705567934360176396e+00,9.739251994937739854e-01,4.370666817231557144e-01,8.993854050967573510e-01
9.607992184391924706e-01,1.709673925809474415e+00,9.844859561581504881e-01,4.417981839695271917e-01,8.970418547785792285e-01
9.641460896425967375e-01,1.713464111371092002e+00,9.949484029541940666e-01,4.464792864335735967e-01,8.947072402528841728e-01
9.674929608460010044e-01,1.717254296932709590e+00,1.005410849750237645e+00,4.511603888976200571e-01,8.923726257271892282e-01
9.711441260896066519e-01,1.721443563748043637e+00,1.017277639286104929e+00,4.564639560056726331e-01,8.897129967564035846e-01
9.752751893613261780e-01,1.726703064485949790e+00,1.032806228021376338e+00,4.633569500906766780e-01,8.861398533868637406e-01
9.785994900143557551e-01,1.731209708099006983e+00,1.045269414284108578e+00,4.688706646981962156e-01,8.832365027654283107e-01
9.820277935464020169e-01,1.735458251372149707e+00,1.058805810237632539e+00,4.748425462831622479e-01,8.800516849889151727e-01
9.849937180793255642e-01,1.740041159457097031e+00,1.072350219576842401e+00,4.807908662387087029e-01,8.768146418047000346e-01
9.878526399660513269e-01,1.744337663531830396e+00,1.085568131128910929e+00,4.865741402753480105e-01,8.736161693014020679e-01
9.887259730931589052e-01,1.745683202301029358e+00,1.089656431565481975e+00,4.883586247029290117e-01,8.726191777314116216e-01
9.889485023894506455e-01,1.746019177979268866e+00,1.090728104556586198e+00,4.888259342953232278e-01,8.723570126504576194e-01
9.891710316857422747e-01,1.746355153657508374e+00,1.091799777547690420e+00,4.892932438877174439e-01,8.720948475695037283e-01
9.893935609820339039e-01,1.746691129335748105e+00,1.092871450538794642e+00,4.897605534801117155e-01,8.718326824885497262e-01
1.000637551091287492e+00,1.765660598802311299e+00,1.154394790372026858e+00,5.163387208567198350e-01,8.563485703862173670e-01
1.003217324513830500e+00,1.770480452080631206e+00,1.168464015854417504e+00,5.223509703658217873e-01,8.526967923625466961e-01
1.005660987226577152e+00,1.775330990471790438e+00,1.182456330488965035e+00,5.283054301113653262e-01,8.490242216433109279e-01
1.008140549397981811e+00,1.779868506363871283e+00,1.195627014560460166e+00,5.338846779450365787e-01,8.455261781703197199e-01
1.010494198447494885e+00,1.784359032906708720e+00,1.209037900608035399e+00,5.395414206650104294e-01,8.419259532676865998e-01
1.011788098692439908e+00,1.787003673984159713e+00,1.217381523004145372e+00,5.430477225255639917e-01,8.396656821598751375e-01
1.011963703955700788e+00,1.787366564453346074e+00,1.218619775469456323e+00,5.435672043002373055e-01,8.393288845880341187e-01
1.012139310474298171e+00,1.787729457516700871e+00,1.219858036786572564e+00,5.440866897884920617e-01,8.389920846085527906e-01
1.012314916992895775e+00,1.788092350580055889e+00,1.221096298103688582e+00,5.446061752767468178e-01,8.386552846290714625e-01
1.021320777721414386e+00,1.807579637127078476e+00,1.275799115306809117e+00,5.673358021527523665e-01,8.234444945032703966e-01
1.023445153987804668e+00,1.812552795215295109e+00,1.288403428998952327e+00,5.725151108016445223e-01,8.198543499293117209e-01
1.025132422511681574e+00,1.816953640267750858e+00,1.300087514566474312e+00,5.772948024941310097e-01,8.164955299372089748e-01
1.026925582954114846e+00,1.821932894300544836e+00,1.314499260423889870e+00,5.831608310164728692e-01,8.123109788102218509e-01
1.028315555047341290e+00,1.827038111533944020e+00,1.332166483266057799e+00,5.903088057909997577e-01,8.071213475118825809e-01
1.029823112194634627e+00,1.831174610647154255e+00,1.343340711633268514e+00,5.948073997435325833e-01,8.038084162302959745e-01
1.029952717379520655e+00,1.831567848118444752e+00,1.344388197406803931e+00,5.952280264297525880e-01,8.034964013929601911e-01
1.030082323490906004e+00,1.831961088400843485e+00,1.345435690668424167e+00,5.956486561228758747e-01,8.031843843251467163e-01
1.030211929602291132e+00,1.832354328683242217e+00,1.346483183930044625e+00,5.960692858159991614e-01,8.028723672573332415e-01
1.033577007806202763e+00,1.844129500561975332e+00,1.377878626712586208e+00,6.085421488781008748e-01,7.933431896216406320e-01
1.037462978612037290e+00,1.858027451034334643e+00,1.412683751012505651e+00,6.223096407340997782e-01,7.827016081584607932e-01
1.038785210389206348e+00,1.863389549740100959e+00,1.425607839896272599e+00,6.273513497798811622e-01,7.786600353454622425e-01
1.040052223796882114e+00,1.867879871199833897e+00,1.436123388593275374e+00,6.314456722878022399e-01,7.753618556413991447e-01
1.041188811919012025e+00,1.873359464160581522e+00,1.447882361264563267e+00,6.359946934504044913e-01,7.716374027213115383e-01
1.041991580203173395e+00,1.877839404312339866e+00,1.458909789987156147e+00,6.402420937421356983e-01,7.681219942206952700e-01
1.042068687219187773e+00,1.878326385124042375e+00,1.460036132457621649e+00,6.406732291526660017e-01,7.677596967805682127e-01
1.042145794786411450e+00,1.878813369416989287e+00,1.461162482979889488e+00,6.411043676452226059e-01,7.673973967505117733e-01
1.042222902353635128e+00,1.879300353709935978e+00,1.462288833502157326e+00,6.415355061377792101e-01,7.670350967204554449e-01
1.042300009369649505e+00,1.879787334521638487e+00,1.463415175972622828e+00,6.419666415483096245e-01,7.666727992803283875e-01
1.046676611951169233e+00,1.906468448365785884e+00,1.523296130292333572e+00,6.646374850122263034e-01,7.471196376364225289e-01
1.046962233709411993e+00,1.908595626139391488e+00,1.528382186643040486e+00,6.665344576819699496e-01,7.454261120114242800e-01
1.047648254447918204e+00,1.917095215648934259e+00,1.543340736210810249e+00,6.720654168195177025e-01,7.403919194801682480e-01
1.048302594877640104e+00,1.923480116640634119e+00,1.558261715426847660e+00,6.775676417868319312e-01,7.353544870289687729e-01
1.048785928118673993e+00,1.928623269984676813e+00,1.571623647602433671e+00,6.824630512533333970e-01,7.308088305767979076e-01
1.048865953007400265e+00,1.929701442856993188e+00,1.574274866117167937e+00,6.834299550915859944e-01,7.299021587249677756e-01
1.048902532564855106e+00,1.930109617195307603e+00,1.575380543010596490e+00,6.838330527549311144e-01,7.295238839393454189e-01
1.048939112122309725e+00,1.930517791533622018e+00,1.576486219904025043e+00,6.842361504182763454e-01,7.291456091537231732e-01
1.049991236852215959e+00,1.949505866962546907e+00,1.625211665793450111e+00,7.017992601145118803e-01,7.122650288780100203e-01
1.050232859610294556e+00,1.955273761616999062e+00,1.639347144845523907e+00,7.068178823381229270e-01,7.072892350525131766e-01
1.050379508313719512e+00,1.960625684994141471e+00,1.652824138351256744e+00,7.115689060172104563e-01,7.025113521601007438e-01
1.050429241864589525e+00,1.965697501118161661e+00,1.665671765008566618e+00,7.160675664815387975e-01,6.979264593136191852e-01
1.050476835405847353e+00,1.971088904795889940e+00,1.678873768125155541e+00,7.206601876238359905e-01,6.931857200975087840e-01
1.050371968068800177e+00,1.976112100956379347e+00,1.692020280780176522e+00,7.252005954246411035e-01,6.884332406242501534e-01
1.050251739980010202e+00,1.978549491903542457e+00,1.698420209029720240e+00,7.273999345116689552e-01,6.861091919132570327e-01
1.050244617063085029e+00,1.978887556541479409e+00,1.699260080277783302e+00,7.276879628733528005e-01,6.858036425027193017e-01
1.050237494095240809e+00,1.979225623596114314e+00,1.700099957529772832e+00,7.279759932940440548e-01,6.854980909079227969e-01
1.050230371127396589e+00,1.979563690650749219e+00,1.700939834781762361e+00,7.282640237147351980e-01,6.851925393131261810e-01
1.050223248210471416e+00,1.979901755288686171e+00,1.701779706029825423e+00,7.285520520764191543e-01,6.848869899025884500e-01
1.049080325563768401e+00,2.006760028142680952e+00,1.767317841403863277e+00,7.506299817092737525e-01,6.606759784057080198e-01
1.048708081247624380e+00,2.011840504553910058e+00,1.778579430130497352e+00,7.543371489882113590e-01,6.564379766259917925e-01
1.047132407711766744e+00,2.017109416691927226e+00,1.798316409931211002e+00,7.607781941657704161e-01,6.489618202583348205e-01
1.046402933517149414e+00,2.022355357895672778e+00,1.811122717955409245e+00,7.649175740025894177e-01,6.440768340647007317e-01
1.045748517077690787e+00,2.027787748839677828e+00,1.821472349276369362e+00,7.682208023070437042e-01,6.400939430610511627e-01
1.044615741821182109e+00,2.033285678503200522e+00,1.834638371555803671e+00,7.723699400895763789e-01,6.349837059938193695e-01
1.043482958466885435e+00,2.038783647469372351e+00,1.847804487954221475e+00,7.765191075327478876e-01,6.298734323954082726e-01
1.042350175112588762e+00,2.044281616435543736e+00,1.860970604352639501e+00,7.806682749759192852e-01,6.247631587969971756e-01
1.041217399856080084e+00,2.049779546099066430e+00,1.874136626632073810e+00,7.848174127584519599e-01,6.196529217297653824e-01
1.039909864899549952e+00,2.055924482152297728e+00,1.888289778193076751e+00,7.891854452480913107e-01,6.140857994418653654e-01
1.038874625883596137e+00,2.060626931815859653e+00,1.899402479343453187e+00,7.925843639511360728e-01,6.096906156490913276e-01
1.037556199930442125e+00,2.066357183916138318e+00,1.913579545243454971e+00,7.968841019450056962e-01,6.040554730780188786e-01
1.036470708789961614e+00,2.070922631999588148e+00,1.925415993021651673e+00,8.004386618025396416e-01,5.993240401733611611e-01
1.035810027817093415e+00,2.072910406346564649e+00,1.932763563745091284e+00,8.026079165873682975e-01,5.963593660697017462e-01
1.035149351567153264e+00,2.074898166483785555e+00,1.940111081943863391e+00,8.047771558651142243e-01,5.933947131592404167e-01
1.034488670594285065e+00,2.076885940830762500e+00,1.947458652667303225e+00,8.069464106499428802e-01,5.904300390555810019e-01
1.033827989621416865e+00,2.078873715177739445e+00,1.954806223390743058e+00,8.091156654347715360e-01,5.874653649519214760e-01
1.033167313371476714e+00,2.080861475314960352e+00,1.962153741589514944e+00,8.112849047125174629e-01,5.845007120414601465e-01
1.032506632398608515e+00,2.082849249661937296e+00,1.969501312312954777e+00,8.134541594973462297e-01,5.815360379378007316e-01
1.026043202583974745e+00,2.102316355078532872e+00,2.027624781914430407e+00,8.300341237585803222e-01,5.576706913765346885e-01
1.024647513317126446e+00,2.107218133534412896e+00,2.038426354568127596e+00,8.330195082661553396e-01,5.531702207391780979e-01
1.022807290739818020e+00,2.113078372013241779e+00,2.055132453208309062e+00,8.376059087653745516e-01,5.461893877175696410e-01
1.020916140074361600e+00,2.117614888753162283e+00,2.069191134382410979e+00,8.414224124489952938e-01,5.402867613927948565e-01
1.020727143414593918e+00,2.118039393198669185e+00,2.070553099552241871e+00,8.417901658800934772e-01,5.397136556236757921e-01
1.020572351370158559e+00,2.118385640587023833e+00,2.071675169871187272e+00,8.420931524193173701e-01,5.392415017156750867e-01
1.020417559325722978e+00,2.118731887975378481e+00,2.072797240190132673e+00,8.423961389585412629e-01,5.387693478076743814e-01
1.012605564183611584e+00,2.137385191426313558e+00,2.126821858170746093e+00,8.566128409319646586e-01,5.158038739815720142e-01
1.010239065219834309e+00,2.141857610201621576e+00,2.141866768097750562e+00,8.604610227254786414e-01,5.093409763959573233e-01
1.008107247890750457e+00,2.145939508594969070e+00,2.155497197436327728e+00,8.639103455482912697e-01,5.034638380049014650e-01
1.005798723085344015e+00,2.150335055782480520e+00,2.169737615440098022e+00,8.674705270354339248e-01,4.972983835768749472e-01
1.003324228860234424e+00,2.154649292085225376e+00,2.184062376758701962e+00,8.710074112023034054e-01,4.910710172282701791e-01
1.000481715662192350e+00,2.158990420197285154e+00,2.199217416494823052e+00,8.747014171682038208e-01,4.844557696577058148e-01
9.996032263503594750e-01,2.160826546592257813e+00,2.203627096056946399e+00,8.757622804965455865e-01,4.825231883484125128e-01
9.993249038193415812e-01,2.161385092632432059e+00,2.205103918175334243e+00,8.761117277087593358e-01,4.818727534210775487e-01
9.990465812883237984e-01,2.161943638672606749e+00,2.206580740293722087e+00,8.764611749209730851e-01,4.812223184937425291e-01
9.882214058728653328e-01,2.170711241903606759e+00,2.253142058175388929e+00,8.874751198973802602e-01,4.607147386777902254e-01
9.852311075519230021e-01,2.175173834357629676e+00,2.268142857228071296e+00,8.909026906837597126e-01,4.540439069382629089e-01
9.824643262597949622e-01,2.179231414085837315e+00,2.282314148376753504e+00,8.940945512412155072e-01,4.477184670392084231e-01
9.805913938201910041e-01,2.181755095977773173e+00,2.290877793608172563e+00,8.960004331050450688e-01,4.438845503404047488e-01
9.770176808314769978e-01,2.186422600644472247e+00,2.307515206405684083e+00,8.996582564050422670e-01,4.364139263319448681e-01
9.736326966605552968e-01,2.190782652287243781e+00,2.323573520597068232e+00,9.031355312021425163e-01,4.291775235099834496e-01
9.725467154337676945e-01,2.192207881739408393e+00,2.328848649485584676e+00,9.042651360475558731e-01,4.267943162017859282e-01
9.723408133882807114e-01,2.192467215948342485e+00,2.329821390604225773e+00,9.044723231110168848e-01,4.263543229127591538e-01
9.721349098708766956e-01,2.192726552011160290e+00,2.330794138676629768e+00,9.046795116555809146e-01,4.259143264783844529e-01
9.719290063534727908e-01,2.192985888073977652e+00,2.331766886749034207e+00,9.048867002001449444e-01,4.254743300440096965e-01
9.579647923838239265e-01,2.211170302349446448e+00,2.392128420249409082e+00,9.173168885209506129e-01,3.979758779319975681e-01
9.542892602824274428e-01,2.215069007806771850e+00,2.406806433773349685e+00,9.202123506283848009e-01,3.912327888915577701e-01
9.506320433965448347e-01,2.217449526507535129e+00,2.423392049071350307e+00,9.234204600958467735e-01,3.835863564767277301e-01
9.467410896339996107e-01,2.222158132796694385e+00,2.439122265724193550e+00,9.264067148829456810e-01,3.763109128870238407e-01
9.431258619865418025e-01,2.225404892984921279e+00,2.454012255714513646e+00,9.291838524401864197e-01,3.694039321814640009e-01
9.408878614153632913e-01,2.227668612576706675e+00,2.462677761136847998e+00,9.307754458586610102e-01,3.653744690607916845e-01
9.405994214259445485e-01,2.227936349577152697e+00,2.463722265803327982e+00,9.309656837113667871e-01,3.648881423281656877e-01
9.403109793745759726e-01,2.228204088491551271e+00,2.464766777936582720e+00,9.311559229240120583e-01,3.644018121189712134e-01
9.400225373232073967e-01,2.228471827405949401e+00,2.465811290069837458e+00,9.313461621366573295e-01,3.639154819097767390e-01
9.243396852621050819e-01,2.243914325342049043e+00,2.512001394206747396e+00,9.394966378082678649e-01,3.423090146404144662e-01
9.191897839267249015e-01,2.248484901765761101e+00,2.522986328638765929e+00,9.413720810701227126e-01,3.371471273538219626e-01
9.145279106752954856e-01,2.252508271026222086e+00,2.532849211094132080e+00,9.430325417879962258e-01,3.325040013934481564e-01
9.104407264133922428e-01,2.255858278492643088e+00,2.541982119716104549e+00,9.445446421721064301e-01,3.281954770347129124e-01
9.046641480903034882e-01,2.260534844249103781e+00,2.554726765393201315e+00,9.466163878277037425e-01,3.221697644239996383e-01
9.005264086301935089e-01,2.264534582422444320e+00,2.562145320034282303e+00,9.478069272572480219e-01,3.186569785869491356e-01
9.001284693452648034e-01,2.264834025728339917e+00,2.562925397055014098e+00,9.479299190375908291e-01,3.182868631047045538e-01
8.997305272156165268e-01,2.265133471174844093e+00,2.563705479652225616e+00,9.480529116971561088e-01,3.179167449766424625e-01
8.993325850859681392e-01,2.265432916621348269e+00,2.564485562249437134e+00,9.481759043567212775e-01,3.175466268485803156e-01
8.784494102601537735e-01,2.282139182533951427e+00,2.591381595294232731e+00,9.523728765126860951e-01,3.047711998597957272e-01
8.723554150560277609e-01,2.286537716504751572e+00,2.598950573726436453e+00,9.535302018235491950e-01,3.011681757417385974e-01
8.668714209382188951e-01,2.290722467574685339e+00,2.605834784681349436e+00,9.545602802944528342e-01,2.978839585075920282e-01
8.617069476700142117e-01,2.294473151933961397e+00,2.611480101470490922e+00,9.553910416581362641e-01,2.951864441419145835e-01
8.562351626545314787e-01,2.300047859189415345e+00,2.618931941744818026e+00,9.564780497081949440e-01,2.916228023230653665e-01
8.508507359913484169e-01,2.303766775848557380e+00,2.623134533452302186e+00,9.570830124038413045e-01,2.896105883315844287e-01
8.493857908013129343e-01,2.304765356381226038e+00,2.624338186729701761e+00,9.572574857511776392e-01,2.890346441849337977e-01
8.488847211648602453e-01,2.305126709890155556e+00,2.624726299612366365e+00,9.573133160583096046e-01,2.888488041660351446e-01
8.483836515284075563e-01,2.305488063399085519e+00,2.625114412495031413e+00,9.573691463654415701e-01,2.886629641471364915e-01
8.289918528193286340e-01,2.318516276085042183e+00,2.636058352187572673e+00,9.589403860446588101e-01,2.834217541564988951e-01
8.226225903556936281e-01,2.322692616220430217e+00,2.637625923636616854e+00,9.591615767950704141e-01,2.826698700971337352e-01
8.171769992118759207e-01,2.326527972891240914e+00,2.635832872397734672e+00,9.589081852831670139e-01,2.835297919491228114e-01
8.119140987371769036e-01,2.330423402192559390e+00,2.634081238367823374e+00,9.586528464968351315e-01,2.843675356469307913e-01
8.060990656598462367e-01,2.334046347257411558e+00,2.633825138264572097e+00,9.586255158862508896e-01,2.844929893129048426e-01
8.003148931257193510e-01,2.337813729760129355e+00,2.634001665930985059e+00,9.586548423110928807e-01,2.844096281411367944e-01
7.990012317405913445e-01,2.338737231851174325e+00,2.633717546873461490e+00,9.586145252808568884e-01,2.845458398339802963e-01
7.986072851685506180e-01,2.338989257105328790e+00,2.633659037857432494e+00,9.586068081614483871e-01,2.845740638979961656e-01
7.982133385965098915e-01,2.339241282359483254e+00,2.633600528841403499e+00,9.585990910420398858e-01,2.846022879620119794e-01
7.978193948406261393e-01,2.339493305812016199e+00,2.633542020243630599e+00,9.585913739777977005e-01,2.846305118242659637e-01
7.722979498725286440e-01,2.356568074885661002e+00,2.633631165503143912e+00,9.586038121426403436e-01,2.845877110556196410e-01
7.670594485489834469e-01,2.359983455494254478e+00,2.633909344665794627e+00,9.586367135513504945e-01,2.844523966749349930e-01
7.637648620137140743e-01,2.362101225309935604e+00,2.633946591252746661e+00,9.586386585985113840e-01,2.844335488879470297e-01
7.570470374185672702e-01,2.366443602564693549e+00,2.632267929619749314e+00,9.583905445656114575e-01,2.852353683693705233e-01
7.503839460409547080e-01,2.370840760088210430e+00,2.633105406545793947e+00,9.585202135799977263e-01,2.848370972215142349e-01
7.474624899753038454e-01,2.372854229308793972e+00,2.633276347204319912e+00,9.585463135334412188e-01,2.847556937214146822e-01
7.470909397222722514e-01,2.373094465758624150e+00,2.633191905638624153e+00,9.585352535831859200e-01,2.847964504205429126e-01
7.467193868131664081e-01,2.373334703925815248e+00,2.633107463469286813e+00,9.585241935538671987e-01,2.848372074110256391e-01
7.463478339040605647e-01,2.373574942093006346e+00,2.633023021299949917e+00,9.585131335245483664e-01,2.848779644015083656e-01
7.241347247525418140e-01,2.388515963261607311e+00,2.632299955158040827e+00,9.584100974293890962e-01,2.852244856031795894e-01
7.170773765235110009e-01,2.393365806701597265e+00,2.631660292081270835e+00,9.583175162489279142e-01,2.855306111040700756e-01
7.120149398199613344e-01,2.396912327554790334e+00,2.631902693084910538e+00,9.583543712728640473e-01,2.854151320367240285e-01
7.058706971397571417e-01,2.401051570720060369e+00,2.632416660768198025e+00,9.584296252796045135e-01,2.851694178654797240e-01
7.002576300003015008e-01,2.404802220762673137e+00,2.633197586632163745e+00,9.585433558290000766e-01,2.847958945343872506e-01
6.959389153035051567e-01,2.407655577642698663e+00,2.633895382182361633e+00,9.586393945652960102e-01,2.844604738849637604e-01
6.955002700004255800e-01,2.407952689927349788e+00,2.633941150365118222e+00,9.586453316262429913e-01,2.844383664427151404e-01
6.950616215616343130e-01,2.408249804335945488e+00,2.633986918875054872e+00,9.586512687296319113e-01,2.844162588424286042e-01
6.946229731228430460e-01,2.408546918744541188e+00,2.634032687384991522e+00,9.586572058330208312e-01,2.843941512421421236e-01
6.733018999314525077e-01,2.423096928220918933e+00,2.635536370692367569e+00,9.588628399797402002e-01,2.836709711324012506e-01
6.674339339365678025e-01,2.426986035841018463e+00,2.636197603904682829e+00,9.589603739739100963e-01,2.833550623902845178e-01
6.618673206887853988e-01,2.430814161176696242e+00,2.636570026753694673e+00,9.590142843235298642e-01,2.831768316900102334e-01
6.565533159114818051e-01,2.434302720445864043e+00,2.636256755058616452e+00,9.589711542909188369e-01,2.833274098631511362e-01
6.505906814528109594e-01,2.438327662603330115e+00,2.635985306794142780e+00,9.589305795466697147e-01,2.834569389012812635e-01
6.462030047650894060e-01,2.441421382695704967e+00,2.636716842127280636e+00,9.590331399004307089e-01,2.831058624209465968e-01
6.457527959760698266e-01,2.441692719223895747e+00,2.636566096000408699e+00,9.590129098343198599e-01,2.831784752032175945e-01
6.453025839686753473e-01,2.441964057691770051e+00,2.636415348795908997e+00,9.589926796235919149e-01,2.832510885045703142e-01
6.448523719612809790e-01,2.442235396159644356e+00,2.636264601591409296e+00,9.589724494128639698e-01,2.833237018059229784e-01
6.234478788716618647e-01,2.456626986458261719e+00,2.636395474556505469e+00,9.589956201484501896e-01,2.832623178432732702e-01
6.169237440141563944e-01,2.460984925877726326e+00,2.635089057513968935e+00,9.588142720712165001e-01,2.838898323198902340e-01
6.112904600434372338e-01,2.464846391319430730e+00,2.635388968289888112e+00,9.588535371647668448e-01,2.837450743635441808e-01
6.057178174801252091e-01,2.468533980228446723e+00,2.635440701618542825e+00,9.588617433413094693e-01,2.837205284676695971e-01
6.001797866526513703e-01,2.472173776809325041e+00,2.636020004982690512e+00,9.589440237336728234e-01,2.834428221586877683e-01
5.945965184750038324e-01,2.475849504295578818e+00,2.635778244682382976e+00,9.589113878197454977e-01,2.835592204906368097e-01
5.937814386586531823e-01,2.476395656558554759e+00,2.635746106271874112e+00,9.589067503722886743e-01,2.835746055216966099e-01
5.934427374408742795e-01,2.476620147391017657e+00,2.635770425464510680e+00,9.589101192395921291e-01,2.835629221590506566e-01
5.931040362230953766e-01,2.476844638223480555e+00,2.635794744657147248e+00,9.589134881068956950e-01,2.835512387964047032e-01
5.927653374265479114e-01,2.477069127451153818e+00,2.635819063675936214e+00,9.589168569501165251e-01,2.835395555172781634e-01
5.847387416316284225e-01,2.482287748600290112e+00,2.636190831646354038e+00,9.589721742517293146e-01,2.833620787889960524e-01
5.605311400615207162e-01,2.498080065589405319e+00,2.637127126144422462e+00,9.591130946165975502e-01,2.829155777936827598e-01
5.550601701745765393e-01,2.501637050629692105e+00,2.636855026222139742e+00,9.590715089177803687e-01,2.830451516710457693e-01
5.496328165979045277e-01,2.505076157355225597e+00,2.637031743625656954e+00,9.590920481664765296e-01,2.829590905791914968e-01
5.440703823480743662e-01,2.508763341948101022e+00,2.637785567576278911e+00,9.591955448514122295e-01,2.825966679939624360e-01
5.418254785671414719e-01,2.510289012950902787e+00,2.637745008436422456e+00,9.591902201294782992e-01,2.826162397499744627e-01
5.413002161497095788e-01,2.510649520198161344e+00,2.637779910899615388e+00,9.591952362097500018e-01,2.825995254692532654e-01
5.407749537322776856e-01,2.511010027445420345e+00,2.637814813362808763e+00,9.592002522900218153e-01,2.825828111885320126e-01
5.251341776596629707e-01,2.521167287353915043e+00,2.637046752594912391e+00,9.591019044319358811e-01,2.829541749309996690e-01
5.159900792336074016e-01,2.527550605588808619e+00,2.635941522496997980e+00,9.589419250692430285e-01,2.834831200081266434e-01
5.106004042617415806e-01,2.531336900248445154e+00,2.635913736111563654e+00,9.589351767865478271e-01,2.834956120665488855e-01
5.071577617030443852e-01,2.533648327848492698e+00,2.635678058146478264e+00,9.588996985184182753e-01,2.836079993541705813e-01
4.995662625465120965e-01,2.538596940737275709e+00,2.635426886965711368e+00,9.588676393894938199e-01,2.837294758438356768e-01
4.940528890591267541e-01,2.542840836496391255e+00,2.634819803404186089e+00,9.587828979865199441e-01,2.840209420294398934e-01
4.904369216376227025e-01,2.545820577179287003e+00,2.633464594537611614e+00,9.585927095503731232e-01,2.846712904769265751e-01
4.899941275978189625e-01,2.546153217565148008e+00,2.633326835600091176e+00,9.585733182851364775e-01,2.847373822471569449e-01
4.895513303926457560e-01,2.546485860328931317e+00,2.633189075677783375e+00,9.585539268812788283e-01,2.848034744898527704e-01
4.891085331874725495e-01,2.546818503092714625e+00,2.633051315755476018e+00,9.585345354774211790e-01,2.848695667325485958e-01
4.657402277165692550e-01,2.560872282249228693e+00,2.640912987089735431e+00,9.596619037396034724e-01,2.811039280852309363e-01
4.601091700427577535e-01,2.564828163770423775e+00,2.641361403004272468e+00,9.597229709971526468e-01,2.808881909306188973e-01
4.556074177586919571e-01,2.567819338095986392e+00,2.640891953597500397e+00,9.596565967525783059e-01,2.811133318671760195e-01
4.492706208777945687e-01,2.571728089674619966e+00,2.639322638768026863e+00,9.594363196632665902e-01,2.818664223373317235e-01
4.440254287160406155e-01,2.576059409377359000e+00,2.633601827498568415e+00,9.586319839199645143e-01,2.846113762713911588e-01
4.397594456709997268e-01,2.578194965722725662e+00,2.634268468113959649e+00,9.587210073639010899e-01,2.842901120366103651e-01
4.393495114057123230e-01,2.578484750757382482e+00,2.634018272553744655e+00,9.586856477253177244e-01,2.844101066268425182e-01
4.389395742099577169e-01,2.578774537863603999e+00,2.633768075204974579e+00,9.586502878339615563e-01,2.845301020748712828e-01
4.385296370142031108e-01,2.579064324969825961e+00,2.633517877856204503e+00,9.586149279426052772e-01,2.846500975229000474e-01
4.220333601500177445e-01,2.591711786903173831e+00,2.622447878514027497e+00,9.570225526179462205e-01,2.899509953079205116e-01
4.103833541832567211e-01,2.599191774634814767e+00,2.612152776298839019e+00,9.555213178782222538e-01,2.948746747096381293e-01
4.050946271435005852e-01,2.601757076458783402e+00,2.601920206487453591e+00,9.539973526243853419e-01,2.997586326825916747e-01
4.010847390279569935e-01,2.604191702805922048e+00,2.599363317228260417e+00,9.536083583276619979e-01,3.009764450880841324e-01
3.948468760009778977e-01,2.608825640397677503e+00,2.590148879879119015e+00,9.522075008017525377e-01,3.053654099250910914e-01
3.905395599532047179e-01,2.612746714262704106e+00,2.577713989696143404e+00,9.503057849085264630e-01,3.112847690953028379e-01
3.901442648228624632e-01,2.613061174370526096e+00,2.576861288097955782e+00,9.501727022049574201e-01,3.116898125154995425e-01
3.897489668667027396e-01,2.613375636726306350e+00,2.576008580404121950e+00,9.500396185500297186e-01,3.120948588312006389e-01
3.893536689105430160e-01,2.613690099082086604e+00,2.575155872710288563e+00,9.499065348951021281e-01,3.124999051469017353e-01
3.832945835882032859e-01,2.618406630638648203e+00,2.562622743354153076e+00,9.478846555265721951e-01,3.184310544341089066e-01
3.657571761322819248e-01,2.632641597314327342e+00,2.528615043978297727e+00,9.423568703605572638e-01,3.345105192116467618e-01
3.610773352818357762e-01,2.636329974643842444e+00,2.516914173332124527e+00,9.403687368357858123e-01,3.400125418019946388e-01
3.584377256073238982e-01,2.638555427968883649e+00,2.511870861968563240e+00,9.395088634373779390e-01,3.423829308099730628e-01
3.515164248506367772e-01,2.644766331414563965e+00,2.497818587327159445e+00,9.370842264809737809e-01,3.489770937545720320e-01
3.465916276155357467e-01,2.649215716632548734e+00,2.487995675347269398e+00,9.353625624249740644e-01,3.535766812011402194e-01
3.451230219208233363e-01,2.650513810567443951e+00,2.485255880862802691e+00,9.348781926621314575e-01,3.548580304236162997e-01
3.447260773434517866e-01,2.650857532576581299e+00,2.484438759410906084e+00,9.347332679084418006e-01,3.552400065354117675e-01
3.443291327660802370e-01,2.651201254585718647e+00,2.483621637959009920e+00,9.345883431547521436e-01,3.556219826472072909e-01
3.431421905260084726e-01,2.652447252578952419e+00,2.481246171349291263e+00,9.341593131743732847e-01,3.567294420024709756e-01
3.285698239393515241e-01,2.668981062657004077e+00,2.452466683997079677e+00,9.289165104222409930e-01,3.701292197995406652e-01
3.201699802115361981e-01,2.677312431652381530e+00,2.434848026012990108e+00,9.256174389126551327e-01,3.782968662497624424e-01
3.160213233694233459e-01,2.681650449488824695e+00,2.426074695883053689e+00,9.239497088174638550e-01,3.823538483359821272e-01
3.114143382780785729e-01,2.686412383273638405e+00,2.415447566336637930e+00,9.219068631323729113e-01,3.872586714666291785e-01
3.071686499615078336e-01,2.691176187035600798e+00,2.406645585440406077e+00,9.201954677053085785e-01,3.913129973307492571e-01
3.047139568745118043e-01,2.693922518020223755e+00,2.400933745284710596e+00,9.190748164603902426e-01,3.939396848050797928e-01
3.043482239512382836e-01,2.694299753937521746e+00,2.400261224273032568e+00,9.189422953160465424e-01,3.942487099424537567e-01
3.039824884134764704e-01,2.694676992551538586e+00,2.399588698453752666e+00,9.188097732243585281e-01,3.945577372889331746e-01
3.036167528757146572e-01,2.695054231165555425e+00,2.398916172634472321e+00,9.186772511326706248e-01,3.948667646354125926e-01
2.845375910088431270e-01,2.710695676255355124e+00,2.363249070558132825e+00,9.115244873260621716e-01,4.112020935207205130e-01
2.802860290280362876e-01,2.715103818747359732e+00,2.352804586667214704e+00,9.093641421372535838e-01,4.159564202550732337e-01
2.766361846365420485e-01,2.717369352874792643e+00,2.342487432534340996e+00,9.072030173935097253e-01,4.206403676547593173e-01
2.717288255508203410e-01,2.723306116139248001e+00,2.330536082749289140e+00,9.046736413665118492e-01,4.260541714774495614e-01
2.679105869771415405e-01,2.727296535149674295e+00,2.328243495897539095e+00,9.041546678359255740e-01,4.270769799367214459e-01
2.657430615327988077e-01,2.726612350113807537e+00,2.346903859764726707e+00,9.080692233738635322e-01,4.186081731593320199e-01
2.654208257277254068e-01,2.726911120851362558e+00,2.344352528533139690e+00,9.075306735814205883e-01,4.197644561788360651e-01
2.650985876191083723e-01,2.727209893724718448e+00,2.341801179063036642e+00,9.069921199390859057e-01,4.209207474641762370e-01
2.647763495104913378e-01,2.727508666598073894e+00,2.339249829592933594e+00,9.064535662967513341e-01,4.220770387495164089e-01
2.644541137054179369e-01,2.727807437335628915e+00,2.336698498361346577e+00,9.059150165043082792e-01,4.232333217690204541e-01
2.450990736549173987e-01,2.753036826208185683e+00,2.290049942197775135e+00,8.958008361304508060e-01,4.442475622774466615e-01
2.417511627020808573e-01,2.757669296111720847e+00,2.281054919280095294e+00,8.937974864852715751e-01,4.482737915257172800e-01
2.402835314659631238e-01,2.764261323615311294e+00,2.262182202794939645e+00,8.894733679239452684e-01,4.566595403944026521e-01
2.394574803715892597e-01,2.773391213466788408e+00,2.231174144114078217e+00,8.822823226952797304e-01,4.703926774391515853e-01
2.321819202369583002e-01,2.773313590360107828e+00,2.259869590887704227e+00,8.890168182875183289e-01,4.577253266834982459e-01
2.319094183052394231e-01,2.773739298362527972e+00,2.259109652641525745e+00,8.888428025323904524e-01,4.580630771851741390e-01
2.316369144255058521e-01,2.774165009408175564e+00,2.258349708962831937e+00,8.886687855332888741e-01,4.584008301013023368e-01
2.313644105457722810e-01,2.774590720453823600e+00,2.257589765284137684e+00,8.884947685341871848e-01,4.587385830174305901e-01
2.186695418746512076e-01,2.795015822504680614e+00,2.220538432725133404e+00,8.798452266033763847e-01,4.751193522048541840e-01
2.154293755563144452e-01,2.800675873009261796e+00,2.210450723720278177e+00,8.774379701807407672e-01,4.795512969392983216e-01
2.129436208301809241e-01,2.805462887246283454e+00,2.201485944361337932e+00,8.752894688603456430e-01,4.834849181959949838e-01
2.092785562232915009e-01,2.810523617210273883e+00,2.186819318283919511e+00,8.717060981191607771e-01,4.898825879357316393e-01
2.060610991843027373e-01,2.817364858481496981e+00,2.181401059355403405e+00,8.703886673045885258e-01,4.922496595299167277e-01
2.029052981894879093e-01,2.823194937266480853e+00,2.171559968128471407e+00,8.679574205382367680e-01,4.965272805095225506e-01
2.023317246340458619e-01,2.824267165009392677e+00,2.169786376756769997e+00,8.675169779040087237e-01,4.972969108370308144e-01
2.021495551537791091e-01,2.824627154559306241e+00,2.169107460144849231e+00,8.673483359397596848e-01,4.975914942778563721e-01
2.019673856735123563e-01,2.824987144109219805e+00,2.168428543532928021e+00,8.671796939755105349e-01,4.978860777186819297e-01
2.017852174954979649e-01,2.825347131085720775e+00,2.167749631774293917e+00,8.670110532168113782e-01,4.981806590536553836e-01
1.894146153425015910e-01,2.850230806554590490e+00,2.124102708763076830e+00,8.559290178010313666e-01,5.169790430052016994e-01
1.866817817462259887e-01,2.855446989481855269e+00,2.113513258444457144e+00,8.531764183063933471e-01,5.215016300037238484e-01
1.839139428531896270e-01,2.861897419216111960e+00,2.106231276010625209e+00,8.512825478311434324e-01,5.246110891489428329e-01
1.812100515283648905e-01,2.867902597125096875e+00,2.096363387258971756e+00,8.486845978783579270e-01,5.288053621460234721e-01
1.785410757997241693e-01,2.874254346760843681e+00,2.086559490946178208e+00,8.460854498330263596e-01,5.329612312859036694e-01
1.780861912385411361e-01,2.875341591943882058e+00,2.084587429096655509e+00,8.455602003069329076e-01,5.337956657664300053e-01
1.778862752766443289e-01,2.875819504603598809e+00,2.083802707842863366e+00,8.453506951973324135e-01,5.341273895382137038e-01
1.776863593147475218e-01,2.876297417263316003e+00,2.083017986589070780e+00,8.451411900877319194e-01,5.344591133099972913e-01
1.761564805846096982e-01,2.880011207205223744e+00,2.076588292142277137e+00,8.434013533411762742e-01,5.371622510957774210e-01
1.670167632289764059e-01,2.902491292326798700e+00,2.037441820720389263e+00,8.327428296158814192e-01,5.535773723908870014e-01
1.649360425562205468e-01,2.908466425979040704e+00,2.028462218626560620e+00,8.302474755967567122e-01,5.573096113639847138e-01
1.629427139929078006e-01,2.913885722145621138e+00,2.018444255479891591e+00,8.274400629427615117e-01,5.614575926008127382e-01
1.607366093793461126e-01,2.920430016399527151e+00,2.010255066863528395e+00,8.251366967436509769e-01,5.648426216664100830e-01
1.584622364805473860e-01,2.925987374159594978e+00,2.001084920808620993e+00,8.225349973897989608e-01,5.686177803406660125e-01
1.574228611242032838e-01,2.928676176802631037e+00,1.997627300230378822e+00,8.215483581435807370e-01,5.700372883768973775e-01
1.573060228164701868e-01,2.929107153192973101e+00,1.996740625917503786e+00,8.212959934703729648e-01,5.704017578726164883e-01
1.571891836735035963e-01,2.929538132664204486e+00,1.995853945266124585e+00,8.210436269931042919e-01,5.707662299737922273e-01
1.570723445305370058e-01,2.929969112135435871e+00,1.994967264614745384e+00,8.207912605158355079e-01,5.711307020749678554e-01
1.490249531745465317e-01,2.957074704939403276e+00,1.958209665096153129e+00,8.101425985355312775e-01,5.861084714649567040e-01
1.472645751926105473e-01,2.963135612730520396e+00,1.949621294685043082e+00,8.076105362638763552e-01,5.895763092705934572e-01
1.456107687896971703e-01,2.968603605282920554e+00,1.940769812443384534e+00,8.049899813472386478e-01,5.931423352854687803e-01
1.443921990807677802e-01,2.972802883409259245e+00,1.934784459371346133e+00,8.032122400450851796e-01,5.955494498987174978e-01
1.419926058870596419e-01,2.981547586710763476e+00,1.922385891124177570e+00,7.995048996578291156e-01,6.005173537562247255e-01
1.417678083248057608e-01,2.982570302010608465e+00,1.921207929110631207e+00,7.991496820041680271e-01,6.009870990620964637e-01
1.416997835921240401e-01,2.982908540166794964e+00,1.921036708069145282e+00,7.990960018365850237e-01,6.010538371953393355e-01
1.416317583731588337e-01,2.983246780740920645e+00,1.920865485803663786e+00,7.990423212852624246e-01,6.011205758056682447e-01
1.415637331541936550e-01,2.983585021315045882e+00,1.920694263538182289e+00,7.989886407339399366e-01,6.011873144159971538e-01
1.414957084215119065e-01,2.983923259471232381e+00,1.920523042496696364e+00,7.989349605663568221e-01,6.012540525492401366e-01
1.344729200497468413e-01,3.017791354659957737e+00,1.866184466521266128e+00,7.823223421659741827e-01,6.227486344875262647e-01
1.331121370658998049e-01,3.025083470899803562e+00,1.854664631237615380e+00,7.787235256240706560e-01,6.272452720496509704e-01
1.321672409868023534e-01,3.030846164310553092e+00,1.845764733794710732e+00,7.759252118760600059e-01,6.307048146582719950e-01
1.311659202627827314e-01,3.037685410602974034e+00,1.834762655351519722e+00,7.724416324769499687e-01,6.349617357030289400e-01
1.302950291028275587e-01,3.043888138721176695e+00,1.825166146760650809e+00,7.693886655475357106e-01,6.386629581660069332e-01
1.300959175209865371e-01,3.045263857982463573e+00,1.822879019567145376e+00,7.686567699097657247e-01,6.395415194053382102e-01
1.299016310132264651e-01,3.046607957791754195e+00,1.820635417624731911e+00,7.679387006002110772e-01,6.404032765142569916e-01
1.297073445054663932e-01,3.047952057601044817e+00,1.818391815682318668e+00,7.672206312906565406e-01,6.412650336231757731e-01
1.295130593865781998e-01,3.049296147801936030e+00,1.816148229778464351e+00,7.665025671142748909e-01,6.421267845717583134e-01
1.312111958192336836e-01,3.075271717810064143e+00,1.747764714893472515e+00,7.437904168687343720e-01,6.676734886753696863e-01
1.306859262144607903e-01,3.081310767975132148e+00,1.738589906249411232e+00,7.407208320639471211e-01,6.710795296568170532e-01
1.302326097744296585e-01,3.087962933957181466e+00,1.728861906281551120e+00,7.374210827482603481e-01,6.746498799985692907e-01
1.296064122799397422e-01,3.093945136051226896e+00,1.719560675437713959e+00,7.343016485557204431e-01,6.780960906877513406e-01
1.292159490406195044e-01,3.100097869182206534e+00,1.710237285632960624e+00,7.311379045497378160e-01,6.815167397589927401e-01
1.291880662979635885e-01,3.100919728139039933e+00,1.709370538967266873e+00,7.308454220423076242e-01,6.818362705067525509e-01
1.291461547500139528e-01,3.101472353710739149e+00,1.708719777110383253e+00,7.306244804376350599e-01,6.820749282169269456e-01
1.291042432020642894e-01,3.102024979282438366e+00,1.708069015253499634e+00,7.304035388329624956e-01,6.823135859271013404e-01
1.279365909541512192e-01,3.126208100310921445e+00,1.691725974064534288e+00,7.248125489619526851e-01,6.882676719233921103e-01
1.277811746457637176e-01,3.132901873389800418e+00,1.688495720325308591e+00,7.236866027910923149e-01,6.894247074177621837e-01
1.273893677877275254e-01,3.138244712613832199e+00,1.684779201317163411e+00,7.223828333161722570e-01,6.907478544261504982e-01
1.302936693604825058e-01,3.136348637997778077e+00,1.684833294902852385e+00,7.227472506413326059e-01,6.910588993131060453e-01
1.300723589389198021e-01,3.143463914049598351e+00,1.681527841812493262e+00,7.216058185655627177e-01,6.922540759565201096e-01
1.300337194746593594e-01,3.150127986244601441e+00,1.677923948677362720e+00,7.203590949256175602e-01,6.935550295496837325e-01
1.300165466252703184e-01,3.152450803581484884e+00,1.676505222695710229e+00,7.198666765122258004e-01,6.940656054510365713e-01
1.300051088772143648e-01,3.152974372010833193e+00,1.676171338829875568e+00,7.197510323219804551e-01,6.941859979873908904e-01
1.299936711291584113e-01,3.153497940440181502e+00,1.675837454964040907e+00,7.196353881317351098e-01,6.943063905237452094e-01
1.299822333811024577e-01,3.154021508869529367e+00,1.675503571098206246e+00,7.195197439414897644e-01,6.944267830600995284e-01
1.295848647315100410e-01,3.183125770002072308e+00,1.658524345735805872e+00,7.135996861676854319e-01,7.005113212991755933e-01
1.296454104465643020e-01,3.189621699824030099e+00,1.654326434896870257e+00,7.121277530477789774e-01,7.020075712408948565e-01
1.297644966631411323e-01,3.195407463695790984e+00,1.650638582996704296e+00,7.108311237773246027e-01,7.033185286691502336e-01
1.298285097593145643e-01,3.202747797949204056e+00,1.645800909514745003e+00,7.091269281443609573e-01,7.050349542710490081e-01
1.297419826061648185e-01,3.209183347410786702e+00,1.641094188543312127e+00,7.074655217652177086e-01,7.067015889481019775e-01
1.297243417435717250e-01,3.213396537039648670e+00,1.638884697340155405e+00,7.066855828547295992e-01,7.074839464787714416e-01
1.297176589451541906e-01,3.213939587509486273e+00,1.638708403070507469e+00,7.066232947074072568e-01,7.075463134502064655e-01
1.297109760989638150e-01,3.214482641861389656e+00,1.638532107540597416e+00,7.065610061148100973e-01,7.076086808674798556e-01
1.297042932527734393e-01,3.215025696213292594e+00,1.638355812010687362e+00,7.064987175222129379e-01,7.076710482847531347e-01
1.304893002766495391e-01,3.242589822254032139e+00,1.622520587953861781e+00,7.008786069203918334e-01,7.132477202062185162e-01
1.307305993248898401e-01,3.249327657790184176e+00,1.618816453671356737e+00,6.995564742913508161e-01,7.145446231240581980e-01
1.309517666582288020e-01,3.255711708291653572e+00,1.614867217427868873e+00,6.981455844872330729e-01,7.159260481954233812e-01
1.312330872350913613e-01,3.262398724916622861e+00,1.611330061806501623e+00,6.968782536092473778e-01,7.171595818393713406e-01
1.315672199991412550e-01,3.269079047680165662e+00,1.607024793518162520e+00,6.953319906521491234e-01,7.186571466563578259e-01
1.317817253897359819e-01,3.273044766672157380e+00,1.604565563555768515e+00,6.944467585178698554e-01,7.195105214080964595e-01
1.318029890272290616e-01,3.273473140593847308e+00,1.604250741783387779e+00,6.943336053030277899e-01,7.196199444239892440e-01
1.318242528167279659e-01,3.273901517577822773e+00,1.603935917760463736e+00,6.942204512792955473e-01,7.197293682221063138e-01
1.318455166062268702e-01,3.274329894561798238e+00,1.603621093737539693e+00,6.941072972555633047e-01,7.198387920202233836e-01
1.318667802437199499e-01,3.274758268483488610e+00,1.603306271965158958e+00,6.939941440407212392e-01,7.199482150361161681e-01
1.337848049655494531e-01,3.307969392587408297e+00,1.578420027460321506e+00,6.849802540732059519e-01,7.285255928964871064e-01
1.342075980659876711e-01,3.314293518437147590e+00,1.571648852776443395e+00,6.825119166593264231e-01,7.308426910105385588e-01
1.346791916676416123e-01,3.319955635692546814e+00,1.566134065406705078e+00,6.804944926153340123e-01,7.327222839661760023e-01
1.353533537130971742e-01,3.327928745476719019e+00,1.558043203322283299e+00,6.775255847797156949e-01,7.354700742508647471e-01
1.356979208566388151e-01,3.331936060253893217e+00,1.554023240262555117e+00,6.760461693808916817e-01,7.368306562531845572e-01
1.357659487393878539e-01,3.332709405890950993e+00,1.553360515714596435e+00,6.758020644652718012e-01,7.370547306843936441e-01
1.358339771084428604e-01,3.333482757056368317e+00,1.552697786429067417e+00,6.755579578046367883e-01,7.372788067174271820e-01
1.359020054774978670e-01,3.334256108221785642e+00,1.552035057143538177e+00,6.753138511440018865e-01,7.375028827504608309e-01
1.359700333602469058e-01,3.335029453858843418e+00,1.551372332595579495e+00,6.750697462283818950e-01,7.377269571816699179e-01
1.396430371464926490e-01,3.366453529439217274e+00,1.520682944800478165e+00,6.636711808248817457e-01,7.479991808812095355e-01
1.405907159312857202e-01,3.373071249879258549e+00,1.513990465704618371e+00,6.611662270113178863e-01,7.502177680891546352e-01
1.414297090527486256e-01,3.378951237229117499e+00,1.507170363456489026e+00,6.586037632436544387e-01,7.524676195729982364e-01
1.423905939691231526e-01,3.385853836260610539e+00,1.498083803417278315e+00,6.551770128545001404e-01,7.554505723386208960e-01
1.434850973835520016e-01,3.392090320198656528e+00,1.489992662045180660e+00,6.521126805317403186e-01,7.580917503651443123e-01
1.437626820612857848e-01,3.393558360559581377e+00,1.488076663526917365e+00,6.513856268879494316e-01,7.587155399107202713e-01
1.438658324975775338e-01,3.394053520522937628e+00,1.487501902658633357e+00,6.511673087417825245e-01,7.589024111154908381e-01
1.439689829338693106e-01,3.394548680486293879e+00,1.486927141790349571e+00,6.509489905956155065e-01,7.590892823202615158e-01
1.479685048452334672e-01,3.416963811379024829e+00,1.458259842224420844e+00,6.400024299710210807e-01,7.683420073057734001e-01
1.494769594757549558e-01,3.423988994259890006e+00,1.449300139481857208e+00,6.365547146178641702e-01,7.712023161239186519e-01
1.467564462012457549e-01,3.432115153553263909e+00,1.440751211588242375e+00,6.332524487255436485e-01,7.739162121584897136e-01
1.487231459075714080e-01,3.443177202532786030e+00,1.423594704556828017e+00,6.265873614361772148e-01,7.793161144652881456e-01
1.493097321552121770e-01,3.445394182099218217e+00,1.420616787351432375e+00,6.254200250792065763e-01,7.802402500048326583e-01
1.510879573633258366e-01,3.452184663070942516e+00,1.409851800435494074e+00,6.211760245523789692e-01,7.835502719487767997e-01
1.528661698596614493e-01,3.458975095500397057e+00,1.399086890473882905e+00,6.169320543641118038e-01,7.868602702307775365e-01
1.546443950677750812e-01,3.465765576472121356e+00,1.388321903557944603e+00,6.126880538372843077e-01,7.901702921747216779e-01
1.564226202758887407e-01,3.472556057443845656e+00,1.377556916642006524e+00,6.084440533104567006e-01,7.934803141186658193e-01
1.582008327722243535e-01,3.479346489873300641e+00,1.366792006680395355e+00,6.042000831221895352e-01,7.967903124006665561e-01
1.604505605202299900e-01,3.485764411966171927e+00,1.355992000872447090e+00,5.998947324755161681e-01,8.000493718310782709e-01
1.614969161573066303e-01,3.489619183681357928e+00,1.346611590151885585e+00,5.961357007697303256e-01,8.028541214991185004e-01
1.634622899859909662e-01,3.496140960430441424e+00,1.331656609228221599e+00,5.901145677030078529e-01,8.072876071730674674e-01
1.651647721354434495e-01,3.501255868803006877e+00,1.320431820943722467e+00,5.855720425477425328e-01,8.105834545070359498e-01
1.660334245422082633e-01,3.503836965319137686e+00,1.314820589544892560e+00,5.832946665852806190e-01,8.122219154858818513e-01
1.661971496209022348e-01,3.504230052002877294e+00,1.314131793284809335e+00,5.830148144583239267e-01,8.124226277014667819e-01
1.663608758700057255e-01,3.504623141496646443e+00,1.313442992100778639e+00,5.827349603308088488e-01,8.126233413518686444e-01
1.665246021191092440e-01,3.505016230990416037e+00,1.312754190916747721e+00,5.824551062032936599e-01,8.128240550022703959e-01
1.752935463305751729e-01,3.526830199145462252e+00,1.266745061248139015e+00,5.636083339354466260e-01,8.260133152501952791e-01
1.770244921494065204e-01,3.532990801249459079e+00,1.252451038220708801e+00,5.576873875539830605e-01,8.300157220157927673e-01
1.791614210896584070e-01,3.537413599709636536e+00,1.243109478512330446e+00,5.538054125271714145e-01,8.326128709481367407e-01
1.815616558996351326e-01,3.542895047799370367e+00,1.230327791771149260e+00,5.484726494602305547e-01,8.361345299674168841e-01
1.841803838585297781e-01,3.547977632271589243e+00,1.220955738527665924e+00,5.445495652649741114e-01,8.386971497168718148e-01
1.861033233039215140e-01,3.552007577372650715e+00,1.212626126565353513e+00,5.410531979426432825e-01,8.409599196449144554e-01
1.862041434572438148e-01,3.552425389827133628e+00,1.211774424240764203e+00,5.406948903878664447e-01,8.411900417884595749e-01
1.863049643312917891e-01,3.552843205268402027e+00,1.210922715827672524e+00,5.403365802716825206e-01,8.414201655770620070e-01
1.864057852053397635e-01,3.553261020709670870e+00,1.210071007414580846e+00,5.399782701554984854e-01,8.416502893656645501e-01
1.944357805384178406e-01,3.573025811429885845e+00,1.159851942145762038e+00,5.186701781041260784e-01,8.549311924284840325e-01
1.978538117127242035e-01,3.578598749830965264e+00,1.148207431935871714e+00,5.136856712522875901e-01,8.579396609477585312e-01
2.010466685714335511e-01,3.583481971026427626e+00,1.137972267826114825e+00,5.092900261470385548e-01,8.605600112918283529e-01
2.038032215724273899e-01,3.588861562725689680e+00,1.128927553472301781e+00,5.053918768855452104e-01,8.628523514539389039e-01
2.077291336558073631e-01,3.595820260593408424e+00,1.119679032261925444e+00,5.013980278746257291e-01,8.651829378374269464e-01
2.112520097670909092e-01,3.601799555814931164e+00,1.111909439129405541e+00,4.980354669477645713e-01,8.671281924256294404e-01
2.117244205856318451e-01,3.602600631513277918e+00,1.110750328967344602e+00,4.975329166883919463e-01,8.674168280889478222e-01
2.120096241894082467e-01,3.603093510063030802e+00,1.109975524472257780e+00,4.971968300791196338e-01,8.676094909393113896e-01
2.122948277931846484e-01,3.603586388612784130e+00,1.109200719977170957e+00,4.968607434698473213e-01,8.678021537896749571e-01
2.246669965245684519e-01,3.623917455717895919e+00,1.079559007426544426e+00,4.839427406559581590e-01,8.750662552933131666e-01
2.284417001399893787e-01,3.629163825740154170e+00,1.074166907113119684e+00,4.815842248852144070e-01,8.763722912142061228e-01
2.316622698215079768e-01,3.634681378908175109e+00,1.065687669949536343e+00,4.778632541091280550e-01,8.784039874089420996e-01
2.352140777445506648e-01,3.639929932088074693e+00,1.058369234106314893e+00,4.746441773618901294e-01,8.801437220439141118e-01
2.386309422088359333e-01,3.645523897832370963e+00,1.047523124497491187e+00,4.698608160655440846e-01,8.826985174991641703e-01
2.427700389235305789e-01,3.650809686992785075e+00,1.042968937617268166e+00,4.678532947026443067e-01,8.837731020877704902e-01
2.432149510927647251e-01,3.651489336981825762e+00,1.042061770846520075e+00,4.674526215917599870e-01,8.839856752703243448e-01
2.435058401531537964e-01,3.651925352588818452e+00,1.041502483315171146e+00,4.672055591849267331e-01,8.841166581681988434e-01
2.437967292135428676e-01,3.652361368195811142e+00,1.040943195783822439e+00,4.669584967780935347e-01,8.842476410660733421e-01
2.574703822809701892e-01,3.672251383103187994e+00,1.010153062981807182e+00,4.532883522323000736e-01,8.913269144019857482e-01
2.612826604688357479e-01,3.677210690338667654e+00,1.003217792046282364e+00,4.501949730015842865e-01,8.928936619267149322e-01
2.646061874993566598e-01,3.681106663009533708e+00,9.989797210010123996e-01,4.482996154962069491e-01,8.938410685015154566e-01
2.691161189286776501e-01,3.687131936688826439e+00,9.893659532681323698e-01,4.439980356908187487e-01,8.959860526769435340e-01
2.733890305000125087e-01,3.692729012306445124e+00,9.804183432411471832e-01,4.399875828588264426e-01,8.979684154624241188e-01
2.770472814928286454e-01,3.698188049240426878e+00,9.697080191956042317e-01,4.351709479094652000e-01,9.003084573687120118e-01
2.787721932330959329e-01,3.700191024280499175e+00,9.672614932273783106e-01,4.340699261416290367e-01,9.008413933592467338e-01
2.792299495219353611e-01,3.700541635186928247e+00,9.675168541237826325e-01,4.341856721313952505e-01,9.007874768955709266e-01
2.796877090831038637e-01,3.700892248599743972e+00,9.677722168456668328e-01,4.343014189485863707e-01,9.007335600464663194e-01
2.801454686442723663e-01,3.701242862012559698e+00,9.680275795675510331e-01,4.344171657657774355e-01,9.006796431973617123e-01
2.981560185463671964e-01,3.723360560696856059e+00,9.334863848834478173e-01,4.187985621512601009e-01,9.080490760119795945e-01
3.026074803402229452e-01,3.728104765408023713e+00,9.277259962864659038e-01,4.161825628796205212e-01,9.092539162894714977e-01
3.060971776002524014e-01,3.732476846246399305e+00,9.192212832872969086e-01,4.123106342352496623e-01,9.110116747210191823e-01
3.112079110953451799e-01,3.737745661701423749e+00,9.124337219498522833e-01,4.092170481006167648e-01,9.124069606040470237e-01
3.154412711360128907e-01,3.742435775638057294e+00,9.048007858746648369e-01,4.057316542526219205e-01,9.139615127435032349e-01
3.183822614791114725e-01,3.745605007514951623e+00,8.992401441150306152e-01,4.031879992499333709e-01,9.150838101344325182e-01
3.187569807180745118e-01,3.745987769494747877e+00,8.987202260533240228e-01,4.029500449245922988e-01,9.151884633795220880e-01
3.191317026357656239e-01,3.746370534210766490e+00,8.982003042749171495e-01,4.027120888982045344e-01,9.152931173727387737e-01
3.195064245534567915e-01,3.746753298926785103e+00,8.976803824965101652e-01,4.024741328718167144e-01,9.153977713659555704e-01
3.378895844204963805e-01,3.766415130990204307e+00,8.622368389862987703e-01,3.861905800960574453e-01,9.223892380339875352e-01
3.430244571925828434e-01,3.771042632225085178e+00,8.554884074047516274e-01,3.830768641507669714e-01,9.236890452481089087e-01
3.473144654498637740e-01,3.775239411801968537e+00,8.481968026486208512e-01,3.797064408273733149e-01,9.250788021143481199e-01
3.516996325744228269e-01,3.779562644260733517e+00,8.403825929864208177e-01,3.760894551927730367e-01,9.265559879697368162e-01
3.567624892543317383e-01,3.784436293657267747e+00,8.315892312932574582e-01,3.720115615315670587e-01,9.281993228502956050e-01
3.612176905381518921e-01,3.788539645958907354e+00,8.246415432573785953e-01,3.687851179874149787e-01,9.294865701145931247e-01
3.615328768073030052e-01,3.788838218132559721e+00,8.241060772971705584e-01,3.685361791044926005e-01,9.295850922493344992e-01
3.618480653296032301e-01,3.789136792440593204e+00,8.235706075091160372e-01,3.682872384419989542e-01,9.296836150883739380e-01
3.621632538519034550e-01,3.789435366748627132e+00,8.230351377210614050e-01,3.680382977795053079e-01,9.297821379274133768e-01
3.624784401210545681e-01,3.789733938922279499e+00,8.224996717608533681e-01,3.677893588965829297e-01,9.298806600621547513e-01
3.853971735725461589e-01,3.810233222958305799e+00,7.905281304469478076e-01,3.528791982291068496e-01,9.356437994567852190e-01
3.904915948963771366e-01,3.814826711102122125e+00,7.854085329478911470e-01,3.504836324121937685e-01,9.365457630536206945e-01
3.954528105058813803e-01,3.819115237268226881e+00,7.813195384483559991e-01,3.485682954162885316e-01,9.372607967548702845e-01
4.007046053364371474e-01,3.823467125576970549e+00,7.773144887403119485e-01,3.466906386416372388e-01,9.379567411829762280e-01
4.055210027387731175e-01,3.827389574211793821e+00,7.731081437685277669e-01,3.447171402304123333e-01,9.386836850261425225e-01
4.058592320187948688e-01,3.827677871944802579e+00,7.727787835810866479e-01,3.445625263925767290e-01,9.387403676833571131e-01
4.061974637166915758e-01,3.827966171738744094e+00,7.724494210391724680e-01,3.444079114494644767e-01,9.387970507457749081e-01
4.065356954145882828e-01,3.828254471532686054e+00,7.721200584972581771e-01,3.442532965063522243e-01,9.388537338081927031e-01
4.068739246946099786e-01,3.828542769265694812e+00,7.717906983098171692e-01,3.440986826685166200e-01,9.389104164654074047e-01
4.311962425079130523e-01,3.848632366489281864e+00,7.529123225898755045e-01,3.352212940229357119e-01,9.421175668420767035e-01
4.367139453767216462e-01,3.852818653225752232e+00,7.481355293956979402e-01,3.329700532722304485e-01,9.429151335062921913e-01
4.416330772011426986e-01,3.856499222026443352e+00,7.437221460125963413e-01,3.308876421583750727e-01,9.436450928675408356e-01
4.471609932954323519e-01,3.860821274326826646e+00,7.395846816851981975e-01,3.289349597274136561e-01,9.443280882983461355e-01
4.522242848611793820e-01,3.864874672283121537e+00,7.360794951986651125e-01,3.272795165906926540e-01,9.449033702485718500e-01
4.536312453576667458e-01,3.865973580948623756e+00,7.353009537812101870e-01,3.269118638091204621e-01,9.450312631057046220e-01
4.539885615588237777e-01,3.866256073705349294e+00,7.350977673747184360e-01,3.268158549835752935e-01,9.450644749309824455e-01
4.543458777599807541e-01,3.866538566462074389e+00,7.348945809682266850e-01,3.267198461580301250e-01,9.450976867562601580e-01
4.547031939611377305e-01,3.866821059218799927e+00,7.346913945617349340e-01,3.266238373324849564e-01,9.451308985815378705e-01
4.791602951062032822e-01,3.885364021910708843e+00,7.323127870304945164e-01,3.255006021351364298e-01,9.455217154833001070e-01
4.840347133628889464e-01,3.889776970352182506e+00,7.293039982039588587e-01,3.240764425728344111e-01,9.460063737126791494e-01
4.881959295075751770e-01,3.893070502900681351e+00,7.291692127005371393e-01,3.240130376443478011e-01,9.460292332447655106e-01
4.944806843049234235e-01,3.897873753977783462e+00,7.287940433607844604e-01,3.238346847962592090e-01,9.460874061326196571e-01
5.001098288372803902e-01,3.901822510765040608e+00,7.300992469950914332e-01,3.244531701318646433e-01,9.458791784524267499e-01
5.033725342490948940e-01,3.904001126316946735e+00,7.318638483014984208e-01,3.252886697349234857e-01,9.455956765472836034e-01
5.038048985602764374e-01,3.904345098830437344e+00,7.318782907797856119e-01,3.252955113294838108e-01,9.455933659932966862e-01
5.042372659622691433e-01,3.904689073802858790e+00,7.318927333613166608e-01,3.253023529729521246e-01,9.455910554227925369e-01
5.046696333642618493e-01,3.905033048775280236e+00,7.319071759428478208e-01,3.253091946164204940e-01,9.455887448522883876e-01
5.269602521976182175e-01,3.922102316994312332e+00,7.338015254089552686e-01,3.262044596639119831e-01,9.452795392656971885e-01
5.323468503253414585e-01,3.926229245095170128e+00,7.316944345181378706e-01,3.252076659112237422e-01,9.456205952613440102e-01
5.372732026267686978e-01,3.930012971283178835e+00,7.347144029455336955e-01,3.266358691368521083e-01,9.451304942176952384e-01
5.433823781771232042e-01,3.934526237967528761e+00,7.340222342097938446e-01,3.263088669894355642e-01,9.452438064133449336e-01
5.486461249785193894e-01,3.938705887511252168e+00,7.340357885975276053e-01,3.263150048374381940e-01,9.452408179478489769e-01
5.537854231661919480e-01,3.942662740848976277e+00,7.346584554435606762e-01,3.266095038073472678e-01,9.451398444872546323e-01
5.590132178637818861e-01,3.946639208284799416e+00,7.352033004479566758e-01,3.268667657067746979e-01,9.450502470139635625e-01
5.642410499329266749e-01,3.950615704146905216e+00,7.357481493472465273e-01,3.271240294452715247e-01,9.449606489001736165e-01
5.694688820020714637e-01,3.954592200009011016e+00,7.362929982465363787e-01,3.273812931837682960e-01,9.448710507863836705e-01
5.746966766996612908e-01,3.958568667444833711e+00,7.368378432509323783e-01,3.276385550831957261e-01,9.447814533130927117e-01
5.803756845976374423e-01,3.962889472032638416e+00,7.387238036098516814e-01,3.285290003905694811e-01,9.444711593658632331e-01
5.846089486393782897e-01,3.966718834687017470e+00,7.383943087841686737e-01,3.283709719903730728e-01,9.445182896789648952e-01
5.905673157353387159e-01,3.970738677759327651e+00,7.449070114922959895e-01,3.314450092618185240e-01,9.434442846512479663e-01
5.957878775045670761e-01,3.974834087651160974e+00,7.481147821232608797e-01,3.329559974892001839e-01,9.429064811322098727e-01
6.000950508369008451e-01,3.978094964060793881e+00,7.527447041724180110e-01,3.351390923831806812e-01,9.421365428576504719e-01
6.003514849732519698e-01,3.978441335927659583e+00,7.524677777448621763e-01,3.350081067787034628e-01,9.421814425424192008e-01
6.006079209427550580e-01,3.978787710270609068e+00,7.521908493376625593e-01,3.348771202378590384e-01,9.422263425481590682e-01
6.008643569122580352e-01,3.979134084613558109e+00,7.519139209304628313e-01,3.347461336970146140e-01,9.422712425538989356e-01
6.011207910486091599e-01,3.979480456480423811e+00,7.516369945029069966e-01,3.346151480925373956e-01,9.423161422386676644e-01
6.279871169363404615e-01,4.000831677771113704e+00,7.791280789158920861e-01,3.475357204142018319e-01,9.376276515746622131e-01
6.332579592570909410e-01,4.005258836724859606e+00,7.855792822510810902e-01,3.505591700661061516e-01,9.365040340564950716e-01
6.374870363265936479e-01,4.009138135598522723e+00,7.893070832072484055e-01,3.523021938996011015e-01,9.358438956051384761e-01
6.434629069644545174e-01,4.013927602143005480e+00,7.979268340887429867e-01,3.563319451287764172e-01,9.343159688545825681e-01
6.483667163880646456e-01,4.018267347725646310e+00,8.050759983639059758e-01,3.596687398180984929e-01,9.330344016043843336e-01
6.495166086152991403e-01,4.019038963408656961e+00,8.072891472473069374e-01,3.607024265125908791e-01,9.326395562061564615e-01
6.500371464123260168e-01,4.019498661926605543e+00,8.079378365607065016e-01,3.610049020088960670e-01,9.325225095493647753e-01
6.505576842093528933e-01,4.019958360444554124e+00,8.085865258741061767e-01,3.613073775052011993e-01,9.324054628925730892e-01
6.692323278826760591e-01,4.036913220136344904e+00,8.366031835910505698e-01,3.743335592728914141e-01,9.272543594381515986e-01
6.735039746176428865e-01,4.041746829125867357e+00,8.416329314417200225e-01,3.766605468675662260e-01,9.263007939529767087e-01
6.786454426619616953e-01,4.046079980411383836e+00,8.516209037435936713e-01,3.812858564426676589e-01,9.244181359615114557e-01
6.831051622945033541e-01,4.050509526515742920e+00,8.589604179590898392e-01,3.846757108882239984e-01,9.230127821319112913e-01
6.879261812400758735e-01,4.055423264450905840e+00,8.670326697438632824e-01,3.883962803367756456e-01,9.214486772808272441e-01
6.926849016241859447e-01,4.059905255768256005e+00,8.758060758810489732e-01,3.924351275257743077e-01,9.197371509178623450e-01
6.950635676555361187e-01,4.062241029587052132e+00,8.796041351332009040e-01,3.941808047193665065e-01,9.189897291714483885e-01
6.954557069516069667e-01,4.062635379954759429e+00,8.803064099975828061e-01,3.945033767221594601e-01,9.188510388638398974e-01
6.958478462476778148e-01,4.063029730322465838e+00,8.810086848619647082e-01,3.948259487249524136e-01,9.187123485562314062e-01
6.962399855437486629e-01,4.063424080690173135e+00,8.817109597263467213e-01,3.951485207277453671e-01,9.185736582486229151e-01
7.149098842408443399e-01,4.084226548975149917e+00,9.176263822402092041e-01,4.115744974091359309e-01,9.113191074749250609e-01
7.196362681911073755e-01,4.088646086755727715e+00,9.296075569521099480e-01,4.170308630169853870e-01,9.088468882637015245e-01
7.225955492501913158e-01,4.092007267601855069e+00,9.361769840396687581e-01,4.200144340711123858e-01,9.074732943393131190e-01
7.280066375821013791e-01,4.098392902273245042e+00,9.488458802284522875e-01,4.257550092933495289e-01,9.047960287878094032e-01
7.320476276420802009e-01,4.103283456623702641e+00,9.587989858581131841e-01,4.302531672207235980e-01,9.026674757313496444e-01
7.338034453463667672e-01,4.105383355283079183e+00,9.633179161549371150e-01,4.322912342588838830e-01,9.016922404530569590e-01
7.341169480836143846e-01,4.105750327993233029e+00,9.640715380945727997e-01,4.326308570211770399e-01,9.015290468177110661e-01
7.344304530619762961e-01,4.106117303326737300e+00,9.648251654215707074e-01,4.329704822113067397e-01,9.013658520157546983e-01
7.347439580403380965e-01,4.106484278660241571e+00,9.655787927485686151e-01,4.333101074014363840e-01,9.012026572137983305e-01
7.504885312105821216e-01,4.127184153597578842e+00,1.007907669884505752e+00,4.522797066963040735e-01,8.918201347070846552e-01
7.534483542183062488e-01,4.130329856966130642e+00,1.017526445255709566e+00,4.565669887778606717e-01,8.896413035884829235e-01
7.569540929943713303e-01,4.135796835426898355e+00,1.027625509609485288e+00,4.610477517500423672e-01,8.873136156042670253e-01
7.615791177078217178e-01,4.141447532217166660e+00,1.043434495291797770e+00,4.680509993581294381e-01,8.836490600061562839e-01
7.641741518308006187e-01,4.146713972787297919e+00,1.053230073018936563e+00,4.723686566849723545e-01,8.813373976938468912e-01
7.671803194256608949e-01,4.149777074108005337e+00,1.062680926645704904e+00,4.765353050495035880e-01,8.791087836552309298e-01
7.674088512390745409e-01,4.150111928000386641e+00,1.063496775240778680e+00,4.768937578734509519e-01,8.789141040056677179e-01
7.676373846861770378e-01,4.150446784286514479e+00,1.064312629668049848e+00,4.772522132598439049e-01,8.787194229644123000e-01
7.678659181332794237e-01,4.150781640572642317e+00,1.065128484095321015e+00,4.776106686462369133e-01,8.785247419231568822e-01
7.680944499466930697e-01,4.151116494465024509e+00,1.065944332690394791e+00,4.779691214701842772e-01,8.783300622735937813e-01
7.835292251376558825e-01,4.175496631875662779e+00,1.125685845084672732e+00,5.039849544390321290e-01,8.636571819836148522e-01
7.861426211410884601e-01,4.180413515319316708e+00,1.135895400787636289e+00,5.083845670309178333e-01,8.610688488563676968e-01
7.887463005324388821e-01,4.184546764386825934e+00,1.147411445309442835e+00,5.133356839405284200e-01,8.581298292538472872e-01
7.919376454186044523e-01,4.190545566508875552e+00,1.160464812859097306e+00,5.189230066182471957e-01,8.547571779380931378e-01
7.945428452584544221e-01,4.195324689889969427e+00,1.171398801563873660e+00,5.235846279750442367e-01,8.519016869656600432e-01
7.949147410467120034e-01,4.195796210005707572e+00,1.173002737776216886e+00,5.242683253871861515e-01,8.514825940392150017e-01
7.951816600303298621e-01,4.196091230167959374e+00,1.174175398282524929e+00,5.247682586548780836e-01,8.511763046512654807e-01
7.954485790139476098e-01,4.196386250330212064e+00,1.175348058788832750e+00,5.252681919225700158e-01,8.508700152633159597e-01
7.957154960894747830e-01,4.196681268383490426e+00,1.176520710912287937e+00,5.257681216164509230e-01,8.505637280648994381e-01
8.072213444479958699e-01,4.221650424060923612e+00,1.228652307759862561e+00,5.477435923544775598e-01,8.365503891887088317e-01
8.095796257129981299e-01,4.226971076036152297e+00,1.244156692661179120e+00,5.542162976881466196e-01,8.322852354358959426e-01
8.116011006047146870e-01,4.232478899732795341e+00,1.255328535307858484e+00,5.588536999698564545e-01,8.291719867725197979e-01
8.143212333835530004e-01,4.237255467791802843e+00,1.267722164964530496e+00,5.639981352011288473e-01,8.257178341751648665e-01
8.175836731901942045e-01,4.241698737082117532e+00,1.279307144187312284e+00,5.687828320068507582e-01,8.224532756864542105e-01
8.184022914370545632e-01,4.243530993177950350e+00,1.282874600343413718e+00,5.702490335559089463e-01,8.214375212783876501e-01
8.185751901670391684e-01,4.243943082354888929e+00,1.283749876823844227e+00,5.706082714716609328e-01,8.211875922406751682e-01
8.187480888970237736e-01,4.244355171531827509e+00,1.284625153304274736e+00,5.709675093874129193e-01,8.209376632029627974e-01
8.189209863910287268e-01,4.244767257762915413e+00,1.285500423527724756e+00,5.713267447351253470e-01,8.206877359518870430e-01
8.278461975746347346e-01,4.268193661940149930e+00,1.337114910664608525e+00,5.923200799930328220e-01,8.056802111855552173e-01
8.300622548909135645e-01,4.273080364218569294e+00,1.350360259924115791e+00,5.976476813171357483e-01,8.017463691526975911e-01
8.306142901412509882e-01,4.279845319677480830e+00,1.363328074967968373e+00,6.028093797390104980e-01,7.978224781589905446e-01
8.322715371805342599e-01,4.285392754563394746e+00,1.375857811341975934e+00,6.077957357381185144e-01,7.940302933402711982e-01
8.339821204677071442e-01,4.290676588221087329e+00,1.388132052837283803e+00,6.126615811927828004e-01,7.902907403042112033e-01
8.344766228684442622e-01,4.292441222058172023e+00,1.391784475212555439e+00,6.141042490046997315e-01,7.891711552460579648e-01
8.345791514374506503e-01,4.292811842306272219e+00,1.392534839914380651e+00,6.144002362752339907e-01,7.889406309838735698e-01
8.346816807393955262e-01,4.293182465203798870e+00,1.393285209980283268e+00,6.146962256616708142e-01,7.887101050737571617e-01
8.347842100413404021e-01,4.293553088101324633e+00,1.394035580046185885e+00,6.149922150481076377e-01,7.884795791636407536e-01
8.403482092623536515e-01,4.318908344112877273e+00,1.445712797264929517e+00,6.351447665058681524e-01,7.723116650875990752e-01
8.420270903796039930e-01,4.323997304167263245e+00,1.458199570825156277e+00,6.399659501812563489e-01,7.683452997406412521e-01
8.423790351900019013e-01,4.329258559390490646e+00,1.467734318609967392e+00,6.436107581444547865e-01,7.652726652423311737e-01
8.446581733739289000e-01,4.334769575348156323e+00,1.479552663230016218e+00,6.481364691401898526e-01,7.614735610516341069e-01
8.458800285035549260e-01,4.340394614472256940e+00,1.490392100614083448e+00,6.522542188028013221e-01,7.579500457269235936e-01
8.464366089098143142e-01,4.343747957630577083e+00,1.497633518867529379e+00,6.549935394896665430e-01,7.555826351349841374e-01
8.464955750905629461e-01,4.344194088219509808e+00,1.498599203397599000e+00,6.553581484388684153e-01,7.552661249033625346e-01
8.465545416928389466e-01,4.344640221997663865e+00,1.499564894830987205e+00,6.557227599945236740e-01,7.549496124091272797e-01
8.466135082951148361e-01,4.345086355775817033e+00,1.500530586264375410e+00,6.560873715501790437e-01,7.546330999148921359e-01
8.495251356437518719e-01,4.366241113601285306e+00,1.546854004324402787e+00,6.733903800046376897e-01,7.392380931223854201e-01
8.500625227699531994e-01,4.371320827089600236e+00,1.557705285039676646e+00,6.773889952059618524e-01,7.355711651532274020e-01
8.506491794449798638e-01,4.378652151587750119e+00,1.574264016879781458e+00,6.834535976419681136e-01,7.299353518936873009e-01
8.511808598866963393e-01,4.384357366157741964e+00,1.587038454139078070e+00,6.881057997586771391e-01,7.255592487539086477e-01
8.505180300625673206e-01,4.391556309730041185e+00,1.601660589513683952e+00,6.933750818518139569e-01,7.204915554966683233e-01
8.518435294610302577e-01,4.395359787894674852e+00,1.610242477352493928e+00,6.964801067767636411e-01,7.175301313957307414e-01
8.518777705841312775e-01,4.395717247672257244e+00,1.610914982795712325e+00,6.967210944489835578e-01,7.172956461886107471e-01
8.519120119520091627e-01,4.396074710005185793e+00,1.611587493046421571e+00,6.969620838439344324e-01,7.170611593052433896e-01
8.519462533198871590e-01,4.396432172338115230e+00,1.612260003297130595e+00,6.972030732388853069e-01,7.168266724218761432e-01
8.519804944429880678e-01,4.396789632115697621e+00,1.612932508740348991e+00,6.974440609111051126e-01,7.165921872147561489e-01
8.522472993693599452e-01,4.423529198468623136e+00,1.673124118727382648e+00,7.186975928893962751e-01,6.952867105278778270e-01
8.522090953329179985e-01,4.428709612473017643e+00,1.685528960947131338e+00,7.229967017779873606e-01,6.908161789860444157e-01
8.520627232975026555e-01,4.433899970127368029e+00,1.698503740421599684e+00,7.274582872067587580e-01,6.861068221532763411e-01
8.517876554394913091e-01,4.439205378245716815e+00,1.712978814661446858e+00,7.324036363284986972e-01,6.808227018213043324e-01
8.515413920543896120e-01,4.443889855357950225e+00,1.726175557573887076e+00,7.368795348305660076e-01,6.759748359067397905e-01
8.512770074510644935e-01,4.448906068908011768e+00,1.739842849828145965e+00,7.414800887907694316e-01,6.709220900364010198e-01
8.508400345138049659e-01,4.454761822106360292e+00,1.755320060343351418e+00,7.466481606938712989e-01,6.651625434993878594e-01
8.505277463091306389e-01,4.458431825377909163e+00,1.765113307627613981e+00,7.498982679384743610e-01,6.615003112053723378e-01
8.493559477965388904e-01,4.462146761024035513e+00,1.774140186552158216e+00,7.528590384170495975e-01,6.580939035805755122e-01
8.495813326161623102e-01,4.462263531034370345e+00,1.774638053540102289e+00,7.530280823368926679e-01,6.579110507672825126e-01
8.498067174357856191e-01,4.462380301044706066e+00,1.775135920528046585e+00,7.531971262567358494e-01,6.577281979539894019e-01
8.500321006442285166e-01,4.462497070220302398e+00,1.775633783956950706e+00,7.533661689681556695e-01,6.575453464478336896e-01
8.472044998763034185e-01,4.484663233480215005e+00,1.839105608572082051e+00,7.738504466337359222e-01,6.333089514992626956e-01
8.463790658690131252e-01,4.489413566226550856e+00,1.853255205014011420e+00,7.783079260752588935e-01,6.278153667542698546e-01
8.461954644686767724e-01,4.490413530859345137e+00,1.856053706390176528e+00,7.791859515831861538e-01,6.267259599478260945e-01
8.461311124108881199e-01,4.490755077863970435e+00,1.857017633464309814e+00,7.794877368121495564e-01,6.263502005959542540e-01
8.460667603530994674e-01,4.491096624868595732e+00,1.857981560538443100e+00,7.797895220411130701e-01,6.259744412440824135e-01
8.460024087553363881e-01,4.491438169431646976e+00,1.858945480721870602e+00,7.800913051127419395e-01,6.255986845783548800e-01
8.403042368655462280e-01,4.514061188664550528e+00,1.923225449741222004e+00,7.997836535067666119e-01,6.002017486384692013e-01
8.397990193812695514e-01,4.518275142155565582e+00,1.935864056057482463e+00,8.035673391120201625e-01,5.951407805186355038e-01
8.387906830579849871e-01,4.522517715109193759e+00,1.948565469173365372e+00,8.073284296459614096e-01,5.900239519996646198e-01
8.374712480132593395e-01,4.527250245609308443e+00,1.961991083357325527e+00,8.112689280630858146e-01,5.845898187477871488e-01
8.361529316342742879e-01,4.531813416289764085e+00,1.974298768505845958e+00,8.148479224137072929e-01,5.795841574035259791e-01
8.355246625794822135e-01,4.534190897048476110e+00,1.980452735911569784e+00,8.166303414450022391e-01,5.770761962556197888e-01
8.354469326540487906e-01,4.534544686065838270e+00,1.981306988685738624e+00,8.168792604598740237e-01,5.767291079323744185e-01
8.353692021729531847e-01,4.534898477612306245e+00,1.982161247566641915e+00,8.171281812541749678e-01,5.763820171279240290e-01
8.352914716918575788e-01,4.535252269158774219e+00,1.983015506447545206e+00,8.173771020484759120e-01,5.760349263234737505e-01
8.281239265892229584e-01,4.555661757589080985e+00,2.039477048206173482e+00,8.333094516230259430e-01,5.527321463809842239e-01
8.262265676478008913e-01,4.560186391999995870e+00,2.053398943558257805e+00,8.371368094400879478e-01,5.469182015598713642e-01
8.243796974312459502e-01,4.563953838130885288e+00,2.066572569724868913e+00,8.407237190781580161e-01,5.413940209521949098e-01
8.164747752669027081e-01,4.570338955144030102e+00,2.115940545095911673e+00,8.537812712197042631e-01,5.204490724425759884e-01
8.145785659276334467e-01,4.574744742236390493e+00,2.129785496337258444e+00,8.573617156056668742e-01,5.145252526244242786e-01
8.129700335380179999e-01,4.578068023580372348e+00,2.140016232209530855e+00,8.599785681075912125e-01,5.101305023841880004e-01
8.128214132702821226e-01,4.578372445373075195e+00,2.140928654068858794e+00,8.602117686765693438e-01,5.097384499977827277e-01
8.126727919401153244e-01,4.578676869341975930e+00,2.141841082450750111e+00,8.604449709126112955e-01,5.093463948087412207e-01
8.125241706099485262e-01,4.578981293310876666e+00,2.142753510832641428e+00,8.606781731486533582e-01,5.089543396196996028e-01
8.103167626459740758e-01,4.583689814312606359e+00,2.155701906324303696e+00,8.639213318544397557e-01,5.033518013306196304e-01
8.018934069208244475e-01,4.600732682654371963e+00,2.201413934943931672e+00,8.752564478642259616e-01,4.835078060131484667e-01
8.015545207400814887e-01,4.603459107460129651e+00,2.206108147262859198e+00,8.764143676363165270e-01,4.814661627043828052e-01
7.988748550613984367e-01,4.607789169723310430e+00,2.221478387961628886e+00,8.800915788339018775e-01,4.747182806744740247e-01
7.960547386872830478e-01,4.612003261594542103e+00,2.233530568581466813e+00,8.829433119937105667e-01,4.694099221140723421e-01
7.913700742485501038e-01,4.616321017220940348e+00,2.260481882051826208e+00,8.891353075927989069e-01,4.574420231874888332e-01
7.912124610663514579e-01,4.616577804753038805e+00,2.261171176689412476e+00,8.892951440273235697e-01,4.571367023909925775e-01
7.910548467574350928e-01,4.616834594120814650e+00,2.261860476254509589e+00,8.894549816044592383e-01,4.568313794118718518e-01
7.908972324485187277e-01,4.617091383488591383e+00,2.262549775819606701e+00,8.896148191815949069e-01,4.565260564327510706e-01
7.907396192663201928e-01,4.617348171020688952e+00,2.263239070457193414e+00,8.897746556161194587e-01,4.562207356362548150e-01
7.786266807930100065e-01,4.637787530020866633e+00,2.312707149338539381e+00,9.007708947990377135e-01,4.340686619761706666e-01
7.757311248568138362e-01,4.641653658839842045e+00,2.325743835860608399e+00,9.035855444069609277e-01,4.281900335742258035e-01
7.726868278217869923e-01,4.645094391553631574e+00,2.342107047187731439e+00,9.070760140088015566e-01,4.207911076593611188e-01
7.702917196493764829e-01,4.648475821387625828e+00,2.353039923850459125e+00,9.093822399173269178e-01,4.158353086204524818e-01
7.671711779760324035e-01,4.652327521965547774e+00,2.366111076051932383e+00,9.120815598661157209e-01,4.098836026510441211e-01
7.668782132432825360e-01,4.652681049890927234e+00,2.367710922607467072e+00,9.124087046649603794e-01,4.091536870624531974e-01
7.667195235490923411e-01,4.652875250708617294e+00,2.368799304617345225e+00,9.126292382905401013e-01,4.086562131388754016e-01
7.665608338549021461e-01,4.653069451526307354e+00,2.369887686627223378e+00,9.128497719161199342e-01,4.081587392152976057e-01
7.664021452951171876e-01,4.653263650955738129e+00,2.370976060856720302e+00,9.130703039651982822e-01,4.076612688479500091e-01
7.510869249187043240e-01,4.670188931566051416e+00,2.436517254532661436e+00,9.259312215856346784e-01,3.775235411823780751e-01
7.474716679278485820e-01,4.673786282234527967e+00,2.450502378675627924e+00,9.285469868731396348e-01,3.710391559961997987e-01
7.438603237872206675e-01,4.677328623607708735e+00,2.462392859213719198e+00,9.307471904731626777e-01,3.655164023380600424e-01
7.403187892671460046e-01,4.680797859985815101e+00,2.478546066080108634e+00,9.336591173506697539e-01,3.579835242626013270e-01
7.369191607318731352e-01,4.683988260774179402e+00,2.491758637895526984e+00,9.359972354035682729e-01,3.518053104159374889e-01
7.355259800569822204e-01,4.685276714856761338e+00,2.497961805253866796e+00,9.370862210302428608e-01,3.489014284431661284e-01
7.352558429048476896e-01,4.685516681016629548e+00,2.499046581381137333e+00,9.372749007410137168e-01,3.483929558532944393e-01
7.349857057527131587e-01,4.685756647176497758e+00,2.500131357508407426e+00,9.374635804517845727e-01,3.478844832634227502e-01
7.347155686005786279e-01,4.685996613336365968e+00,2.501216133635677519e+00,9.376522601625554287e-01,3.473760106735510056e-01
7.190594567215587984e-01,4.699935864212436698e+00,2.558326009010070123e+00,9.471960970031745308e-01,3.204661852117334786e-01
7.156649169117625942e-01,4.703564650832860572e+00,2.574660529224632288e+00,9.498008650902090011e-01,3.127258580725020276e-01
7.119360750293531881e-01,4.706544678128726567e+00,2.587760883356806207e+00,9.518206796146764237e-01,3.064951917510417845e-01
7.079155020917259344e-01,4.709431816845131458e+00,2.601727414004736616e+00,9.539485417017966595e-01,2.998443359513872641e-01
7.041091595620257992e-01,4.711903070099952906e+00,2.617134300068669095e+00,9.562303883217871947e-01,2.924869252875821890e-01
7.027993960043299460e-01,4.712644361774962931e+00,2.622246536580903342e+00,9.569870964891369347e-01,2.900454335761426528e-01
7.025662582408908063e-01,4.712791116050714990e+00,2.623150066716585016e+00,9.571180224381913293e-01,2.896130676427203232e-01
7.023331188108368206e-01,4.712937871375558530e+00,2.624053603311267135e+00,9.572489493231863822e-01,2.891806986184750627e-01
7.020999793807827238e-01,4.713084626700402069e+00,2.624957139905949255e+00,9.573798762081815461e-01,2.887483295942298578e-01
7.018668416173436952e-01,4.713231380976154128e+00,2.625860670041630929e+00,9.575108021572359407e-01,2.883159636608074727e-01
6.748906865702205549e-01,4.732550306117483174e+00,2.699399544525137529e+00,9.672084838034002985e-01,2.528554960894223713e-01
6.711621763749441305e-01,4.734167735643239006e+00,2.717832835374533129e+00,9.695617806979432984e-01,2.439465003586670233e-01
6.660499488599854745e-01,4.737012710252952452e+00,2.735940099534023506e+00,9.717305896174959212e-01,2.351586129019318794e-01
6.644422559315666943e-01,4.735713000553952945e+00,2.741746565187730411e+00,9.725400919391815613e-01,2.323676974985731669e-01
6.624987035762531784e-01,4.735979150609314736e+00,2.754518922134332026e+00,9.740419502000937646e-01,2.261609922272002915e-01
6.620927590705624199e-01,4.736232199623295891e+00,2.755964487412339459e+00,9.742032790938979225e-01,2.254564798442303120e-01
6.616868116629258667e-01,4.736485250446230921e+00,2.757410063024154478e+00,9.743646091409821075e-01,2.247519624249639802e-01
6.612808642552892024e-01,4.736738301269165952e+00,2.758855638635969054e+00,9.745259391880664035e-01,2.240474450056976763e-01
6.608749197495984440e-01,4.736991350283147106e+00,2.760301203913976931e+00,9.746872680818705614e-01,2.233429326227276968e-01
6.374490404282461276e-01,4.751691465018589966e+00,2.853619435134367777e+00,9.839776906275309321e-01,1.776263982615007009e-01
6.354324718344103173e-01,4.752314038019404663e+00,2.863829171778796034e+00,9.848704943146855406e-01,1.726008395809340568e-01
6.278872964134089019e-01,4.755781612220997268e+00,2.880071339329085767e+00,9.862263677022516939e-01,1.645947836719887369e-01
6.219928606179936370e-01,4.759533781809272668e+00,2.877050832137544756e+00,9.858533895746353082e-01,1.660632864441543843e-01
6.173829717495661340e-01,4.760989541837373551e+00,2.891386185942331544e+00,9.870242145408218981e-01,1.589937462223983966e-01
6.170081910144159520e-01,4.761222004673556718e+00,2.890796522624571985e+00,9.869596124626869305e-01,1.592818779913018068e-01
6.166334076000981046e-01,4.761454469171529702e+00,2.890206855091529192e+00,9.868950099227358219e-01,1.595700118199517847e-01
6.162586241857801461e-01,4.761686933669503574e+00,2.889617187558486844e+00,9.868304073827847134e-01,1.598581456486017627e-01
6.011256364931182317e-01,4.761980155478094723e+00,2.938391123326558496e+00,9.906823120383650982e-01,1.357811024153545987e-01
5.967076337661111340e-01,4.763258130641248478e+00,2.950262982667596123e+00,9.914775024722104479e-01,1.298990043809482853e-01
5.920335873316974196e-01,4.764059564136575275e+00,2.967728289553516863e+00,9.925880424365274290e-01,1.212376288897069471e-01
5.868671023241568419e-01,4.765928386311377274e+00,2.980532517345882759e+00,9.933305755648815794e-01,1.148789879105190370e-01
5.818376290930828976e-01,4.767322150923386737e+00,2.995115655677039967e+00,9.941328241757457773e-01,1.076320864884852679e-01
5.772877586621467660e-01,4.768257207924144758e+00,3.006895830675307302e+00,9.947615049143432309e-01,1.017759400755390981e-01
5.735756801775802050e-01,4.768868645005389872e+00,3.018860127252669834e+00,9.953569468850670399e-01,9.582377988603242580e-02
5.675307683950154836e-01,4.770390641652730856e+00,3.034548201175524262e+00,9.960682758358394562e-01,8.801243503225286702e-02
5.628836925134026448e-01,4.770734196521436488e+00,3.052455576844386620e+00,9.968371766740758977e-01,7.909219224076977084e-02
5.615006488932858808e-01,4.771266367514112261e+00,3.053271746124207375e+00,9.968625239978706754e-01,7.868486045040085086e-02
5.607967277804498663e-01,4.771578857582700728e+00,3.054529563943582104e+00,9.969040080762884282e-01,7.805730043469370771e-02
5.600928066676137407e-01,4.771891347651290083e+00,3.055787381762956834e+00,9.969454921547061810e-01,7.742974041898656457e-02
5.433959688500311636e-01,4.774139328109315628e+00,3.106436120765957654e+00,9.986020421767047850e-01,5.216140534486908564e-02
5.391470110886550371e-01,4.774257238368540435e+00,3.122404480665522453e+00,9.989928423928889911e-01,4.418708023166983273e-02
5.337089081409335245e-01,4.775200631607160240e+00,3.133695131992052740e+00,9.992210125797146292e-01,3.854656661718049854e-02
5.324364047827587765e-01,4.775283337272181683e+00,3.137604704334097327e+00,9.992852976220023553e-01,3.659289110108276261e-02
5.320016787270389624e-01,4.775372362947665650e+00,3.138484327079308578e+00,9.992992920425700643e-01,3.615331900816837890e-02
5.315669495636247133e-01,4.775461389259560541e+00,3.139363956112615206e+00,9.993132865631786377e-01,3.571374377291702124e-02
5.311322204002104641e-01,4.775550415571455432e+00,3.140243585145921834e+00,9.993272810837872111e-01,3.527416853766565663e-02
5.088912302757528927e-01,4.776224899369744037e+00,3.205434201466991873e+00,9.999745285808379069e-01,2.687895215618722571e-03
5.035451181956022149e-01,4.777272615351749963e+00,3.217458232296736664e+00,9.999525613031496896e-01,-3.323918363855913206e-03
5.000603155001528410e-01,4.776451515109169321e+00,3.233522832256372048e+00,9.999141243531004530e-01,-1.135587181021288986e-02
4.943411194357151817e-01,4.776419803201745751e+00,3.247923813737846999e+00,9.997994735041331182e-01,-1.855525746774393595e-02
4.897627789770321316e-01,4.776096531292934877e+00,3.263169534779981174e+00,9.996341764893994508e-01,-2.617611182983406101e-02
4.862784711775894886e-01,4.777089191536771473e+00,3.266952365131224667e+00,9.995652752660066920e-01,-2.806629654605598267e-02
4.860009950016960234e-01,4.776969179638196117e+00,3.268368320343237432e+00,9.995472513781346047e-01,-2.877402308169342213e-02
4.857235168422288640e-01,4.776849166881700803e+00,3.269784285677386215e+00,9.995292273614163614e-01,-2.948175467660395579e-02
4.854460386827617047e-01,4.776729154125205490e+00,3.271200251011534998e+00,9.995112033446982291e-01,-3.018948627151449293e-02
4.638762555312159752e-01,4.775162618678741921e+00,3.334840728717937797e+00,9.980530746428711852e-01,-6.197403575685857258e-02
4.600388597031192517e-01,4.775065095403125071e+00,3.345005711765903111e+00,9.977156469464005806e-01,-6.704517665379974845e-02
4.547195641345884720e-01,4.774747911468728567e+00,3.358869681074090785e+00,9.972263685706308500e-01,-7.395961100185723114e-02
4.507323953522619497e-01,4.774320370977296335e+00,3.370495116637497457e+00,9.967714284849541473e-01,-7.975427302890812642e-02
4.470341638119051941e-01,4.773743724502284458e+00,3.382902105401432991e+00,9.962614124194200116e-01,-8.593648408285875506e-02
4.412242249164265440e-01,4.772418428660831324e+00,3.399815943098305038e+00,9.955041925212824161e-01,-9.435911569538356358e-02
4.408313819374305442e-01,4.772334063211626010e+00,3.401498362871247405e+00,9.954253284527465606e-01,-9.519659574571547045e-02
4.404385361501465534e-01,4.772249697159324455e+00,3.403180794671180731e+00,9.953464638204408965e-01,-9.603408178287996255e-02
4.400456903628625627e-01,4.772165331107022013e+00,3.404863226471114501e+00,9.952675991881352324e-01,-9.687156782004445466e-02
4.207252538203146153e-01,4.768787592036908052e+00,3.456773268877180616e+00,9.924104014117367534e-01,-1.226672459185467190e-01
4.159078261886398620e-01,4.767770748093247413e+00,3.471652809683535512e+00,9.914682037054628472e-01,-1.300468114480081983e-01
4.119412313300184758e-01,4.766519545853866724e+00,3.485981984123602384e+00,9.905136933513027930e-01,-1.371472424738646723e-01
4.063555052461285677e-01,4.765652626193636721e+00,3.497836409968269944e+00,9.896688601624135107e-01,-1.430136795571271269e-01
4.019387999486034868e-01,4.763327351491273731e+00,3.515349926984598028e+00,9.883989445929360906e-01,-1.516775013968069408e-01
3.974028513059432166e-01,4.762665198916299580e+00,3.523808149494637387e+00,9.877384600474379273e-01,-1.558545741727767608e-01
3.970592529955975225e-01,4.762581530194928803e+00,3.524788519809600729e+00,9.876619935625137181e-01,-1.563387386041236726e-01
3.967156522289956300e-01,4.762497860875441802e+00,3.525768897132865121e+00,9.875855265309591013e-01,-1.568229064965815656e-01
3.963720514623937374e-01,4.762414191555953913e+00,3.526749274456129957e+00,9.875090594994044846e-01,-1.573070743890394585e-01
3.960284531520480433e-01,4.762330522834583135e+00,3.527729644771092854e+00,9.874325930144801644e-01,-1.577912388203863980e-01
3.712754249600809797e-01,4.753986348400482065e+00,3.589483776191519926e+00,9.820926229367535898e-01,-1.882006065995643351e-01
3.663363130188905248e-01,4.751962922401647305e+00,3.605088499918529532e+00,9.805980627328616528e-01,-1.958581714840690879e-01
3.619394083685676944e-01,4.749679640518038148e+00,3.618509856882499598e+00,9.792662285536105626e-01,-2.024351411421272950e-01
3.571578506400628905e-01,4.747182229540054088e+00,3.633684279178396093e+00,9.777095359183933798e-01,-2.098607322969383293e-01
3.512824335565971068e-01,4.745567695763434735e+00,3.648199708030215316e+00,9.761457703208364922e-01,-2.169477601979449832e-01
3.503965527254028212e-01,4.745409638598699686e+00,3.649461210563935687e+00,9.760071531175785742e-01,-2.175630717286039240e-01
3.500353805804952145e-01,4.745223103729039771e+00,3.650173068208015792e+00,9.759300763736586948e-01,-2.179105414797883333e-01
3.496742084355876079e-01,4.745036568859379855e+00,3.650884925852095897e+00,9.758529996297389264e-01,-2.182580112309727427e-01
3.343196823653920013e-01,4.737908588672955723e+00,3.665603809863697382e+00,9.742060747179309699e-01,-2.254304711961268026e-01
3.209787834838592757e-01,4.730859551149197095e+00,3.677160406666414971e+00,9.729154512370149499e-01,-2.310626353594530391e-01
3.138991909520145729e-01,4.727941875339992883e+00,3.680621985829942489e+00,9.725064105741333398e-01,-2.327443662632118215e-01
3.076920920363904188e-01,4.725104423491965022e+00,3.684712749962345324e+00,9.720252975545804475e-01,-2.347322940706021710e-01
3.018116632838667157e-01,4.722394784602655271e+00,3.689965824262788185e+00,9.714051718636645960e-01,-2.372844829883916651e-01
2.956421427804336588e-01,4.720211079043616031e+00,3.693402007129171771e+00,9.709770102073752573e-01,-2.389484129778158827e-01
2.942003657436280117e-01,4.717904248360319741e+00,3.697242485858952765e+00,9.705349698393715974e-01,-2.408170869011069248e-01
2.940527847517188098e-01,4.717377376515632825e+00,3.697663929096724811e+00,9.704872979293818203e-01,-2.410223644569257084e-01
2.939052027048081883e-01,4.716850500904535615e+00,3.698085375347238024e+00,9.704396256786033126e-01,-2.412276434801972069e-01
2.937576206578975668e-01,4.716323625293438404e+00,3.698506821597750793e+00,9.703919534278246939e-01,-2.414329225034687054e-01
2.659773938283602202e-01,4.704781533041479946e+00,3.713040235014486434e+00,9.685980013236095143e-01,-2.484744657383393396e-01
2.596692622275668660e-01,4.701278878681234730e+00,3.716700973166800370e+00,9.681406952853861547e-01,-2.502467116836845640e-01
2.558405215888980844e-01,4.699507830212536597e+00,3.718258659603803196e+00,9.679349901675199375e-01,-2.509979404452234997e-01
2.477299660855672991e-01,4.695071967947274771e+00,3.725379684766176425e+00,9.670473486857752432e-01,-2.544458922732048545e-01
2.415869040732128714e-01,4.691903028456709812e+00,3.729114087255737786e+00,9.665578680150950230e-01,-2.562477531508122741e-01
2.374688900091322108e-01,4.689470376299035514e+00,3.732316106487149288e+00,9.661476524707182101e-01,-2.577952338295750878e-01
2.370732773610579325e-01,4.689154275837849717e+00,3.733065777160909260e+00,9.660538932731178585e-01,-2.581581499135452429e-01
2.366776618848963343e-01,4.688838173116979924e+00,3.733815453193785050e+00,9.659601334052678734e-01,-2.585210685918671314e-01
2.362820464087347638e-01,4.688522070396109243e+00,3.734565129226661284e+00,9.658663735374179993e-01,-2.588839872701890199e-01
2.176125812214718402e-01,4.675336454169371159e+00,3.753226301370560236e+00,9.634255602531802687e-01,-2.678893923397036025e-01
2.086542274607670056e-01,4.669786685538077187e+00,3.759156908298482147e+00,9.626434735106522700e-01,-2.707496529731572843e-01
2.047870153871749477e-01,4.668012396260071029e+00,3.759764884409829477e+00,9.625526725272622874e-01,-2.710398916358935373e-01
1.974029818969010863e-01,4.663341830427177648e+00,3.762732871067717255e+00,9.621484890110860722e-01,-2.724677592286828265e-01
1.897740699515879370e-01,4.658868817354963277e+00,3.764828810593087827e+00,9.618575332391605670e-01,-2.734745221364831558e-01
1.856418008727447888e-01,4.656744791835409458e+00,3.765283055739446549e+00,9.617969959283538817e-01,-2.736934299453289143e-01
1.851720610333518202e-01,4.656498517418161676e+00,3.765570842629196502e+00,9.617580325719566892e-01,-2.738319457699891490e-01
1.847023178359639140e-01,4.656252241240389722e+00,3.765858631576227911e+00,9.617190689370249679e-01,-2.739704625848474184e-01
1.842325746385760077e-01,4.656005965062617769e+00,3.766146420523258875e+00,9.616801053020933576e-01,-2.741089793997056878e-01
1.607081500349890335e-01,4.644969941995638507e+00,3.767625285429844428e+00,9.614433124644741202e-01,-2.748103449192655368e-01
1.558177220970679289e-01,4.638544813936904987e+00,3.775299946573324572e+00,9.604133185069331224e-01,-2.785068408679489682e-01
1.502595026611144025e-01,4.635179149677541410e+00,3.775481556188572174e+00,9.603782097873670986e-01,-2.785912030637586745e-01
1.445173570019100129e-01,4.631548373402924135e+00,3.778220414602968980e+00,9.600087566797936844e-01,-2.799098907441661122e-01
1.381633290281602811e-01,4.627977224554565616e+00,3.778304920821491386e+00,9.599956111914553780e-01,-2.799500680024273880e-01
1.325046911178880127e-01,4.624217039317011668e+00,3.781929336150029020e+00,9.594954699047033575e-01,-2.816918912847261591e-01
1.320810232530728323e-01,4.623895090231045835e+00,3.781737188509308289e+00,9.595214474177408137e-01,-2.815993905619676441e-01
1.316573523596140938e-01,4.623573138843586783e+00,3.781545039494995653e+00,9.595474251164818336e-01,-2.815068891779559657e-01
1.312336814661553275e-01,4.623251187456126843e+00,3.781352890480683016e+00,9.595734028152228534e-01,-2.814143877939442318e-01
1.091453993472190631e-01,4.613499016728706437e+00,3.774905353780248163e+00,9.604200604889683301e-01,-2.783033853525443968e-01
1.051811532048300551e-01,4.607298941990212171e+00,3.782448464376525710e+00,9.593976334747098544e-01,-2.819336778262895304e-01
9.915396311210324110e-02,4.603538975094307872e+00,3.782672062838922322e+00,9.593757552482948814e-01,-2.820437722277731041e-01
9.324562649005940784e-02,4.600271821041133080e+00,3.780887264715628415e+00,9.596238996400650034e-01,-2.811865866660970825e-01
8.697560776285021000e-02,4.596397147849764053e+00,3.782259274491345469e+00,9.594388973719972791e-01,-2.818472108365800977e-01
8.125296059245828983e-02,4.593133090677141261e+00,3.781008788721749170e+00,9.596108925604717177e-01,-2.812460893372971116e-01
7.941130095917980913e-02,4.591573580865015103e+00,3.782330580539558174e+00,9.594266702405193081e-01,-2.818807781789267608e-01
7.479951172208545995e-02,4.588693175145273528e+00,3.781437009147242456e+00,9.595461264110136668e-01,-2.814502219935592353e-01
6.507723797040347591e-02,4.582719733203680867e+00,3.781132553941128904e+00,9.595856967874669685e-01,-2.813031885129934628e-01
6.292902285132380424e-02,4.581680609797897930e+00,3.781577349509062103e+00,9.595234590021661791e-01,-2.815166931199969413e-01
6.237296316433172533e-02,4.581232378881900047e+00,3.781525252853350949e+00,9.595297559943709587e-01,-2.814913952003579301e-01
4.812338843329232174e-02,4.572634564149226755e+00,3.782078958805048963e+00,9.594450315175225841e-01,-2.817550492175300292e-01
4.350282720206299220e-02,4.569719939119626595e+00,3.782845926045467877e+00,9.593344269792599688e-01,-2.821222288466092576e-01
3.733302027625178682e-02,4.566347766188576074e+00,3.783136968759129193e+00,9.592753490468041155e-01,-2.822565300956076384e-01
3.237009635365894339e-02,4.563414882965870945e+00,3.781816582512867342e+00,9.594158236265020179e-01,-2.816097595862441794e-01
2.987744085274957398e-02,4.561261561070686810e+00,3.783903913176946521e+00,9.591194691740113631e-01,-2.826103487061507602e-01
2.938452747923784789e-02,4.561084993166439894e+00,3.783609087049018438e+00,9.591522005334106593e-01,-2.824663347231081145e-01
2.889161058207221494e-02,4.560908423999975092e+00,3.783314258813488706e+00,9.591849321267941209e-01,-2.823223197105632631e-01
2.839869368490658547e-02,4.560731854833509402e+00,3.783019430577958531e+00,9.592176637201775824e-01,-2.821783046980183562e-01
4.624214173765170410e-03,4.546131439122588880e+00,3.783443240805355323e+00,9.591908425656108239e-01,-2.823912945305268041e-01
-3.626285830609760584e-03,4.544215654931671899e+00,3.774639349214385931e+00,9.604245438601317630e-01,-2.781662255842249909e-01
-8.045857771044840831e-03,4.541169204358981304e+00,3.775738351117110536e+00,9.602830485037385788e-01,-2.786972760382308012e-01
-1.480389146071766499e-02,4.536991118064894302e+00,3.770653201652590436e+00,9.609911672361475254e-01,-2.762555380884147427e-01
-2.367883504306991793e-02,4.530617516917081034e+00,3.771686830183092809e+00,9.608367707719334128e-01,-2.767488456551862597e-01
-2.402183423288608774e-02,4.530283185716619698e+00,3.772244979551964139e+00,9.607631062422113954e-01,-2.770180221894952832e-01
-2.436483587467556250e-02,4.529948852126149283e+00,3.772803132910837132e+00,9.606894411858892813e-01,-2.772872006480469609e-01
-2.470783751646503379e-02,4.529614518535678869e+00,3.773361286269710124e+00,9.606157761295670561e-01,-2.775563791065985830e-01
-5.101119415488709896e-02,4.512079006415095961e+00,3.799819349022783843e+00,9.569040418996852537e-01,-2.902530875893868378e-01
-5.641602618251049389e-02,4.508170026140133402e+00,3.807081563038730465e+00,9.558488731980613329e-01,-2.937273467235421709e-01
-6.048445995262026476e-02,4.505857105096809256e+00,3.812089705265656381e+00,9.550871480197179464e-01,-2.961127320847856126e-01
-6.609793208795702868e-02,4.502573941588905448e+00,3.822829276426468859e+00,9.534787121702025248e-01,-3.012356035906771923e-01
-7.199615390016747551e-02,4.498232248505335207e+00,3.838439162290136153e+00,9.511118001105152153e-01,-3.086724941020556612e-01
-7.681552037706432245e-02,4.495338571907352865e+00,3.847720111451164104e+00,9.496556060717570302e-01,-3.130782897140682586e-01
-7.715740316388522424e-02,4.495060910899916884e+00,3.848637321335092842e+00,9.495108586140971196e-01,-3.135134196515611538e-01
-7.749928839469867603e-02,4.494783247907585100e+00,3.849554537775812246e+00,9.493661101216915865e-01,-3.139485526996357301e-01
-7.784117362551212782e-02,4.494505584915254204e+00,3.850471754216532094e+00,9.492213616292860534e-01,-3.143836857477103064e-01
-9.470680324666036487e-02,4.481591957167020190e+00,3.903034018486248868e+00,9.406489989627968562e-01,-3.392249368474018478e-01
-9.946279734061429234e-02,4.478142491720526586e+00,3.916407676738863142e+00,9.383628184602018640e-01,-3.455084315542298889e-01
-1.031432617943358887e-01,4.474754697484724986e+00,3.927599997549244826e+00,9.364112789893896949e-01,-3.507529701685196954e-01
-1.076525673242874487e-01,4.470952742098428523e+00,3.939711751641462367e+00,9.342660325690721468e-01,-3.564157839882365897e-01
-1.123827047078802682e-01,4.466885236387712510e+00,3.952140491097478670e+00,9.320297383391364932e-01,-3.622134288254873491e-01
-1.166460959928032753e-01,4.463067659240513407e+00,3.964639281055805320e+00,9.297555790071860837e-01,-3.680339601732925958e-01
-1.175835346841386797e-01,4.462416965600948693e+00,3.966519064045333831e+00,9.294051699874751327e-01,-3.689060462557023357e-01
-1.179923059358397586e-01,4.462145489145242117e+00,3.967159280550440759e+00,9.292856405430205413e-01,-3.692029838871155878e-01
-1.184010771875408374e-01,4.461874012689535540e+00,3.967799497055547686e+00,9.291661110985658389e-01,-3.694999215185287844e-01
-1.188098455171095469e-01,4.461602538174498811e+00,3.968439708984018655e+00,9.290465825085765239e-01,-3.697968570272607836e-01
-1.369152321532934313e-01,4.444518814528996664e+00,4.027192185872661589e+00,9.177850491669070632e-01,-3.969257021708174626e-01
-1.442832891921235483e-01,4.436977794109058237e+00,4.053118736417755663e+00,9.125602901198226480e-01,-4.087884841126245838e-01
-1.477915335390040108e-01,4.433043399811040786e+00,4.066188577553930372e+00,9.098705819476987644e-01,-4.147437373854472309e-01
-1.513156934169930801e-01,4.429177022468847369e+00,4.078243176715717233e+00,9.073554820234692730e-01,-4.202207865664505659e-01
-1.520564158383177489e-01,4.428394633609141096e+00,4.080595138788409848e+00,9.068571357920404141e-01,-4.212858842236638646e-01
-1.523403934995684050e-01,4.428093743761135848e+00,4.081620273218222295e+00,9.066408139748870498e-01,-4.217505306883016503e-01
-1.526243711608190612e-01,4.427792853913129711e+00,4.082645407648035629e+00,9.064244921577336855e-01,-4.222151771529394360e-01
-1.594735213707862975e-01,4.419537383887310433e+00,4.109306068314827698e+00,9.006657986452966114e-01,-4.342362178542197304e-01
-1.681624710771780218e-01,4.408692724022419185e+00,4.144315266249024354e+00,8.929843491289862767e-01,-4.499634319453642006e-01
-1.713471993386431191e-01,4.404561317115631702e+00,4.157155100432453843e+00,8.900739299917401759e-01,-4.556853151155197956e-01
-1.738705071028341376e-01,4.400714449787082039e+00,4.169126084572492452e+00,8.873327881193414646e-01,-4.610058309569204926e-01
-1.778111938508397383e-01,4.395905705552248577e+00,4.185045162149147124e+00,8.836491136174480232e-01,-4.680612231016586522e-01
-1.814542251254379068e-01,4.391661235901699989e+00,4.199521339558229371e+00,8.802395800590115948e-01,-4.744456195993622671e-01
-1.825933874543494984e-01,4.390033529368340126e+00,4.205502426425927531e+00,8.788189425512473729e-01,-4.770770546900226505e-01
-1.828725591530344086e-01,4.389668256104016564e+00,4.206905210748662860e+00,8.784848432597038848e-01,-4.776937355869541046e-01
-1.831517328474136785e-01,4.389302980228490192e+00,4.208308005099380189e+00,8.781507415798091021e-01,-4.783104208923073530e-01
-1.834309065417929485e-01,4.388937704352964708e+00,4.209710799450097518e+00,8.778166398999143194e-01,-4.789271061976606014e-01
-1.946050636693954505e-01,4.371593894935704938e+00,4.263849990716215288e+00,-8.645319567015650186e-01,5.025107066462346506e-01
-1.975011968047957478e-01,4.367053982375773025e+00,4.278401852508595837e+00,-8.608560214376388409e-01,5.087894846591902720e-01
-2.001178729644904064e-01,4.362976871547658675e+00,4.293277494345345779e+00,-8.570480972877743131e-01,5.151783308298657493e-01
-2.030010647440808336e-01,4.358530419367590447e+00,4.307745140328706590e+00,-8.532962804064159190e-01,5.213628681228866801e-01
-2.053387581263305950e-01,4.354184599560676716e+00,4.322933415323960027e+00,-8.493092689871777345e-01,5.278258715445579563e-01
-2.073798668702192816e-01,4.350822017854764745e+00,4.334347484336118939e+00,-8.462817917954961189e-01,5.326634378448156237e-01
-2.079593982715321476e-01,4.349470292151405459e+00,4.338828476077474683e+00,-8.450824215537545703e-01,5.345557813821003590e-01
-2.085389338156988792e-01,4.348118556785062871e+00,4.343309499851769395e+00,-8.438830427381623922e-01,5.364481384470434211e-01
-2.091184693598656108e-01,4.346766821418720284e+00,4.347790523626064996e+00,-8.426836639225701031e-01,5.383404955119864832e-01
-2.156183100197553992e-01,4.332841875111203223e+00,4.392374876276526230e+00,-8.304773623311761943e-01,5.569923352203222100e-01
-2.172122508585913603e-01,4.327682418020567745e+00,4.408768592332791947e+00,-8.258906092774032093e-01,5.637854247315411405e-01
-2.188978538487436620e-01,4.323655755477918916e+00,4.420633100661348180e+00,-8.225316185037223615e-01,5.686748849458025390e-01
-2.208353761517592162e-01,4.318978285937071782e+00,4.433997851305244708e+00,-8.187132035728179602e-01,5.741586257945335836e-01
-2.226872064989091071e-01,4.313961525957203946e+00,4.449433603722571462e+00,-8.142585087190119530e-01,5.804608547222395165e-01
-2.243890776950419608e-01,4.309434990939693400e+00,4.463262544875847837e+00,-8.102265550643049652e-01,5.860778655577868479e-01
-2.246092267298069600e-01,4.308961336172560941e+00,4.464547193305437922e+00,-8.098491835255570148e-01,5.865976262962385723e-01
-2.247957151681055921e-01,4.308575336680377177e+00,4.465556175178533316e+00,-8.095524705313109637e-01,5.870056222624387976e-01
-2.249822036064042519e-01,4.308189337188192525e+00,4.466565157051628709e+00,-8.092557575370649126e-01,5.874136182286390229e-01
-2.302351515024756989e-01,4.291768306157887736e+00,4.516540027419900127e+00,-7.943271484366208890e-01,6.074497063104415950e-01
-2.319426281245655086e-01,4.286408311292053241e+00,4.533038250153092363e+00,-7.892911099338502101e-01,6.139829039443628345e-01
-2.335120650449642732e-01,4.281755451286331393e+00,4.548022091729871264e+00,-7.846698872188088147e-01,6.198795522556213022e-01
-2.340613650711441396e-01,4.277369832214568568e+00,4.560781924968179801e+00,-7.806951900095556729e-01,6.248698466495464787e-01
-2.354927455921456969e-01,4.272381213929752342e+00,4.575091154645102520e+00,-7.762028464550549955e-01,6.304380102424997911e-01
-2.363584442809373298e-01,4.267457726078792923e+00,4.589967479615615353e+00,-7.714961026127851174e-01,6.361973196933302654e-01
-2.364803252790648735e-01,4.267033906026902024e+00,4.591157835306479917e+00,-7.711166592781617535e-01,6.366558401748295681e-01
-2.366071640993447911e-01,4.266660264896173338e+00,4.592185302005829861e+00,-7.707887836490698863e-01,6.370513234608689013e-01
-2.367340029196247086e-01,4.266286623765445540e+00,4.593212768705179805e+00,-7.704609080199780191e-01,6.374468067469081234e-01
-2.368608408331877024e-01,4.265912985305718941e+00,4.594240228059605968e+00,-7.701330347347300487e-01,6.378422872058051585e-01
-2.402501464801935216e-01,4.243278980214312490e+00,4.656405590325941368e+00,-7.499470377476413763e-01,6.614757718181984991e-01
-2.409346470522962524e-01,4.237558388724363745e+00,4.667057123553776776e+00,-7.464138611951661728e-01,6.654606884572615844e-01
-2.418663025160846247e-01,4.231777024799133535e+00,4.674640823897096453e+00,-7.438843672289759956e-01,6.682854618233210475e-01
-2.424299206029771891e-01,4.224670795330890627e+00,4.685542435563670338e+00,-7.402351307895210786e-01,6.723343622769991645e-01
-2.428686081413660158e-01,4.217854658067603069e+00,4.691566516898697081e+00,-7.382058158590556474e-01,6.745601403564774889e-01
-2.433156494455356034e-01,4.215164188195660522e+00,4.694818658688862278e+00,-7.371074399622522533e-01,6.757591470171693260e-01
-2.434463576115740435e-01,4.214621325166293175e+00,4.695272370698394759e+00,-7.369528716946720515e-01,6.759252002823747940e-01
-2.435770667119964150e-01,4.214078458256199866e+00,4.695726085951344331e+00,-7.367983023221409411e-01,6.760912547346330514e-01
-2.437077758124187865e-01,4.213535591346106557e+00,4.696179801204294790e+00,-7.366437329496099418e-01,6.762573091868914199e-01
-2.463371988330346207e-01,4.182947560176462076e+00,4.722985832859801114e+00,-7.275158261003128457e-01,6.860712885604968170e-01
-2.469034213416801404e-01,4.176459481293148812e+00,4.723528529307878365e+00,-7.273266923633898706e-01,6.862658962704039078e-01
-2.473829060261277801e-01,4.170833998099155338e+00,4.723735847988764114e+00,-7.272593577781251151e-01,6.863448799230067454e-01
-2.481760235670088799e-01,4.163099280922994083e+00,4.723064978922893786e+00,-7.274873801659847983e-01,6.860988557563283408e-01
-2.486738690727421652e-01,4.156354624107096996e+00,4.724685050785985219e+00,-7.269357247019860857e-01,6.866920285540827340e-01
-2.490542888217789630e-01,4.152052944495766340e+00,4.723857107302169567e+00,-7.272175109140481819e-01,6.863887522913315609e-01
-2.490954900164812635e-01,4.151514504803460071e+00,4.723694686217507765e+00,-7.272732953683940238e-01,6.863297346099908047e-01
-2.491366915057155462e-01,4.150976061262048766e+00,4.723532263971758738e+00,-7.273290802215220952e-01,6.862707165067546411e-01
-2.491778929949498289e-01,4.150437617720637462e+00,4.723369841726009710e+00,-7.273848650746501665e-01,6.862116984035185885e-01
-2.512638994885875166e-01,4.122892148563681580e+00,4.720546770265238834e+00,-7.283516351703881453e-01,6.851832344338175673e-01
-2.517013706356207581e-01,4.116290354590134370e+00,4.720651401945851866e+00,-7.283170683211342977e-01,6.852225420882050999e-01
-2.520841142746691466e-01,4.111164392323657601e+00,4.720770461714189459e+00,-7.282762475491733056e-01,6.852658708870504878e-01
-2.527234335577273616e-01,4.103370886020488051e+00,4.720740405986425969e+00,-7.282862461798997877e-01,6.852546447081274694e-01
-2.532119276670063979e-01,4.096190272537677757e+00,4.720417753404791306e+00,-7.283959819460024132e-01,6.851363875067847387e-01
-2.531968376581003044e-01,4.093972510732588610e+00,4.720717300102059255e+00,-7.282949759939334466e-01,6.852469959071149086e-01
-2.532497814279146553e-01,4.093578742537622439e+00,4.720697378101935904e+00,-7.283017742268037553e-01,6.852397154765511589e-01
-2.533027255762042573e-01,4.093184971527754179e+00,4.720677455959398472e+00,-7.283085725082721895e-01,6.852324349939422632e-01
-2.533556697244938594e-01,4.092791200517885919e+00,4.720657533816861040e+00,-7.283153707897406237e-01,6.852251545113333675e-01
-2.534086134943082103e-01,4.092397432322919748e+00,4.720637611816737689e+00,-7.283221690226109324e-01,6.852178740807695068e-01
-2.563588665002576872e-01,4.056387472613478096e+00,4.719946083636103573e+00,-7.285618590937901207e-01,6.849686471445206593e-01
-2.567445904454685457e-01,4.050761566454339047e+00,4.720869414095412608e+00,-7.282426066860638869e-01,6.853021515742080405e-01
-2.574403273045582918e-01,4.044138038227610643e+00,4.719713637257882510e+00,-7.286349396272919776e-01,6.848778359277198913e-01
-2.578154254578495785e-01,4.036373610470269213e+00,4.721039489645908027e+00,-7.281836536144823402e-01,6.853634425274772735e-01
-2.580673084984682619e-01,4.030560481190286204e+00,4.721231258764496452e+00,-7.281190142740403548e-01,6.854342774902979496e-01
-2.580995489667494702e-01,4.030024257719799330e+00,4.721209128063303062e+00,-7.281266649778527222e-01,6.854262828495029103e-01
-2.581317896655057620e-01,4.029488030416050748e+00,4.721186997203904667e+00,-7.281343157363571184e-01,6.854182881515572534e-01
-2.581640303642619982e-01,4.028951803112302166e+00,4.721164866344507161e+00,-7.281419664948614034e-01,6.854102934536115965e-01
-2.606301259237822077e-01,4.003810844546841885e+00,4.721500710650077259e+00,-7.280274296729738470e-01,6.855330907639832771e-01
-2.612527647093511041e-01,3.997487007359245670e+00,4.719238275528144122e+00,-7.288005755833710797e-01,6.847073342381784222e-01
-2.611615819149891160e-01,3.990702577386371797e+00,4.720260456586240494e+00,-7.284520363059288073e-01,6.850811406172652163e-01
-2.617394359170175377e-01,3.983733543795495713e+00,4.719401669880452843e+00,-7.287435138982173433e-01,6.847658188531987600e-01
-2.626989360184729949e-01,3.976537783947957649e+00,4.720489139332265438e+00,-7.283763648741651275e-01,6.851669366123906979e-01
-2.629960767939403254e-01,3.969813016321074528e+00,4.719107445407700219e+00,-7.288454203066442316e-01,6.846597098903675072e-01
-2.630941734369469653e-01,3.968196926957126447e+00,4.719323000830337733e+00,-7.287716060289817221e-01,6.847382413650981992e-01
-2.631310939587243047e-01,3.967691368545911867e+00,4.719277691591637236e+00,-7.287870061158319146e-01,6.847216257262234151e-01
-2.631680144805016441e-01,3.967185810134696844e+00,4.719232382352936739e+00,-7.288024062026821071e-01,6.847050100873486311e-01
-2.632049347383498272e-01,3.966680255337505123e+00,4.719187073438132707e+00,-7.288178061794435836e-01,6.846883945672520566e-01
-2.659252177035890674e-01,3.935841715576283928e+00,4.724401145836186089e+00,-7.270342420924620352e-01,6.865898203093837582e-01
-2.674390683769761190e-01,3.929231606779041375e+00,4.729392407983785240e+00,-7.253060585768121848e-01,6.883902765452825090e-01
-2.666567374618909469e-01,3.924250263169014374e+00,4.724408322750714539e+00,-7.270295372019529578e-01,6.865903126837700210e-01
-2.670634202406850233e-01,3.916246329546207772e+00,4.724869005414072731e+00,-7.268701740327924155e-01,6.867566314970532382e-01
-2.676182095848566589e-01,3.909413330557527377e+00,4.725527370740964628e+00,-7.266452820056373829e-01,6.869970181085572891e-01
-2.678063077304537742e-01,3.905836592318259193e+00,4.725064943897922198e+00,-7.268020984774878901e-01,6.868270915922056741e-01
-2.678524080199992663e-01,3.905344428261905865e+00,4.725038438158411402e+00,-7.268111279412706738e-01,6.868173904315012512e-01
-2.678985086390985315e-01,3.904852260687255772e+00,4.725011932229421951e+00,-7.268201574696016021e-01,6.868076892014467472e-01
-2.679446092581978522e-01,3.904360093112605234e+00,4.724985426300431612e+00,-7.268291869979326414e-01,6.867979879713923541e-01
-2.701559446553266075e-01,3.875427344950046926e+00,4.724414412185449663e+00,-7.270249297866221427e-01,6.865901492829804553e-01
-2.705993639323141520e-01,3.868991105880181358e+00,4.724078878564828443e+00,-7.271444851640720408e-01,6.864723025053595107e-01
-2.710399068390068611e-01,3.863965802976141450e+00,4.723841298785881548e+00,-7.272221718001588009e-01,6.863822826167154112e-01
-2.726518769771031359e-01,3.855627539367663115e+00,4.728459300166499624e+00,-7.256283154443212702e-01,6.880529115767348713e-01
-2.730134732813900289e-01,3.848797540427394637e+00,4.729403934287986111e+00,-7.253014843386064170e-01,6.883938805073307465e-01
-2.717594065438775908e-01,3.845641206847413507e+00,4.723644443410226046e+00,-7.272903778094315097e-01,6.863113143465371380e-01
-2.717716448310810162e-01,3.845215778583251698e+00,4.723616178124989240e+00,-7.273001107254506437e-01,6.863010674430317648e-01
-2.717838832057714038e-01,3.844790347277861731e+00,4.723587912637693620e+00,-7.273098437110466774e-01,6.862908204662750977e-01
-2.717961215804617914e-01,3.844364915972471763e+00,4.723559647150398888e+00,-7.273195766966427112e-01,6.862805734895184306e-01
-2.722935102174899313e-01,3.839093535206651975e+00,4.723794019191604576e+00,-7.272394086160913762e-01,6.863660455813355155e-01
-2.750734557614389342e-01,3.809329933752308772e+00,4.725114956810632982e+00,-7.267865672057141069e-01,6.868468198248407486e-01
-2.755447277839991327e-01,3.803277841395619863e+00,4.725446309261015720e+00,-7.266727801004793097e-01,6.869672377876337999e-01
-2.761501483606220164e-01,3.795980115361212714e+00,4.725895410918697692e+00,-7.265182846714298703e-01,6.871301875562804140e-01
-2.770202227347041135e-01,3.789282117755524038e+00,4.728091905272640005e+00,-7.257615013417203498e-01,6.879260469756751650e-01
-2.769429871326256620e-01,3.783869132061816742e+00,4.726415053111257869e+00,-7.263400664064191270e-01,6.873192498635545267e-01
-2.769771239764472481e-01,3.783418052973382739e+00,4.726393050865939749e+00,-7.263475802599612674e-01,6.873112144295853154e-01
-2.770112610643004625e-01,3.782966970660352590e+00,4.726371048463335889e+00,-7.263550941672172190e-01,6.873031789381738310e-01
-2.770453981521536768e-01,3.782515888347321997e+00,4.726349046060732029e+00,-7.263626080744731706e-01,6.872951434467623466e-01
-2.770795349959752629e-01,3.782064809258887994e+00,4.726327043815414797e+00,-7.263701219280153110e-01,6.872871080127932464e-01
-2.785658695752823988e-01,3.749232083283226657e+00,4.729294136207198740e+00,-7.253542267816340816e-01,6.883682501220008687e-01
-2.789733361855355476e-01,3.742728169722428611e+00,4.728091810551149798e+00,-7.257676135096969849e-01,6.879317837692306981e-01
-2.792614283048159285e-01,3.736947384528101157e+00,4.729268939368393987e+00,-7.253640566250493249e-01,6.883602106113243524e-01
-2.799132386163665775e-01,3.729089900580589312e+00,4.730061372443338463e+00,-7.250909683287419805e-01,6.886472807688669429e-01
-2.812744858502238543e-01,3.722301933828374931e+00,4.728634892650717347e+00,-7.255745456724682629e-01,6.881229177204213343e-01
-2.816221011584772449e-01,3.721314784693269928e+00,4.728230381747414945e+00,-7.257116366728909584e-01,6.879741864717846545e-01
-2.816624812251155574e-01,3.720769270104623327e+00,4.728243428546217153e+00,-7.257071240011383484e-01,6.879788971233048445e-01
-2.817028612917538699e-01,3.720223755515976727e+00,4.728256475345019361e+00,-7.257026113293858494e-01,6.879836077748250345e-01
-2.834836940249340631e-01,3.696550978685291700e+00,4.729485115233607928e+00,-7.252815253570753518e-01,6.884308984887566041e-01
-2.839639051462798935e-01,3.689953848252933266e+00,4.729341898405402311e+00,-7.253315045398605054e-01,6.883796087895056592e-01
-2.841680657669011789e-01,3.682900009539489261e+00,4.731368292042180457e+00,-7.246344767689357758e-01,6.891149285517889078e-01
-2.848974414976554459e-01,3.676052469759228281e+00,4.731168691787483560e+00,-7.247025446846767638e-01,6.890419386257867762e-01
-2.854105819879170225e-01,3.669153160781242651e+00,4.732047681422547392e+00,-7.244001004926177156e-01,6.893608092564454948e-01
-2.855758824698514386e-01,3.662506487796384658e+00,4.729950057998798307e+00,-7.251206905056980512e-01,6.885987516182777712e-01
-2.860278027983821358e-01,3.659248292988221074e+00,4.731331978041452224e+00,-7.246482433342794627e-01,6.891029637469904268e-01
-2.860767980280587985e-01,3.658313583474778863e+00,4.731333921448131363e+00,-7.246467733584932569e-01,6.891029067731422320e-01
-2.861257932577355168e-01,3.657378873961336652e+00,4.731335864854809614e+00,-7.246453033827070511e-01,6.891028497992939261e-01
-2.861747884874121794e-01,3.656444164447893996e+00,4.731337808261487865e+00,-7.246438334069207343e-01,6.891027928254457313e-01
-2.866086844674321510e-01,3.629021600363786515e+00,4.732179716498766453e+00,-7.243478941006930016e-01,6.894022619887549830e-01
-2.886529454580046283e-01,3.622536036416898586e+00,4.728859283406097624e+00,-7.255008039420853816e-01,6.882076055373299583e-01
-2.889372967137405213e-01,3.615757347993626691e+00,4.729554837491841468e+00,-7.252581506441703185e-01,6.884567756911418313e-01
-2.883617342765677494e-01,3.608959096236854958e+00,4.729928646498875899e+00,-7.251288132822395482e-01,6.885916887782825846e-01
-2.870884904735023224e-01,3.602848515615056257e+00,4.730893591281764010e+00,-7.247937751733540823e-01,6.889388834261327421e-01
-2.875709518587013513e-01,3.599352052724220652e+00,4.731318266349825663e+00,-7.246468138258114200e-01,6.890921437228787472e-01
-2.876210281816041769e-01,3.598787891519095172e+00,4.731346854375434674e+00,-7.246370039524152595e-01,6.891025398916699185e-01
-2.876711048624839839e-01,3.598223726280991297e+00,4.731375442605408210e+00,-7.246271940088918617e-01,6.891129361347794191e-01
-2.877211815433637909e-01,3.597659561042887422e+00,4.731404030835381747e+00,-7.246173840653684639e-01,6.891233323778889197e-01
-2.896446298204751191e-01,3.568971386346249997e+00,4.732116928128938582e+00,-7.243718626289276097e-01,6.893817313342145425e-01
-2.900209601295429263e-01,3.562627640943692331e+00,4.732888541373936775e+00,-7.241068253917265496e-01,6.896620859934339265e-01
-2.902689128039090405e-01,3.556964824739329512e+00,4.734791345692174858e+00,-7.234513998760059295e-01,6.903516900907756826e-01
-2.910036971732229971e-01,3.549725746620927325e+00,4.734060366865152858e+00,-7.237036087203594370e-01,6.900871738088133478e-01
-2.911316597497979330e-01,3.548215851257019438e+00,4.734134596516960336e+00,-7.236779864280090679e-01,6.901140245729795453e-01
-2.911561859744160596e-01,3.547897693235400940e+00,4.734130697432077817e+00,-7.236794087922940877e-01,6.901126871191554102e-01
-2.911807120237065449e-01,3.547579537488159129e+00,4.734126798375068113e+00,-7.236808311464111299e-01,6.901113496748921827e-01
-2.912052382483246715e-01,3.547261379466540632e+00,4.734122899290185593e+00,-7.236822535106960386e-01,6.901100122210679366e-01
-2.912297644729427981e-01,3.546943221444922134e+00,4.734119000205303074e+00,-7.236836758749810583e-01,6.901086747672438015e-01
-2.912542905222332834e-01,3.546625065697680768e+00,4.734115101148293370e+00,-7.236850982290981005e-01,6.901073373229805741e-01
-2.940726743152606848e-01,3.502837736567310678e+00,4.734295999205678562e+00,-7.236222703987822413e-01,6.901724045336027347e-01
-2.944099778905545084e-01,3.497398625356802349e+00,4.734848631524646301e+00,-7.234323412296261857e-01,6.903730943426069633e-01
-2.946483917994129897e-01,3.492639340096479028e+00,4.734431049358058807e+00,-7.235786868446202336e-01,6.902241409854289467e-01
-2.957306234219830854e-01,3.482496421592103264e+00,4.733473788224011436e+00,-7.239110107156410123e-01,6.898796908120428117e-01
-2.958270573727789787e-01,3.476222447405054261e+00,4.732539367662103480e+00,-7.242337332115580395e-01,6.895418561659850676e-01
-2.961337838767545416e-01,3.470762711384549171e+00,4.731650138312394560e+00,-7.245413322046996285e-01,6.892208174461671444e-01
-2.964405125734035362e-01,3.465302936334427653e+00,4.730760902605916307e+00,-7.248489333967517156e-01,6.888997764313630201e-01
-2.967472412700525308e-01,3.459843161284305690e+00,4.729871666899438942e+00,-7.251565345888036918e-01,6.885787354165590068e-01
-2.975312308924554783e-01,3.449778828320926749e+00,4.730075619263476305e+00,-7.250874803029666582e-01,6.886537917990008806e-01
-2.976690406393429633e-01,3.445739233336968965e+00,4.730078340791020963e+00,-7.250868062454347562e-01,6.886550283545362916e-01
-2.981911371311186665e-01,3.436116538165131740e+00,4.730724995104504060e+00,-7.248631929703542864e-01,6.888885634601550345e-01
-2.984782719654509031e-01,3.429335919905755592e+00,4.730975888274936203e+00,-7.247761699623539444e-01,6.889789206253631448e-01
-2.987916383678620447e-01,3.422451105255480019e+00,4.731847841245874875e+00,-7.244758999344228512e-01,6.892950092803763473e-01
-2.993690526725605316e-01,3.415962009589571746e+00,4.731541635506309795e+00,-7.245813137418287697e-01,6.891839765888281288e-01
-2.994026344989250132e-01,3.415509707342996748e+00,4.731544652901602532e+00,-7.245802633490235900e-01,6.891850596591914124e-01
-2.994362165653534080e-01,3.415057401863081488e+00,4.731547670318465570e+00,-7.245792129487096389e-01,6.891861427372970583e-01
-2.994697986317818583e-01,3.414605096383166671e+00,4.731550687735328609e+00,-7.245781625483955768e-01,6.891872258154028152e-01
-2.995033804581462844e-01,3.414152794136591229e+00,4.731553705130620457e+00,-7.245771121555903971e-01,6.891883088857659878e-01
-3.014591678605380021e-01,3.382581654680607119e+00,4.729200991750730054e+00,-7.253872970611540127e-01,6.883354285420471008e-01
-3.020870777889219094e-01,3.375780456959334597e+00,4.731193881078766594e+00,-7.247005309196723477e-01,6.890574019729817090e-01
-3.027337917106476262e-01,3.368662650769083555e+00,4.734353630140126334e+00,-7.236109034044139188e-01,6.902013832575151220e-01
-3.029170777556661198e-01,3.361922273551892104e+00,4.736578337900801294e+00,-7.228435708636149482e-01,6.910066927196433229e-01
-3.032919866008282339e-01,3.356224848227098878e+00,4.738739641956636994e+00,-7.220926836503883672e-01,6.917838603849812973e-01
-3.035874466245088721e-01,3.354048038415868849e+00,4.739676331396325715e+00,-7.217690877644666880e-01,6.921224299029982152e-01
-3.036133574986612516e-01,3.353486924617888665e+00,4.739835870689878661e+00,-7.217141894778797973e-01,6.921803045386270004e-01
-3.036392685580407980e-01,3.352925806808714881e+00,4.739995411123918423e+00,-7.216592907988456096e-01,6.922381795879800626e-01
-3.036651796174203999e-01,3.352364688999541098e+00,4.740154951557958185e+00,-7.216043921198114219e-01,6.922960546373330137e-01
-3.056420467695593612e-01,3.321605710490154184e+00,4.764999327147761754e+00,-7.129503972121152833e-01,7.012075853121964020e-01
-3.047105024602996259e-01,3.315961922140615581e+00,4.767827056139319453e+00,-7.119613952947472235e-01,7.022179790283390455e-01
-3.047594999264980897e-01,3.314560940011785917e+00,4.769171943129236979e+00,-7.114890483257587661e-01,7.026965897597491351e-01
-3.057720684367684627e-01,3.300434481677488652e+00,4.784489534806017019e+00,-7.060859566540068633e-01,7.081246077701960351e-01
-3.053569653099718617e-01,3.293275804525122474e+00,4.792477862132837885e+00,-7.032514269499178239e-01,7.109386293609747387e-01
-3.052125229269893048e-01,3.289522620079052384e+00,4.796848057709392599e+00,-7.016965435586371980e-01,7.124738724783360455e-01
-3.052501300324262923e-01,3.288910254083194928e+00,4.797371306100950861e+00,-7.015097111102697180e-01,7.126570140453841740e-01
-3.052877374067023974e-01,3.288297883709760949e+00,4.797894558233017470e+00,-7.013228773263067151e-01,7.128401569216431533e-01
-3.053253447809785026e-01,3.287685513336327414e+00,4.798417810365084080e+00,-7.011360435423438231e-01,7.130232997979021325e-01
-3.062508117850077927e-01,3.263809232703186680e+00,4.831219974712360532e+00,-6.893435391894852104e-01,7.244216777524227213e-01
-3.059803791321221156e-01,3.255611321291878468e+00,4.841766716313070873e+00,-6.855136195382240949e-01,7.280465317147117865e-01
-3.057130448125073285e-01,3.250720020087272122e+00,4.847824312617975195e+00,-6.833065977728370877e-01,7.301207807803522520e-01
-3.053330439675166486e-01,3.242340172373507023e+00,4.859000662171048646e+00,-6.792145788348902258e-01,7.339263606562775877e-01
-3.052214364827852688e-01,3.235550350365341110e+00,4.864884233768933086e+00,-6.770530771264140490e-01,7.359218165370524645e-01
-3.048780759165894971e-01,3.231393140865947089e+00,4.870361841575317818e+00,-6.750354456277192217e-01,7.377738623324122669e-01
-3.048220196910328972e-01,3.230989991536249217e+00,4.871180841602454237e+00,-6.747326256688370716e-01,7.380495209945314716e-01
-3.047659630647512330e-01,3.230586839324586901e+00,4.871999847484316248e+00,-6.744298035452078732e-01,7.383251816272315970e-01
-3.047099064384696243e-01,3.230183687112924584e+00,4.872818853366179148e+00,-6.741269814215786749e-01,7.386008422599318335e-01
-3.032103812508747942e-01,3.212509846987411599e+00,4.895144843283308234e+00,-6.658272447165730634e-01,7.460655546904677582e-01
-3.017097408151472315e-01,3.195983558437955008e+00,4.916312846098317202e+00,-6.579079381161015982e-01,7.530869285897796583e-01
-3.012482445639985129e-01,3.190601265902909489e+00,4.920688335317958462e+00,-6.562551826061678861e-01,7.545202973398670299e-01
-3.012292816579236754e-01,3.187044073363330288e+00,4.929330846656059251e+00,-6.529938174868541445e-01,7.573551497905541829e-01
-3.006994323474351805e-01,3.181213974345566076e+00,4.936807467488879553e+00,-6.501585967623052520e-01,7.597916075934512126e-01
-2.999648000972129913e-01,3.175684314359652927e+00,4.943618991540189356e+00,-6.475677477867397558e-01,7.620021719680524219e-01
-2.998997538383428862e-01,3.175155923033635474e+00,4.944248954487464154e+00,-6.473275390517425620e-01,7.622059173972203228e-01
-2.998347071144813469e-01,3.174627527930345749e+00,4.944878921938108185e+00,-6.470873285995827340e-01,7.624096642828882553e-01
-2.997696603906197521e-01,3.174099132827056025e+00,4.945508889388753104e+00,-6.468471181474229059e-01,7.626134111685561878e-01
-2.935026438722425079e-01,3.148761554096620952e+00,4.983814850207550329e+00,-6.321241947758199364e-01,7.748632322391114657e-01
-2.923434998662341466e-01,3.141488602791944196e+00,4.991968347972068898e+00,-6.289582942450164804e-01,7.774316543430012105e-01
-2.909457970364101587e-01,3.135240278869601216e+00,5.002226721476752402e+00,-6.249646714632652866e-01,7.806502388035463369e-01
-2.896627910796626404e-01,3.129450770395365122e+00,5.008847243558975926e+00,-6.223771393739873092e-01,7.827148084643580361e-01
-2.880944677227753048e-01,3.122050935080671774e+00,5.017181991754621428e+00,-6.191104044970948683e-01,7.853023487012774639e-01
-2.865084055406152963e-01,3.115340655370524292e+00,5.026380107141730669e+00,-6.154921736990660586e-01,7.881413007811468585e-01
-2.863152281618854822e-01,3.114239056580774268e+00,5.027480311837467575e+00,-6.150586655836853822e-01,7.884799490004152922e-01
-2.862632861147335617e-01,3.113767077158819951e+00,5.027740958961139484e+00,-6.149559513302470526e-01,7.885601611331988225e-01
-2.862113440675816411e-01,3.113295097736865635e+00,5.028001606084812281e+00,-6.148532370768087230e-01,7.886403732659822419e-01
-2.804428877799754471e-01,3.089795156617096694e+00,5.058718919902771560e+00,-6.026682988443977651e-01,7.979897249022345207e-01
-2.787718930686909347e-01,3.083224934679142493e+00,5.066906722298070598e+00,-5.993960544641341315e-01,8.004498785033481445e-01
-2.769729272316079904e-01,3.076698710842883600e+00,5.075138833927057114e+00,-5.960963151708750241e-01,8.029102725375357741e-01
-2.745657072290720868e-01,3.069524807841584213e+00,5.089138411194745970e+00,-5.904591154623330951e-01,8.070597816400835178e-01
-2.725590629719021885e-01,3.062858018210006694e+00,5.096880877172517366e+00,-5.873305960747481347e-01,8.093398276540054725e-01
-2.709405503291617001e-01,3.057166016923504870e+00,5.102410635300160813e+00,-5.850895151650982173e-01,8.109590887018151006e-01
-2.705554841729688187e-01,3.055902080662374676e+00,5.103792902591424152e+00,-5.845289137160130100e-01,8.113632971974744645e-01
-2.704059726026082910e-01,3.055395325199868228e+00,5.104377158585737817e+00,-5.842919425875724437e-01,8.115341251810253009e-01
-2.702564599634453280e-01,3.054888566114756010e+00,5.104961418756679414e+00,-5.840549697651137295e-01,8.117049543857616234e-01
-2.701069473242823649e-01,3.054381807029643792e+00,5.105545678927621900e+00,-5.838179969426550153e-01,8.118757835904979459e-01
-2.603211165897746926e-01,3.025243166582627374e+00,5.140905575199639976e+00,-5.693733780941327982e-01,8.220699406817187915e-01
-2.576821430526711754e-01,3.018763960457944151e+00,5.153464090263141451e+00,-5.642001280084153469e-01,8.256288592700929962e-01
-2.565424941402986714e-01,3.014423169884222098e+00,5.155026093710510793e+00,-5.635542024411694939e-01,8.260678683734871131e-01
-2.534682386857858294e-01,3.006243084062958815e+00,5.163748373834996741e+00,-5.599442950252030426e-01,8.285148400550863546e-01
-2.497628393831303195e-01,2.999443290803885276e+00,5.182165012272436755e+00,-5.522891564981738943e-01,8.336323494536378442e-01
-2.487687679976643695e-01,2.996501020161614903e+00,5.183551235571568050e+00,-5.517089414098831357e-01,8.340114972322352216e-01
-2.484912425961421645e-01,2.995793567691825032e+00,5.184350562949539665e+00,-5.513759211969331275e-01,8.342324553610752647e-01
-2.482137152106943800e-01,2.995086110164721926e+00,5.185149896041605366e+00,-5.510428986033456544e-01,8.344534150694626895e-01
-2.406157717557549924e-01,2.975550058271949183e+00,5.204060234445450739e+00,-5.431336112508324820e-01,8.396341638375798277e-01
-2.400449747362356223e-01,2.974168253498357117e+00,5.205301723788537060e+00,-5.426123516416936354e-01,8.399712165945670828e-01
-2.345112310750186724e-01,2.961796933397559339e+00,5.216523699496601552e+00,-5.378908009194777184e-01,8.430026235977863269e-01
-2.321149882049562962e-01,2.956379096389355254e+00,5.222028867595236434e+00,-5.355674989156110621e-01,8.444787062081339224e-01
-2.290805240423161582e-01,2.949491494178826834e+00,5.228962172197226366e+00,-5.326377746828284687e-01,8.463318469723277726e-01
-2.259985650822838310e-01,2.943107597488435978e+00,5.235268801915562875e+00,-5.299666304706365239e-01,8.480076113111842950e-01
-2.237292932572917115e-01,2.938700695423496434e+00,5.239723589647743651e+00,-5.280769306083600290e-01,8.491866911447465416e-01
-2.234414709979320735e-01,2.938126026810209179e+00,5.240291078818365200e+00,-5.278358865218774065e-01,8.493363820993373725e-01
-2.231536466810384312e-01,2.937551354088830724e+00,5.240858572045755004e+00,-5.275948407122604822e-01,8.494860741240128910e-01
-2.217354204462626266e-01,2.934603842209360991e+00,5.244007532560562623e+00,-5.262539369469151351e-01,8.503112395007550450e-01
-2.113390077700668668e-01,2.913352887146436920e+00,5.266303947634284555e+00,-5.167436556443317786e-01,8.561278584945495318e-01
-2.076543071608488444e-01,2.906497909607044239e+00,5.274260602181213287e+00,-5.133332768499947463e-01,8.581762824799363809e-01
-2.045109428328212020e-01,2.900372685941187800e+00,5.281955528767380947e+00,-5.100280363900463465e-01,8.601455510119181413e-01
-2.019380716016979105e-01,2.895311886257005529e+00,5.287811354298709965e+00,-5.075073710766967450e-01,8.616350919628179561e-01
-1.981153040544147426e-01,2.888279687942217677e+00,5.296137508608842026e+00,-5.039154963310809032e-01,8.637396677817406054e-01
-1.947845697727821068e-01,2.882362368139788522e+00,5.302569901995640045e+00,-5.011347308912129650e-01,8.653555312432343882e-01
-1.945147877288347094e-01,2.881913653654916807e+00,5.302965689464723020e+00,-5.009636378259654244e-01,8.654549715082698880e-01
-1.942450037563161203e-01,2.881464935962352758e+00,5.303361479763142761e+00,-5.007925435376373580e-01,8.655544124841666465e-01
-1.939752197837975034e-01,2.881016218269788709e+00,5.303757270061563389e+00,-5.006214492493094026e-01,8.656538534600635160e-01
-1.809910931793789202e-01,2.859056790618283994e+00,5.326352236125536876e+00,-4.908106502911541713e-01,8.712554069951090607e-01
-1.773205510814769570e-01,2.852886484770269515e+00,5.333082115297458792e+00,-4.878761071982917752e-01,8.729019332893274141e-01
-1.739191938203931698e-01,2.847033754217646262e+00,5.339718287459831458e+00,-4.849766112666311080e-01,8.745151255198544415e-01
-1.705220767408850702e-01,2.841455116409964621e+00,5.345369847276367103e+00,-4.825038334895938585e-01,8.758826910430457247e-01
-1.668054660581355375e-01,2.834096162682147035e+00,5.352226521940536053e+00,-4.794935708273689312e-01,8.775232868063266300e-01
-1.633023908481893716e-01,2.828355373502629444e+00,5.358137544839489230e+00,-4.768983802393150229e-01,8.789373928711455841e-01
-1.620300089878742023e-01,2.826345033177675603e+00,5.360128601623893374e+00,-4.760223408987543370e-01,8.794102529659728607e-01
-1.617702746813848291e-01,2.825941379242821849e+00,5.360601322883587372e+00,-4.758145724737319893e-01,8.795229316769331840e-01
-1.615105403748954560e-01,2.825537725307968095e+00,5.361074044143280481e+00,-4.756068040487096971e-01,8.796356103878935073e-01
-1.612508079251365189e-01,2.825134074258665251e+00,5.361546762023690071e+00,-4.753990371089357181e-01,8.797482882933616022e-01
-1.442805670665583406e-01,2.799713432156269111e+00,5.388063668689492935e+00,-4.636935837703406449e-01,8.859740087537922859e-01
-1.404532934569985847e-01,2.794166705891195868e+00,5.392540393020480494e+00,-4.617088657983418054e-01,8.870088818695078814e-01
-1.369046637250384557e-01,2.789031672395691608e+00,5.395900619507366436e+00,-4.602176722091869121e-01,8.877828372553554503e-01
-1.329880203484176959e-01,2.781737135789285276e+00,5.402383959632002686e+00,-4.573305708573064399e-01,8.892568425595204218e-01
-1.291313692817503689e-01,2.776421621797449557e+00,5.402308554090106796e+00,-4.573643683772566915e-01,8.892401249614938497e-01
-1.278877215790672206e-01,2.774665257239762095e+00,5.402323128410644770e+00,-4.573574930619401235e-01,8.892426892816841510e-01
-1.276543660715396544e-01,2.774328474467541383e+00,5.402362562448173477e+00,-4.573398704749379040e-01,8.892515332081922796e-01
-1.274210088958405707e-01,2.773991689287786055e+00,5.402401996767601133e+00,-4.573222477619583448e-01,8.892603771979223914e-01
-1.271876517201415147e-01,2.773654904108030728e+00,5.402441431087028789e+00,-4.573046250489788411e-01,8.892692211876525032e-01
-1.269542962126139485e-01,2.773318121335810016e+00,5.402480865124557496e+00,-4.572870024619765661e-01,8.892780651141607429e-01
-1.062544811788232874e-01,2.743987341441032513e+00,5.402549917145356595e+00,-4.572534944530674550e-01,8.892883985515903644e-01
-1.031614923256091443e-01,2.739354423080596401e+00,5.401859597931170320e+00,-4.575610974397876229e-01,8.891318487703788742e-01
-9.875439414543156491e-02,2.733058906738609295e+00,5.401057457565863196e+00,-4.579166451259453208e-01,8.889462836282329139e-01
-9.713592045008093145e-02,2.730787986744233731e+00,5.400905312863016228e+00,-4.579835336904038434e-01,8.889100209131715058e-01
-9.690900573007472929e-02,2.730461660076045405e+00,5.400847827850382643e+00,-4.580091199673633207e-01,8.888969286753523047e-01
-9.668209263218564831e-02,2.730135335740627944e+00,5.400790343248685232e+00,-4.580347060614173849e-01,8.888838365311239054e-01
-9.645517791217943226e-02,2.729809009072440062e+00,5.400732858236051648e+00,-4.580602923383768621e-01,8.888707442933047043e-01
-9.622826319217323010e-02,2.729482682404251737e+00,5.400675373223418063e+00,-4.580858786153363948e-01,8.888576520554855032e-01
-7.624341178392000928e-02,2.700262559937473661e+00,5.402184166003195287e+00,-4.574196852053659668e-01,8.892117016951442965e-01
-7.204951176614564357e-02,2.694030035197384265e+00,5.402451512682602264e+00,-4.572988121372833503e-01,8.892689395009418796e-01
-6.828113162602898745e-02,2.688864534545501339e+00,5.402450770714674277e+00,-4.572980314030448135e-01,8.892666099953867587e-01
-6.467780233311336280e-02,2.683878276568187893e+00,5.402580804612767018e+00,-4.572411593408649000e-01,8.892981808212816475e-01
-6.028826144409953763e-02,2.677489091943943134e+00,5.402619406159150373e+00,-4.572265630805257275e-01,8.893120004939560896e-01
-5.695157832423505817e-02,2.672509609020309984e+00,5.402843779742299013e+00,-4.571280258120737905e-01,8.893656918154350111e-01
-5.665889644359075467e-02,2.672073744689833497e+00,5.402835492029250730e+00,-4.571318296479180976e-01,8.893640279499888113e-01
-5.636621247067282597e-02,2.671637877243525860e+00,5.402827204256955618e+00,-4.571356335109545421e-01,8.893623640726482371e-01
-5.607352849775490422e-02,2.671202009797218224e+00,5.402818916484661393e+00,-4.571394373739910422e-01,8.893607001953077740e-01
-4.162665423084319083e-02,2.650712028388138020e+00,5.402212881439324654e+00,-4.574051061277435992e-01,8.892147466437877457e-01
-3.751039217475330562e-02,2.644702965900156411e+00,5.401808600733021493e+00,-4.575851189801619090e-01,8.891228047227508480e-01
-3.392835834817749946e-02,2.639595634497496679e+00,5.401185835370529986e+00,-4.578636099299594475e-01,8.889834921425773251e-01
-2.999766858510162157e-02,2.633995847359558606e+00,5.400929294543821868e+00,-4.579788667089977339e-01,8.889271425683749062e-01
-2.594393729885228692e-02,2.628124423441528634e+00,5.400488938033659814e+00,-4.581742750228967598e-01,8.888256961198621742e-01
-2.209562669685687097e-02,2.622660739344284231e+00,5.400167175563592714e+00,-4.583167641583604790e-01,8.887510027932339352e-01
-1.831845161124792676e-02,2.617286202429434994e+00,5.400372295866672445e+00,-4.582257835280960090e-01,8.887983377456486478e-01
-1.456025938803486540e-02,2.611937221186539038e+00,5.400594169644524989e+00,-4.581276049069598066e-01,8.888499906911241366e-01
-1.080206716482180404e-02,2.606588239943643526e+00,5.400816043422377533e+00,-4.580294262858236598e-01,8.889016436365996254e-01
-7.198757073701031461e-03,2.601480363307465460e+00,5.401150031293410869e+00,-4.578812630765753400e-01,8.889786708157202400e-01
-2.777450340481468424e-03,2.595239400137346664e+00,5.401874146887281292e+00,-4.575580899347592712e-01,8.891419018993133028e-01
9.235521656007675924e-04,2.589773184977341991e+00,5.402113870864540424e+00,-4.574510207365914405e-01,8.891957835426461676e-01
4.561499144842823608e-03,2.584419355375911387e+00,5.402537309198814697e+00,-4.572632093016612553e-01,8.892935068988753189e-01
8.527744868204836445e-03,2.578799697510123057e+00,5.402893422830029380e+00,-4.571060832663457196e-01,8.893772969757973712e-01
1.246023110633753123e-02,2.573297725544995362e+00,5.402951506842363472e+00,-4.570805905483800169e-01,8.893912272002357788e-01
1.336132350663842006e-02,2.572045496097981054e+00,5.403014018897635218e+00,-4.570531729020063660e-01,8.894062555160422434e-01
1.367770612885054957e-02,2.571605248407301758e+00,5.403073543543263746e+00,-4.570267610349061371e-01,8.894199731709283574e-01
1.399408875106267908e-02,2.571165000716622462e+00,5.403133068188891386e+00,-4.570003491678059082e-01,8.894336908258144714e-01
2.310976407717720699e-02,2.558145700152789637e+00,5.403091387315055449e+00,-4.570218144578541697e-01,8.894298667775559775e-01
3.216731222870698736e-02,2.545410642221535902e+00,5.402991319442321583e+00,-4.570680229044447596e-01,8.894103216004980439e-01
3.586414558679690973e-02,2.540194419607698428e+00,5.403538066338411383e+00,-4.568227013794693425e-01,8.895310263250029159e-01
3.909470508419204265e-02,2.535534916159608798e+00,5.403673904009965945e+00,-4.567619089749622163e-01,8.895613200394498765e-01
4.350095017624824867e-02,2.529205612795600633e+00,5.403041690593563651e+00,-4.570429987496054114e-01,8.894167271256341323e-01
4.734605399483251403e-02,2.523676030232691048e+00,5.402900510811300627e+00,-4.571067692429530149e-01,8.893863843681035775e-01
4.926462631549544807e-02,2.520880706009435368e+00,5.402740812406997328e+00,-4.571783942500780018e-01,8.893510679035518951e-01
4.956467220095191195e-02,2.520441758816959421e+00,5.402836896265864830e+00,-4.571356545037586483e-01,8.893730051616661747e-01
4.986472023132451636e-02,2.520002808486613510e+00,5.402932980811600672e+00,-4.570929144519087495e-01,8.893949425766017880e-01
5.016476826169712772e-02,2.519563858156267599e+00,5.403029065357336513e+00,-4.570501744000588507e-01,8.894168799915374013e-01
6.627393828530944719e-02,2.496798572883747180e+00,5.404750430609126077e+00,-4.562796329596394140e-01,8.898004351889153840e-01
7.021831757846816457e-02,2.490960589315091234e+00,5.405473648679526733e+00,-4.559583951862111739e-01,8.899664491699708080e-01
7.282492980402416327e-02,2.487210108173393497e+00,5.405617364068397102e+00,-4.558947348337940020e-01,8.899997804744140817e-01
7.799268450501495309e-02,2.480083411844716146e+00,5.406031275803466762e+00,-4.557100476260997901e-01,8.900931608149905694e-01
8.184152578937421707e-02,2.474729600815876562e+00,5.406222215796583797e+00,-4.556259512977579029e-01,8.901383883524828233e-01
8.486610976245945182e-02,2.470350365920432445e+00,5.406323173874644006e+00,-4.555810341146215858e-01,8.901614194966421811e-01
8.526065437547780679e-02,2.469758256659499551e+00,5.406455346366664472e+00,-4.555222522493253545e-01,8.901916161925820248e-01
8.565520180894849178e-02,2.469166143165798299e+00,5.406587519803537134e+00,-4.554634699638194228e-01,8.902218131043867499e-01
9.651505530657455978e-02,2.453708137570222103e+00,5.406402681746286021e+00,-4.555474223321722138e-01,8.901830003762576382e-01
9.723190778394763534e-02,2.452657977551519597e+00,5.406267312940526537e+00,-4.556078098760660833e-01,8.901524327047577456e-01
1.048222883345841933e-01,2.441656872159001068e+00,5.407400614065374533e+00,-4.551090488850930704e-01,8.904216465093018895e-01
1.081794924965012589e-01,2.436953564065668765e+00,5.407042211182223390e+00,-4.552682886169569509e-01,8.903394545288223494e-01
1.122657463135562361e-01,2.431150827152239291e+00,5.406517964563648526e+00,-4.555017441977279868e-01,8.902202682993132221e-01
1.162440289972291596e-01,2.425244137189179749e+00,5.406321526253798027e+00,-4.555892892627990132e-01,8.901757411047052093e-01
1.191383568662889997e-01,2.421092046716339485e+00,5.406472339442097486e+00,-4.555220582168681420e-01,8.902098884982396765e-01
1.194467541345266143e-01,2.420655408215741655e+00,5.406422575422478616e+00,-4.555441832212132613e-01,8.901985049429400609e-01
1.197551536073813011e-01,2.420218766593777548e+00,5.406372811047115867e+00,-4.555663083837218630e-01,8.901871213062635402e-01
1.200635530802359741e-01,2.419782124971813886e+00,5.406323046671753119e+00,-4.555884335462304091e-01,8.901757376695871304e-01
1.348620746223365974e-01,2.398811314155970376e+00,5.407535822704395478e+00,-4.550483131181622398e-01,8.904513581612724105e-01
1.390501348209002286e-01,2.392659456908206472e+00,5.408111030820186294e+00,-4.547911086704852779e-01,8.905800642495180774e-01
1.428421786764202117e-01,2.387293385749009289e+00,5.408727057381822689e+00,-4.545159258216390774e-01,8.907184364239636443e-01
1.460143341483819135e-01,2.382936617605312168e+00,5.408773925066089561e+00,-4.544952561127023616e-01,8.907294857693338619e-01
1.507086577454090914e-01,2.376451699596961564e+00,5.408770514926177775e+00,-4.544977725732179952e-01,8.907306661807079529e-01
1.543339733788438306e-01,2.371253023205309951e+00,5.408724003345309228e+00,-4.545190727725416657e-01,8.907212439865022091e-01
1.550339153826335858e-01,2.370235568408835203e+00,5.408753653906817505e+00,-4.545059361337087100e-01,8.907281167331769778e-01
1.552695017586904758e-01,2.369880595501349330e+00,5.408773502759144591e+00,-4.544972315679345898e-01,8.907328928125617384e-01
1.555050881347473657e-01,2.369525622593863456e+00,5.408793351611471678e+00,-4.544885270021604140e-01,8.907376688919464991e-01
1.557406728266971518e-01,2.369170652223928641e+00,5.408813200321907821e+00,-4.544798224986114632e-01,8.907424449371891262e-01
1.736642793024247566e-01,2.343442726726287173e+00,5.409186751549811767e+00,-4.543142959258668068e-01,8.908289824687631864e-01
1.773345724720196692e-01,2.337953041812293353e+00,5.408829019505007274e+00,-4.544746356270220611e-01,8.907496823240362849e-01
1.811290160593798104e-01,2.332658877245417539e+00,5.408097421900985857e+00,-4.548000128582441737e-01,8.905825392982181787e-01
1.851373844219434128e-01,2.327121327934883244e+00,5.407636699341777486e+00,-4.550045166114006223e-01,8.904764950055884531e-01
1.890207948460329024e-01,2.321758017125131524e+00,5.407300750125916267e+00,-4.551534602811589392e-01,8.903988259575580377e-01
1.905235456017808637e-01,2.319631680390568995e+00,5.406632564796033158e+00,-4.554499248216085650e-01,8.902447859742720349e-01
1.907889519570680481e-01,2.319260737212606394e+00,5.406463391176114186e+00,-4.555252621651758038e-01,8.902063280668923717e-01
1.910543602096462790e-01,2.318889791382908960e+00,5.406294216346835491e+00,-4.556006000473016293e-01,8.901678698845914006e-01
1.913197684622245098e-01,2.318518845553211083e+00,5.406125041517556795e+00,-4.556759379294273993e-01,8.901294117022905406e-01
2.078583346703679613e-01,2.294952141786433586e+00,5.396059983379021041e+00,-4.601487911288453803e-01,8.878230953014899507e-01
2.115187083526534617e-01,2.289601582270290425e+00,5.394279028073883708e+00,-4.609382893082789034e-01,8.874112473317572469e-01
2.120532318370826896e-01,2.296199801327531098e+00,5.361450325493848368e+00,-4.754081923809957422e-01,8.796638143097239571e-01
2.164329857674588964e-01,2.289815384015010391e+00,5.358965306245869975e+00,-4.765045042564440836e-01,8.790792587025422211e-01
2.224537103846025432e-01,2.280335988430099992e+00,5.361471653400461612e+00,-4.754287197264576714e-01,8.797242269307823381e-01
2.246879072663960086e-01,2.275523943865025434e+00,5.360729078014682791e+00,-4.757553846598634451e-01,8.795477452908501137e-01
2.249046034925532289e-01,2.273718739169423575e+00,5.368155258248295425e+00,-4.724819700513374077e-01,8.813002552291387959e-01
2.251213012677909797e-01,2.271913521569086214e+00,5.375581491568900638e+00,-4.692085320423909911e-01,8.830527776954675279e-01
2.253379990430287028e-01,2.270108303968749297e+00,5.383007724889506740e+00,-4.659350940334445745e-01,8.848053001617963709e-01
2.404821006995728483e-01,2.253321202642152521e+00,5.338571054659984938e+00,-4.854700242844319225e-01,8.742221261401001975e-01
2.440793501611126237e-01,2.247481438177051594e+00,5.331884835874921791e+00,-4.883898241262438766e-01,8.725940828339445732e-01
2.467582523618111201e-01,2.242929865135357748e+00,5.326603732028092786e+00,-4.906937220372650232e-01,8.713040380533173535e-01
2.507476073744561718e-01,2.236989287356649925e+00,5.316419987904135169e+00,-4.951245555748975957e-01,8.687953372197293467e-01
2.540245957877909078e-01,2.231135374596186605e+00,5.309219230292509195e+00,-4.982517062403564734e-01,8.670112054591743167e-01
2.561489052353601581e-01,2.227491119055270641e+00,5.304041459180547591e+00,-5.004935991864409850e-01,8.657166077339021326e-01
2.563959050799404782e-01,2.227075458089580184e+00,5.303368864441479147e+00,-5.007845416517601178e-01,8.655479550055866778e-01
2.566429066902305434e-01,2.226659794152484384e+00,5.302696264894281697e+00,-5.010754861969185514e-01,8.653793010716357426e-01
2.568899083005206641e-01,2.226244130215389028e+00,5.302023665347084247e+00,-5.013664307420768740e-01,8.652106471376848074e-01
2.692649360974428419e-01,2.203636263706048037e+00,5.272187783275140482e+00,-5.142148585346821843e-01,8.576311813697682362e-01
2.728014831602478818e-01,2.196923773474297903e+00,5.263181411482344529e+00,-5.180719089123834165e-01,8.553072260864539311e-01
2.758068079844485099e-01,2.191274687844175340e+00,5.256126884378775621e+00,-5.210864867561575409e-01,8.534760288003376827e-01
2.771390910801624918e-01,2.187012531971634477e+00,5.256937921541491754e+00,-5.207413705343912902e-01,8.536889934173286232e-01
2.782346943423840147e-01,2.181688923331408958e+00,5.262333502369008542e+00,-5.184419429998782247e-01,8.550998798962067271e-01
2.805964446926942912e-01,2.175394583813603067e+00,5.259615393814430995e+00,-5.196082545322737722e-01,8.544021181485014216e-01
2.808444842478252101e-01,2.174907920860045252e+00,5.258806363536374207e+00,-5.199537529304236738e-01,8.541917312055732348e-01
2.810925255760984842e-01,2.174421254427515660e+00,5.257997327474861038e+00,-5.202992537984126864e-01,8.539813427586673278e-01
2.813405669043717028e-01,2.173934587994986067e+00,5.257188291413348757e+00,-5.206447546664016990e-01,8.537709543117614208e-01
2.920519961197959313e-01,2.151633333313600627e+00,5.225685134482596084e+00,-5.340271539235630360e-01,8.454632998036029079e-01
2.949040816861749348e-01,2.145501012772640603e+00,5.215802682214290442e+00,-5.381980557570712476e-01,8.428139474569816825e-01
3.010719396476525533e-01,2.139845752368344733e+00,5.171935917645146930e+00,-5.565068763028954146e-01,8.307389873911974476e-01
3.034981712669298504e-01,2.134784286942107645e+00,5.163346892055077575e+00,-5.600884070221641142e-01,8.283695949594022112e-01
3.059130489109799234e-01,2.129226971325564044e+00,5.151649404147442546e+00,-5.649262332111382179e-01,8.250833000727690880e-01
3.079210213996727563e-01,2.124245262710599214e+00,5.140353344094144461e+00,-5.695771357768593113e-01,8.218792093104715368e-01
3.084827146178306112e-01,2.122936923477626081e+00,5.137133182643924378e+00,-5.709004802790583755e-01,8.209622169948399550e-01
3.086496464227412861e-01,2.122556118449553164e+00,5.136129562604876853e+00,-5.713126255091335315e-01,8.206759884741151589e-01
3.088165782276519611e-01,2.122175313421480247e+00,5.135125942565829327e+00,-5.717247707392086875e-01,8.203897599533903628e-01
3.089835088392379192e-01,2.121794511115620896e+00,5.134122329701236609e+00,-5.721369130230322675e-01,8.201035334787918352e-01
3.168482817484162273e-01,2.101196549558242310e+00,5.075797571024606825e+00,-5.958067212623825437e-01,8.030727211216810435e-01
3.182475878540148018e-01,2.097665866202516494e+00,5.058675310533624625e+00,-6.026545724980891805e-01,7.979353710742730366e-01
3.195903872856197259e-01,2.087173419472000635e+00,5.079034105179334624e+00,-5.945296970055078400e-01,8.040674122025239789e-01
3.215891343766187349e-01,2.084248693944620090e+00,5.055785532623318090e+00,-6.038386252270249166e-01,7.971056871761291740e-01
3.229124604902416928e-01,2.080047507510021099e+00,5.041089242559404049e+00,-6.096792279262974734e-01,7.926467373847363440e-01
3.231474088562951708e-01,2.078584014418194403e+00,5.036599384698238424e+00,-6.114568121490581154e-01,7.912756476589841714e-01
3.232397158320962083e-01,2.078240288508670819e+00,5.035472209365398299e+00,-6.119025681479842715e-01,7.909307829000267187e-01
3.233320234677654059e-01,2.077896560141978544e+00,5.034345025974801935e+00,-6.123483273334539012e-01,7.905859156757597539e-01
3.234243311034346036e-01,2.077552831775286712e+00,5.033217842584204682e+00,-6.127940865189235309e-01,7.902410484514927891e-01
3.276919895988922304e-01,2.057915005017392218e+00,4.966872661039309911e+00,-6.386660992307159335e-01,7.694815823029436119e-01
3.286326678378804766e-01,2.053152215717444662e+00,4.951604606484226956e+00,-6.445218503483605144e-01,7.645838213360590663e-01
3.292559063968509281e-01,2.049477657058559110e+00,4.940465459284876459e+00,-6.487703542577777371e-01,7.609824057640121042e-01
3.300827986937791558e-01,2.043713876767777382e+00,4.922802762285602540e+00,-6.554652451344167297e-01,7.552230309239933437e-01
3.306794126745850604e-01,2.039004547840755688e+00,4.908465008157550713e+00,-6.608620071904353077e-01,7.505042044404444113e-01
3.309822976783291515e-01,2.036525022186646883e+00,4.900384864929248963e+00,-6.638888455541407385e-01,7.478283251357192851e-01
3.310241589766010351e-01,2.036160953183924871e+00,4.899275340931704470e+00,-6.643034307452460041e-01,7.474597078640746739e-01
3.310660205741238205e-01,2.035796881578609607e+00,4.898165809002587245e+00,-6.647180189000662098e-01,7.470910879573225971e-01
3.311078821716465503e-01,2.035432809973293899e+00,4.897056277073469133e+00,-6.651326070548864156e-01,7.467224680505706313e-01
3.331197552057318934e-01,2.016211080218484053e+00,4.835392148458099726e+00,-6.878364271825053722e-01,7.258640336374360125e-01
3.333391385389610773e-01,2.011519494255229024e+00,4.821586331644654777e+00,-6.928300477745162889e-01,7.210981600002449587e-01
3.335449256787236805e-01,2.007170451721237203e+00,4.808245787228369039e+00,-6.976239409075420950e-01,7.164601928175153844e-01
3.337038228813708485e-01,2.002845843252995639e+00,4.795188700413472560e+00,-7.022862405572276590e-01,7.118902429635828311e-01
3.344928199498599097e-01,1.996872214546034474e+00,4.776830819600698774e+00,-7.087855050139526547e-01,7.054086693523915486e-01
3.344819583427051657e-01,1.993220607283510581e+00,4.763833210984035560e+00,-7.133561748994610152e-01,7.007888803790665033e-01
3.344773646267323319e-01,1.992867259617390641e+00,4.762697632283252602e+00,-7.137536841566358703e-01,7.003834604577270362e-01
3.344727708779207664e-01,1.992513909425319696e+00,4.761562045464640569e+00,-7.141511962554561999e-01,6.999780376381916636e-01
3.344681771291092010e-01,1.992160559233248973e+00,4.760426458646028536e+00,-7.145487083542764184e-01,6.995726148186562909e-01
3.334632790345701814e-01,1.974171406403652407e+00,4.702008968243160503e+00,-7.346735640122510347e-01,6.784051051298157775e-01
3.332233412858575106e-01,1.969236398494641715e+00,4.686776352746773178e+00,-7.398222044604790826e-01,6.727927627131351507e-01
3.326414905313127557e-01,1.964840123505706249e+00,4.672940489640708073e+00,-7.444591707459984331e-01,6.676589991870229834e-01
3.317009962525587219e-01,1.959427644121725542e+00,4.656769529124704654e+00,-7.498315030582376473e-01,6.616165035149129681e-01
3.310703898965313696e-01,1.954544068309892024e+00,4.642543089493456954e+00,-7.545178103714160756e-01,6.562653044127702007e-01
3.304469546343917763e-01,1.951110790057387190e+00,4.632181101317617511e+00,-7.579071042196439123e-01,6.523467848255265489e-01
3.304372854925770597e-01,1.951007688998282141e+00,4.631934104246157702e+00,-7.579875422959698739e-01,6.522530763433909140e-01
3.304276162816412454e-01,1.950904587202146212e+00,4.631687105409008076e+00,-7.580679809473177544e-01,6.521593671913682444e-01
3.304179470707054311e-01,1.950801485406010283e+00,4.631440106571858450e+00,-7.581484195986655239e-01,6.520656580393456858e-01
3.304082779288907146e-01,1.950698384346905456e+00,4.631193109500398641e+00,-7.582288576749915965e-01,6.519719495572100509e-01
3.303986087179549003e-01,1.950595282550769305e+00,4.630946110663249016e+00,-7.583092963263393660e-01,6.518782404051873813e-01
3.303889395070191415e-01,1.950492180754633376e+00,4.630699111826098502e+00,-7.583897349776871355e-01,6.517845312531647117e-01
3.303792703652044249e-01,1.950389079695528549e+00,4.630452114754638693e+00,-7.584701730540132081e-01,6.516908227710291879e-01
3.303696011542686106e-01,1.950285977899392620e+00,4.630205115917489067e+00,-7.585506117053609776e-01,6.515971136190065183e-01
3.303599319433327963e-01,1.950182876103256469e+00,4.629958117080339441e+00,-7.586310503567088581e-01,6.515034044669838487e-01
3.303502628015180798e-01,1.950079775044151642e+00,4.629711120008879632e+00,-7.587114884330348197e-01,6.514096959848482138e-01
3.303405935905822655e-01,1.949976673248015713e+00,4.629464121171730007e+00,-7.587919270843825892e-01,6.513159868328256552e-01
3.303309243796464512e-01,1.949873571451879783e+00,4.629217122334580381e+00,-7.588723657357304697e-01,6.512222776808029856e-01
3.303212551687106924e-01,1.949770469655743632e+00,4.628970123497430755e+00,-7.589528043870782392e-01,6.511285685287804270e-01
3.133885628815597513e-01,1.881216001606684118e+00,4.453379150706357592e+00,-8.131251642198666918e-01,5.820756326248155421e-01
3.114757481248367488e-01,1.876390940537489449e+00,4.440543682119668212e+00,-8.168448020392546916e-01,5.768458261773522500e-01
3.095854538403147727e-01,1.871512907114492030e+00,4.427787326717906424e+00,-8.205076401382088713e-01,5.716243233472549923e-01
3.077198802868620353e-01,1.866498848134287902e+00,4.415886516539571538e+00,-8.238940924401120247e-01,5.667316057424380826e-01
3.057001672527445146e-01,1.861646169775855730e+00,4.403560472403007076e+00,-8.273711596214932129e-01,5.616431680406248628e-01
3.048368880479016552e-01,1.859636587749909475e+00,4.397859603007118423e+00,-8.289688090727281855e-01,5.592825798709080143e-01
3.046760151910684611e-01,1.859277811596917074e+00,4.396905187117368996e+00,-8.292355221244134267e-01,5.588868671495714757e-01
3.045151411842151323e-01,1.858919032879167599e+00,4.395950764404856770e+00,-8.295022370827308533e-01,5.584911515994320785e-01
3.043542671773618591e-01,1.858560254161418346e+00,4.394996341692344544e+00,-8.297689520410482800e-01,5.580954360492927924e-01
2.950404860301645837e-01,1.838731844068548948e+00,4.339275280382120847e+00,-8.449928963572567175e-01,5.347634923730709700e-01
2.929310503848004954e-01,1.834222189164860906e+00,4.325334095824078240e+00,-8.486986109805809697e-01,5.288596094787421098e-01
2.909101303871906574e-01,1.830131562528416245e+00,4.313361291885192017e+00,-8.518483932626176314e-01,5.237689229382452849e-01
2.887195628894263510e-01,1.824187395847974402e+00,4.299266872154826835e+00,-8.555141893222960592e-01,5.177503130042103718e-01
2.864338919516035142e-01,1.819716582532306948e+00,4.286243824480751030e+00,-8.588665882602000146e-01,5.121682072980602296e-01
2.847608819953058035e-01,1.816567810057861054e+00,4.277947222698091245e+00,-8.609825132988297991e-01,5.086002018512161271e-01
2.845990457274923946e-01,1.816277558938928172e+00,4.277002871311920806e+00,-8.612223612515100823e-01,5.081934892795624270e-01
2.844372083027718601e-01,1.815987305745098368e+00,4.276058513174935349e+00,-8.614622109187738408e-01,5.077867738004721021e-01
2.842753708780512700e-01,1.815697052551268342e+00,4.275114155037949892e+00,-8.617020605860375992e-01,5.073800583213817772e-01
2.841135346102378612e-01,1.815406801432335682e+00,4.274169803651780342e+00,-8.619419085387177715e-01,5.069733457497279661e-01
2.709186571156887990e-01,1.793265394782327604e+00,4.206203434961608423e+00,8.786648556384368813e-01,-4.773922170694189782e-01
2.686581661308854452e-01,1.789779186229313090e+00,4.195149371922430426e+00,8.812900071907042721e-01,-4.725285549027563037e-01
2.655607854181856742e-01,1.785261970045492363e+00,4.181385302404613036e+00,8.845205721812861022e-01,-4.664520816589113883e-01
2.624240678497719581e-01,1.780631916282352289e+00,4.166561947934737553e+00,8.879521439045543474e-01,-4.598828788321261407e-01
2.604662367656375155e-01,1.777779747488214879e+00,4.157127879869447540e+00,8.901117604302047903e-01,-4.556893901751114528e-01
2.602841062807051409e-01,1.777521225394103732e+00,4.156364970315009622e+00,8.902850919293691101e-01,-4.553496007914853427e-01
2.601019744937899114e-01,1.777262701451914451e+00,4.155602055306815146e+00,8.904584246676156001e-01,-4.550098089788316424e-01
2.599198427068746819e-01,1.777004177509725391e+00,4.154839140298620670e+00,8.906317574058620901e-01,-4.546700171661779977e-01
2.597377122219423629e-01,1.776745655415614245e+00,4.154076230744182752e+00,8.908050889050262988e-01,-4.543302277825518876e-01
2.433545128777898359e-01,1.756155461592345590e+00,4.087216293044733995e+00,9.054882988670852617e-01,-4.243002376890610550e-01
2.401947515348188678e-01,1.751956251031255629e+00,4.075255317908965225e+00,9.080135369974451365e-01,-4.188792304427041424e-01
2.372340455205911580e-01,1.748436685223246911e+00,4.064154491607522068e+00,9.103215356955269844e-01,-4.138316111510618178e-01
2.335632246263185663e-01,1.744252460118476122e+00,4.050639905744059632e+00,9.130960132868826129e-01,-4.076704093244045146e-01
2.298971587424536445e-01,1.740296757349673706e+00,4.039299004189323306e+00,9.153927084989950114e-01,-4.024860900503932082e-01
2.295861973877514617e-01,1.739953096063979521e+00,4.038428284824322922e+00,9.155676603601622388e-01,-4.020874444531045144e-01
2.292752338101025078e-01,1.739609432321579163e+00,4.037557559234874915e+00,9.157426134719951483e-01,-4.016887960060470664e-01
2.289642702324535539e-01,1.739265768579178806e+00,4.036686833645426020e+00,9.159175665838280578e-01,-4.012901475589896183e-01
2.133074444159454019e-01,1.723059528435846977e+00,3.993942879242271093e+00,9.242849318995954855e-01,-3.816253653788429512e-01
2.091960904034884938e-01,1.719040198357546956e+00,3.981936455049934764e+00,9.265589684301864803e-01,-3.760697327461645645e-01
2.052156619329303100e-01,1.715434109618936498e+00,3.971854731574186559e+00,9.284430453876916234e-01,-3.713943755541318503e-01
2.012783841275243846e-01,1.712015131384645450e+00,3.961992794986654243e+00,9.302648868169171026e-01,-3.668124663545647701e-01
1.968046159238828474e-01,1.707988873037936228e+00,3.949282686717795254e+00,9.325775607028155001e-01,-3.608933554232584551e-01
1.925186773346970193e-01,1.703937440182011764e+00,3.937149625320861990e+00,9.347491936481704400e-01,-3.552290247122456002e-01
1.910507241909989162e-01,1.702546760420842409e+00,3.933419404892522842e+00,9.354093025514922388e-01,-3.534846931105951051e-01
1.906338809340812068e-01,1.702169677049184759e+00,3.932343756477280294e+00,9.355989568709839332e-01,-3.529814343725879433e-01
1.902170346973064974e-01,1.701792590981898501e+00,3.931268100372628638e+00,9.357886125462434590e-01,-3.524781720369716820e-01
1.758581434231644147e-01,1.689745449515219988e+00,3.895199654612747420e+00,9.419865821584026966e-01,-3.355433459249579364e-01
1.709082234665365296e-01,1.685809073864716456e+00,3.882153448905846460e+00,9.441558182548652756e-01,-3.293917526786077077e-01
1.662452318897082726e-01,1.682202894235787394e+00,3.870166549433919467e+00,9.461144266366531275e-01,-3.237275942659774697e-01
1.621615295555702274e-01,1.679069371982889525e+00,3.859793702534883408e+00,9.477802255395555431e-01,-3.188161584927222680e-01
1.570557494164666057e-01,1.675219193815682184e+00,3.846885648082450260e+00,9.498161102341368123e-01,-3.126918998777699632e-01
1.524552018876681458e-01,1.671872236034686265e+00,3.835435881678607828e+00,9.515884296944774334e-01,-3.072484990332670640e-01
1.497957804613842814e-01,1.669965496426177864e+00,3.828374078666421099e+00,9.526662287149517683e-01,-3.038862648443953485e-01
1.494699350055446740e-01,1.669738758049420069e+00,3.827462355756292567e+00,9.528043534289473149e-01,-3.034518519951195925e-01
1.491440872203573798e-01,1.669512018051794167e+00,3.826550626328596660e+00,9.529424791303450215e-01,-3.030174360403883882e-01
1.488182394351701132e-01,1.669285278054168487e+00,3.825638896900900754e+00,9.530806048317426171e-01,-3.025830200856571839e-01
1.305350832262405503e-01,1.655766413147980121e+00,3.777400712185913001e+00,9.601263750824001741e-01,-2.795172716781433309e-01
1.235757324218862419e-01,1.654069940941254924e+00,3.774132577556791546e+00,9.605252461978193157e-01,-2.779316116813511650e-01
1.198082198533746701e-01,1.651635830008263639e+00,3.765710116811597619e+00,9.616856478086406312e-01,-2.738837355165109066e-01
1.140947987156051974e-01,1.648281292858551961e+00,3.754093189682421006e+00,9.632616424559088397e-01,-2.682936152795430962e-01
1.082693823497605790e-01,1.645077613986762222e+00,3.743026481262831329e+00,9.647340623969496987e-01,-2.629601790610719414e-01
1.051511622411909069e-01,1.643329141029156171e+00,3.736880409278232840e+00,9.655384700996184622e-01,-2.599945161796532456e-01
1.048026957307433560e-01,1.643129721771602103e+00,3.736269290383393393e+00,9.656180074810698510e-01,-2.596995117003807474e-01
1.044542267292386667e-01,1.642930301088473932e+00,3.735658167119892958e+00,9.656975454311043094e-01,-2.594045051122312318e-01
1.041057577277339635e-01,1.642730880405345983e+00,3.735047043856392524e+00,9.657770833811387678e-01,-2.591094985240817161e-01
1.037572912172864126e-01,1.642531461147791694e+00,3.734435924961553077e+00,9.658566207625900457e-01,-2.588144940448092179e-01
7.626432683874859175e-02,1.627792572098191837e+00,3.678926161975163200e+00,9.726600932331683769e-01,-2.319093554048562433e-01
7.106903797113127419e-02,1.625269818030451230e+00,3.668551357458030182e+00,9.738516570447970366e-01,-2.268610629278791924e-01
6.670714428441354427e-02,1.623059097459787603e+00,3.659651526595521620e+00,9.748506890635847411e-01,-2.225250828000958636e-01
6.013240544239780577e-02,1.619813752763282544e+00,3.645173359461097107e+00,9.764261327515493250e-01,-2.154601089002597114e-01
5.508605157452523687e-02,1.617559043285155207e+00,3.635889776842271104e+00,9.774158739484344327e-01,-2.109254680666878545e-01
5.439868454858368813e-02,1.617281069876734145e+00,3.634758434225210610e+00,9.775355835754552247e-01,-2.103726548417301778e-01
5.371131260891158499e-02,1.617003094481184622e+00,3.633627083520603929e+00,9.776552940582355911e-01,-2.098198376649169083e-01
5.302394066923948185e-02,1.616725119085635098e+00,3.632495732815996803e+00,9.777750045410158464e-01,-2.092670204881036111e-01
5.233657364329793310e-02,1.616447145677214037e+00,3.631364390198936309e+00,9.778947141680367494e-01,-2.087142072631459344e-01
2.637314618257258214e-02,1.605014427651603182e+00,3.581102771963925679e+00,9.828492932409288452e-01,-1.840791194955072596e-01
2.063196258362413535e-02,1.602646538251551123e+00,3.568720519408487668e+00,9.839849222017673647e-01,-1.779933664807050175e-01
1.597457000901782859e-02,1.600963034869991697e+00,3.558582019616819192e+00,9.848741492632018257e-01,-1.730029621164289877e-01
9.607720109719603344e-03,1.598706465958193101e+00,3.547529973009532878e+00,9.858117137776343242e-01,-1.675573306594709821e-01
3.970845782074561986e-03,1.596746866861023628e+00,3.537556122408763049e+00,9.866350293469079435e-01,-1.626390949633602090e-01
2.724813781314432398e-03,1.596326012238415526e+00,3.535381353586346531e+00,9.868116598670810813e-01,-1.615662067783530942e-01
2.244696786715660083e-03,1.596161326238592748e+00,3.534577359283359144e+00,9.868766506819894868e-01,-1.611695179462147021e-01
1.764579792116887768e-03,1.595996640238770192e+00,3.533773364980372200e+00,9.869416414968977813e-01,-1.607728291140763099e-01
-1.984574523528300286e-02,1.589430709487039683e+00,3.499690534525286001e+00,9.895246173596383699e-01,-1.439294711355911249e-01
-2.543917151557985312e-02,1.587379471972526046e+00,3.490431065192365789e+00,9.902151677618407088e-01,-1.393516056245268364e-01
-3.145212365400597287e-02,1.585983501280222363e+00,3.481647272289610129e+00,9.908057499608975416e-01,-1.349997236962447444e-01
-3.710935376123882662e-02,1.584277258360712093e+00,3.472491494791676292e+00,9.914186626266745517e-01,-1.304632323032973718e-01
-4.355982754153548547e-02,1.582987609023038811e+00,3.462709874727314840e+00,9.920271806078337917e-01,-1.256106100175417295e-01
-4.909266592528727102e-02,1.580994955541970892e+00,3.452352725014908419e+00,9.926809422291754670e-01,-1.204736752461269961e-01
-5.534718670745172181e-02,1.580122665641376267e+00,3.443744900868386249e+00,9.931495607597066178e-01,-1.161955312968602355e-01
-6.119374887312475919e-02,1.578851142576865429e+00,3.434010458414494149e+00,9.936774976644564550e-01,-1.113573748698851174e-01
-6.704035283369055853e-02,1.577579610422710443e+00,3.424275946372703050e+00,9.942054383432304965e-01,-1.065191838567338262e-01
-7.288695679425637175e-02,1.576308078268555457e+00,3.414541434330911951e+00,9.947333790220044270e-01,-1.016809928435825350e-01
-7.860107365984674022e-02,1.574675486949657088e+00,3.404812001856171833e+00,9.952601426395980555e-01,-9.684510659533621113e-02
-8.499411960043082304e-02,1.573727860068159234e+00,3.394132568775169112e+00,9.957595211848685457e-01,-9.152901745605007688e-02
-8.974369590991577994e-02,1.573174673776365218e+00,3.387594502555831166e+00,9.960415384915148884e-01,-8.827231178932883060e-02
-9.730773219519581185e-02,1.571301504315880226e+00,3.374950436147817978e+00,9.965941984565852563e-01,-8.197477633634532579e-02
-1.039097799421612872e-01,1.570482603235657804e+00,3.366423492074008372e+00,9.969266026648920809e-01,-7.772445544795403283e-02
-1.071263958909049185e-01,1.570083511739675863e+00,3.361738285891306077e+00,9.971096988235661485e-01,-7.538913266695196347e-02
-1.075763287839750088e-01,1.569925545048541649e+00,3.361029188518858124e+00,9.971397057318645007e-01,-7.503585327746811751e-02
-1.080262648934475767e-01,1.569767577228162292e+00,3.360320086077337010e+00,9.971697128546711530e-01,-7.468257136252165473e-02
-1.084762010029201446e-01,1.569609609407783157e+00,3.359610983635816339e+00,9.971997199774778053e-01,-7.432928944757519196e-02
-1.362198172949160846e-01,1.566164968475101560e+00,3.326808145630589575e+00,9.982803464826657258e-01,-5.796428589988392166e-02
-1.428321592096027937e-01,1.565479128164578793e+00,3.318797218762291390e+00,9.985039676461270330e-01,-5.396522422937286706e-02
-1.485621378106702917e-01,1.564849782977975945e+00,3.312112516153200126e+00,9.986842598481504574e-01,-5.062785940907963550e-02
-1.556080034693309855e-01,1.564430182166924199e+00,3.305041195833847478e+00,9.988496549709920957e-01,-4.709619512977809147e-02
-1.620826184392337721e-01,1.564044714392216706e+00,3.297440075543089488e+00,9.990138923226260514e-01,-4.329934875699743141e-02
-1.668504833397510267e-01,1.563308879443668031e+00,3.291985683300730603e+00,9.991345599471812555e-01,-4.057494023907978753e-02
-1.673219672225590704e-01,1.563251248289197815e+00,3.291206299442833050e+00,9.991509558190004858e-01,-4.018560830194230910e-02
-1.677934544758296065e-01,1.563193616722744039e+00,3.290426910013410922e+00,9.991673518080276262e-01,-3.979627358161598460e-02
-1.682649417291001148e-01,1.563135985156290264e+00,3.289647520583988793e+00,9.991837477970548775e-01,-3.940693886128966705e-02
-1.941124094313922688e-01,1.561616820386644511e+00,3.264537181717731329e+00,9.996082543345167215e-01,-2.685947067618452144e-02
-2.011579649122452185e-01,1.561208496280769964e+00,3.256712390461567352e+00,9.997046285009314470e-01,-2.294838783163204859e-02
-2.068032105620959127e-01,1.561157225071266863e+00,3.252604266171104985e+00,9.997418984940974473e-01,-2.089472118313531745e-02
-2.133470202721324260e-01,1.560720365105202179e+00,3.246914929364943969e+00,9.998005784511051486e-01,-1.805076772587655212e-02
-2.207163342983217147e-01,1.560587775368277086e+00,3.243359123254090370e+00,9.998275181070250817e-01,-1.627313241408803388e-02
-2.273995984344324151e-01,1.560612074867066879e+00,3.240362528295363198e+00,9.998487094081854876e-01,-1.477504603607537360e-02
-2.279309005062181981e-01,1.560517749234612728e+00,3.239133955036317847e+00,9.998608261820920440e-01,-1.416088703403165644e-02
-2.283300096389208333e-01,1.560432914203284671e+00,3.237903623591803726e+00,9.998728152601671360e-01,-1.354584674366551313e-02
-2.287291187716234686e-01,1.560348079171956837e+00,3.236673292147289605e+00,9.998848043382422279e-01,-1.293080645329936981e-02
-2.291282250512641505e-01,1.560263244747078559e+00,3.235442969497893451e+00,9.998967933306125433e-01,-1.231577055959548646e-02
-2.600804285093537005e-01,1.560245690061464963e+00,3.223795568673057055e+00,9.999416729113959068e-01,-6.492438852107534387e-03
-2.669120699848517853e-01,1.560171828625511736e+00,3.222508043462458449e+00,9.999503780247156470e-01,-5.848740206135476585e-03
-2.733861540728902972e-01,1.560110873401105325e+00,3.222225147947296531e+00,9.999516096012671662e-01,-5.707301828267439571e-03
-2.803096032882402833e-01,1.560224077744166715e+00,3.222945585611866726e+00,9.999452097344754264e-01,-6.067476919027948827e-03
-2.870662974904913400e-01,1.560448120384849258e+00,3.223665073090427935e+00,9.999421510465156260e-01,-6.427195422001989907e-03
-2.876047952685142350e-01,1.560382177941729731e+00,3.223814687569585669e+00,9.999433778197326372e-01,-6.502009576149846148e-03
-2.879396736482630059e-01,1.560328957702797448e+00,3.223890780230518782e+00,9.999445832455842176e-01,-6.540063388008192022e-03
-2.882745520280117213e-01,1.560275737463865386e+00,3.223966872891451452e+00,9.999457886714357979e-01,-6.578117199866538763e-03
-2.886094280138569168e-01,1.560222517605381887e+00,3.224042965008430350e+00,9.999469940886703823e-01,-6.616170739694318161e-03
-2.889443063936056322e-01,1.560169297366449603e+00,3.224119057669363464e+00,9.999481995145219626e-01,-6.654224551552664034e-03
-3.268904627720443656e-01,1.560099897531878277e+00,3.225950285933042672e+00,9.999410639118694322e-01,-7.569783504573632076e-03
-3.335954609541911253e-01,1.560026130057996285e+00,3.226099763013941413e+00,9.999402383389347504e-01,-7.644515665777036097e-03
-3.402974774787383416e-01,1.560086289073640442e+00,3.226123259368085527e+00,9.999393069521029798e-01,-7.656256671417904086e-03
-3.468199657281715864e-01,1.560047588454122947e+00,3.225216546174654475e+00,9.999409413864552842e-01,-7.202914371013442556e-03
-3.526365957612004887e-01,1.560035399209068974e+00,3.224278107797819537e+00,9.999439905931098993e-01,-6.733720606371540983e-03
-3.603679419487835212e-01,1.559868212574119672e+00,3.223527466854725354e+00,9.999465861509201359e-01,-6.358421620362303579e-03
-3.670961946253516461e-01,1.559808030330878337e+00,3.224620178468215137e+00,9.999428361376170304e-01,-6.904746359439042566e-03
-3.694890586418032585e-01,1.559839427658270328e+00,3.224764752367267562e+00,9.999426962817057341e-01,-6.977031693937880974e-03
-3.699999120634532290e-01,1.559836079000005205e+00,3.224926994498580779e+00,9.999422265686150890e-01,-7.058148805551153759e-03
-3.705107691370038148e-01,1.559832730317801897e+00,3.225089237789702246e+00,9.999417568521665745e-01,-7.139266497040408846e-03
-3.710216262105544005e-01,1.559829381635598589e+00,3.225251481080823712e+00,9.999412871357181709e-01,-7.220384188529664800e-03
-4.002520194306098955e-01,1.559757356174046761e+00,3.234600099227110448e+00,9.998923434766890939e-01,-1.189427201707399413e-02
-4.072255987373677999e-01,1.559671066519428217e+00,3.238971594974092039e+00,9.998659932492774960e-01,-1.407978322443200446e-02
-4.115197084502567049e-01,1.559588677594789141e+00,3.242004736533371734e+00,9.998434806232300298e-01,-1.559613381988692732e-02
-4.120640452026567702e-01,1.559570111223613553e+00,3.242546579481814906e+00,9.998391726872031260e-01,-1.586701159921582310e-02
-4.126083858463173160e-01,1.559551544719713911e+00,3.243088426303691651e+00,9.998348647203805228e-01,-1.613789131494895029e-02
-4.131527264899778618e-01,1.559532978215814270e+00,3.243630273125567953e+00,9.998305567535578087e-01,-1.640877103068208095e-02
-4.413854685624259422e-01,1.558778168472437775e+00,3.271099860511657909e+00,9.995117151948765821e-01,-3.013928406709303828e-02
-4.484839384736407641e-01,1.558707344892645841e+00,3.278690638150825620e+00,9.993897349323097590e-01,-3.393257957191325724e-02
-4.538409597937522744e-01,1.558219956978828646e+00,3.285189212700411865e+00,9.992807492278554804e-01,-3.717994277353315474e-02
-4.612959726542563144e-01,1.558000005381215081e+00,3.294504660257347783e+00,9.990912751242716494e-01,-4.183366705332816626e-02
-4.677236339761714490e-01,1.557295019767785504e+00,3.303921014590252447e+00,9.988848119614005538e-01,-4.653715780854736361e-02
-4.735596377149060010e-01,1.557016239534402491e+00,3.313760455128645255e+00,9.986345039104892463e-01,-5.145033116541296303e-02
-4.739936660535606361e-01,1.556932264607203686e+00,3.314590442015345140e+00,9.986135178244153199e-01,-5.186477765974872867e-02
-4.744276974949220294e-01,1.556848289079699743e+00,3.315420434835311791e+00,9.985925315883196207e-01,-5.227922711680793588e-02
-4.748617289362834226e-01,1.556764313552195578e+00,3.316250427655278443e+00,9.985715453522239216e-01,-5.269367657386714310e-02
-4.877995713106719200e-01,1.555508073635481603e+00,3.337844464699517122e+00,9.978932817060142124e-01,-6.346873368305040730e-02
-5.047279493477777601e-01,1.553313464347016337e+00,3.367699128138345710e+00,9.968894183185548208e-01,-7.836129742915566576e-02
-5.104891213410163164e-01,1.552419890267799474e+00,3.376954901643733464e+00,9.965210146239418254e-01,-8.297434236045558853e-02
-5.168782629905553927e-01,1.551746975532074080e+00,3.387662789061021140e+00,9.960578427283327541e-01,-8.830803310406876161e-02
-5.227644743552088968e-01,1.550560069658666551e+00,3.399491847504006348e+00,9.955198895774084455e-01,-9.419783417317130481e-02
-5.278960586251617570e-01,1.549695857616420591e+00,3.408806321012674001e+00,9.950692549684129196e-01,-9.883305417224114153e-02
-5.283840365937171324e-01,1.549691339649448496e+00,3.409756942115023115e+00,9.950195482708115158e-01,-9.930574566444877460e-02
-5.288720180506449875e-01,1.549686821650179125e+00,3.410707570013007839e+00,9.949698412178754614e-01,-9.977844053575163352e-02
-5.293599995075729536e-01,1.549682303650909754e+00,3.411658197910992563e+00,9.949201341649395181e-01,-1.002511354070544786e-01
-5.490963197227402004e-01,1.545701758311238683e+00,3.455089415588294521e+00,9.924791358264651864e-01,-1.218274689626972357e-01
-5.550936077345726138e-01,1.544157167092546468e+00,3.469496657776566018e+00,9.915814001249045884e-01,-1.289744194314528247e-01
-5.606877288299146889e-01,1.542809657893579267e+00,3.481290535064455849e+00,9.908093395880032128e-01,-1.348202176356597115e-01
-5.657715118337216520e-01,1.541701108413820132e+00,3.492491941679488843e+00,9.900339904079394904e-01,-1.403666221551153892e-01
-5.718958858148777136e-01,1.539814814781186314e+00,3.506413372410211782e+00,9.890371848045202974e-01,-1.472551499364405103e-01
-5.760408564807766307e-01,1.538574835679156427e+00,3.516224516992988658e+00,9.883063733778675308e-01,-1.521056857451394961e-01
-5.768667197830872340e-01,1.538317107589923349e+00,3.518375952939200690e+00,9.881436194040102983e-01,-1.531689580438199139e-01
-5.771692714716638584e-01,1.538222685051776395e+00,3.519249887462515325e+00,9.880764122867258248e-01,-1.536007014914135549e-01
-5.774718231602403717e-01,1.538128262513629441e+00,3.520123821985829959e+00,9.880092051694413513e-01,-1.540324449390071959e-01
-5.777743748488168851e-01,1.538033839975482486e+00,3.520997756509144150e+00,9.879419980521568778e-01,-1.544641883866008647e-01
-5.780769243745796926e-01,1.537939418112322043e+00,3.521871684785071288e+00,9.878747914153075405e-01,-1.548959287478436642e-01
-6.069195336875852220e-01,1.528290082319308629e+00,3.594976940456204417e+00,9.815574145802569150e-01,-1.908944429761486872e-01
-6.116633179315501545e-01,1.526334831336717324e+00,3.607333574224116823e+00,9.803578905312142489e-01,-1.969548536744336331e-01
-6.172620808621085420e-01,1.523757233871243955e+00,3.623106157024022167e+00,9.787719423211415082e-01,-2.046795693311633801e-01
-6.221660749937527601e-01,1.521672080132832283e+00,3.635522829850095228e+00,9.774797299467237188e-01,-2.107515632051892851e-01
-6.247755048559198165e-01,1.520554493404420615e+00,3.642040989210547419e+00,9.767889994531596676e-01,-2.139364087556429317e-01
-6.252167055575492682e-01,1.520321531755813194e+00,3.643572270363015342e+00,9.766237131788840786e-01,-2.146839503506865476e-01
-6.256579094131581309e-01,1.520088568441849697e+00,3.645103562462041147e+00,9.764584257230385367e-01,-2.154314972896262947e-01
-6.260991132687669936e-01,1.519855605127886200e+00,3.646634854561067396e+00,9.762931382671929947e-01,-2.161790442285660141e-01
-6.465432975952695172e-01,1.510232423103146537e+00,3.701121624773237695e+00,9.700507693455533431e-01,-2.426952247500903381e-01
-6.508663840712275439e-01,1.508026293368552873e+00,3.714025862863416183e+00,9.684639620823594086e-01,-2.489488257461149046e-01
-6.540418457655665652e-01,1.506425998251818221e+00,3.724232897245993712e+00,9.671821179142264802e-01,-2.538884704317014296e-01
-6.594540075568063875e-01,1.503387726659990875e+00,3.742295085507036045e+00,9.648472565411306823e-01,-2.626120132768711701e-01
-6.637869370167985839e-01,1.500831101542293711e+00,3.756607783171459491e+00,9.629414418119540686e-01,-2.695095156201674502e-01
-6.661255480294422382e-01,1.499365533034276332e+00,3.764674465549286086e+00,9.618487151858944317e-01,-2.733917878803801549e-01
-6.664190234463139850e-01,1.499263204127724292e+00,3.765275337394381250e+00,9.617662061003783291e-01,-2.736806556882936392e-01
-6.667125009611319930e-01,1.499160874489660955e+00,3.765876213534885331e+00,9.616836964250353725e-01,-2.739695255612153990e-01
-6.670059784759498900e-01,1.499058544851597619e+00,3.766477089675389411e+00,9.616011867496925269e-01,-2.742583954341371033e-01
-6.843905431186178001e-01,1.488180379120834118e+00,3.823847447984735304e+00,9.533387529110497471e-01,-3.017252462392147616e-01
-6.886330291465870834e-01,1.485317820145098056e+00,3.839064514412455331e+00,9.510141318393979804e-01,-3.089695074558120869e-01
-6.922486564186244307e-01,1.482934128408008423e+00,3.850639687188138982e+00,9.492064119371480535e-01,-3.144671809930346673e-01
-6.967605374354529646e-01,1.480037136166077127e+00,3.864094146938624963e+00,9.470603745266716889e-01,-3.208424710098671251e-01
-7.008205701680049193e-01,1.477185769993304865e+00,3.877862511471776852e+00,9.448286201172055865e-01,-3.273543562472813750e-01
-7.036985446941300681e-01,1.474660638310617111e+00,3.891370276522112093e+00,9.426021983113798131e-01,-3.337302273789210516e-01
-7.039858550109169277e-01,1.474448825925504414e+00,3.892445968961324887e+00,9.424221447163386722e-01,-3.342370044070529511e-01
-7.042731673815780802e-01,1.474237012026224036e+00,3.893521669090262094e+00,9.422420898341614670e-01,-3.347437850579448870e-01
-7.045604797522392326e-01,1.474025198126943659e+00,3.894597369219198857e+00,9.420620349519843728e-01,-3.352505657088368229e-01
-7.048477900690259812e-01,1.473813385741830961e+00,3.895673061658411651e+00,9.418819813569432320e-01,-3.357573427369687780e-01
-7.229063392307354396e-01,1.458414278542685016e+00,3.967285417518928270e+00,9.292647644144967911e-01,-3.692625522749350409e-01
-7.264279880996123984e-01,1.455227615891895754e+00,3.981429894577007911e+00,9.266339575872372114e-01,-3.758268372664634871e-01
-7.293633599582501903e-01,1.452538565277700755e+00,3.992923377205276569e+00,9.244608615155754938e-01,-3.811465400644004076e-01
-7.331917038559693234e-01,1.447835203498146095e+00,4.008688112221837407e+00,9.214412771514186584e-01,-3.884272302584869108e-01
-7.364373043468266378e-01,1.444525677824024523e+00,4.022627257012039159e+00,9.187108961836724097e-01,-3.948394293489615459e-01
-7.368843799803846961e-01,1.444021137380741893e+00,4.024624336257646817e+00,9.183161261305934353e-01,-3.957565803558181772e-01
-7.370965038028758354e-01,1.443798852185260939e+00,4.025504802697491336e+00,9.181416523575387512e-01,-3.961607464617354912e-01
-7.373086276253669746e-01,1.443576566989779986e+00,4.026385269137334966e+00,9.179671785844840670e-01,-3.965649125676528053e-01
-7.375207499314748727e-01,1.443354283383321723e+00,4.027265729283097784e+00,9.177927060586684727e-01,-3.969690757843580275e-01
-7.523173214212194315e-01,1.427414955653614204e+00,4.094061909584080894e+00,9.040256291099342256e-01,-4.273946621622797259e-01
-7.553436497893755153e-01,1.423869965557063244e+00,4.108405845564552017e+00,9.009387237462779252e-01,-4.338680185497706954e-01
-7.583140750881763870e-01,1.420110165789256307e+00,4.122519695091634517e+00,8.978558748734609685e-01,-4.402156715414018429e-01
-7.615493119738910854e-01,1.416229433635446178e+00,4.137103150684669828e+00,8.946227342410939531e-01,-4.467511486637240070e-01
-7.646106039344873206e-01,1.412349242115262582e+00,4.151098333298949505e+00,8.914758470536644497e-01,-4.530009595189585792e-01
-7.658599371944939671e-01,1.410672697413978049e+00,4.157350898003635997e+00,8.900575889904223104e-01,-4.557869261175547804e-01
-7.660811227987540661e-01,1.410343657267370210e+00,4.158569293293830960e+00,8.897797911717871822e-01,-4.563290791462589757e-01
-7.663023099841875796e-01,1.410014614768576813e+00,4.159787697293880093e+00,8.895019913672790324e-01,-4.568712360506130277e-01
-7.665234971696209820e-01,1.409685572269783416e+00,4.161006101293929227e+00,8.892241915627709936e-01,-4.574133929549670241e-01
-7.781418818395160475e-01,1.393705794145281729e+00,4.222726800605538067e+00,8.746812549994417152e-01,-4.846297757158922748e-01
-7.807293038468585689e-01,1.389845836034897530e+00,4.236151379024903463e+00,8.714092015861822915e-01,-4.904902699612975758e-01
-7.832191580897243099e-01,1.386461889452155427e+00,4.248737604319498651e+00,8.683048519805300902e-01,-4.959641672711439520e-01
-7.855356172710580287e-01,1.381999155747555719e+00,4.267763271949902126e+00,-8.635524157808069923e-01,5.042044610218642253e-01
-7.880145548261107136e-01,1.377858103964477721e+00,4.285179303720140886e+00,-8.591295730782930740e-01,5.117053356366132455e-01
-7.893942362042755123e-01,1.375784551683369772e+00,4.293531051729437387e+00,-8.569832939514419046e-01,5.152872909006245283e-01
-7.923544262880346523e-01,1.370614017224097037e+00,4.313236950387298485e+00,-8.518655039054722211e-01,5.237064630964158862e-01
-7.945180010279294658e-01,1.366655058600155348e+00,4.327220981825326440e+00,-8.481823982215793700e-01,5.296495278206663215e-01
-7.964732860477947707e-01,1.362719440198679965e+00,4.341644567243768904e+00,-8.443236519601334811e-01,5.357416739112929038e-01
-7.983694219396487712e-01,1.358948544987162110e+00,4.356319286545685898e+00,-8.403408224909428847e-01,5.419035869482403678e-01
-8.002655713862710796e-01,1.355177622818920513e+00,4.370994110751698969e+00,-8.363579645499895632e-01,5.480655440344063267e-01
-8.018632245140334680e-01,1.351955068824904016e+00,4.383477932750832196e+00,-8.329557145840773558e-01,5.532983348790742051e-01
-8.036367905386520016e-01,1.347847927529301160e+00,4.399965675761829509e+00,-8.283650391223694731e-01,5.601454890865434910e-01
-8.051496693088298073e-01,1.343939225219911604e+00,4.414496581377568951e+00,-8.242729178886066821e-01,5.661486995530515820e-01
-8.062363287720470950e-01,1.341365013514296045e+00,4.424903380682489562e+00,-8.213157446427649111e-01,5.704299489395364686e-01
-8.061583252814338296e-01,1.340934678493628684e+00,4.426820207145987673e+00,-8.207694440588378937e-01,5.712173971927834160e-01
-8.060803212332027234e-01,1.340504340396656779e+00,4.428737047312163000e+00,-8.202231395696116811e-01,5.720048510752042681e-01
-8.060023171849715062e-01,1.340074002299685096e+00,4.430653887478339215e+00,-8.196768350803854686e-01,5.727923049576251202e-01
-8.130260965509545912e-01,1.326329447387386118e+00,4.485898547876852938e+00,-8.035266867023562742e-01,5.951992509365360284e-01
-8.143147814683292518e-01,1.322678397024415142e+00,4.503022219132335024e+00,-7.984002473256335275e-01,6.020562214317991545e-01
-8.152947956575610222e-01,1.319110027512709449e+00,4.520007635925264999e+00,-7.932581052602439842e-01,6.088147604502043286e-01
-8.161665166304684638e-01,1.316076311257949438e+00,4.533845525801138976e+00,-7.890261346453429914e-01,6.142881391944651215e-01
-8.174386287817632102e-01,1.311777939825190309e+00,4.553460669513786030e+00,-7.829664122915338531e-01,6.219991294938117532e-01
-8.189546536230049023e-01,1.308215650380353479e+00,4.576916473217084835e+00,-7.756130752789832661e-01,6.311346972987149639e-01
-8.189193539818740986e-01,1.308129165933985538e+00,4.576441955062327871e+00,-7.757631574044482337e-01,6.309509511164264062e-01
-8.188840540883991492e-01,1.308042680869372365e+00,4.575967433515417682e+00,-7.759132406027944295e-01,6.307672036206050104e-01
-8.188487541949243109e-01,1.307956195804759414e+00,4.575492911968507492e+00,-7.760633238011406254e-01,6.305834561247835035e-01
-8.188134545537933962e-01,1.307869711358391474e+00,4.575018393813750528e+00,-7.762134059266057040e-01,6.303997099424950568e-01
-8.187781546603185578e-01,1.307783226293778522e+00,4.574543872266840339e+00,-7.763634891249518999e-01,6.302159624466735499e-01
-8.187428547668437195e-01,1.307696741229165571e+00,4.574069350719930149e+00,-7.765135723232980958e-01,6.300322149508521541e-01
-8.187075551257128048e-01,1.307610256782797631e+00,4.573594832565173185e+00,-7.766636544487630633e-01,6.298484687685635963e-01
-8.235179899513922486e-01,1.280132266580467526e+00,4.699537378199959647e+00,-7.354949836001755115e-01,6.774815858724166917e-01
-8.238260119278518756e-01,1.276776553520147406e+00,4.714410353506787388e+00,-7.304363505509466892e-01,6.829320596270942456e-01
-8.238497536361092388e-01,1.276472838063631210e+00,4.715750517613505721e+00,-7.299782185654026812e-01,6.834210330973167213e-01
-8.238734955140872840e-01,1.276169120435966420e+00,4.717090691300557914e+00,-7.295200833048438582e-01,6.839100100630280954e-01
-8.238972373920653292e-01,1.275865402808301630e+00,4.718430864987609219e+00,-7.290619480442851463e-01,6.843989870287394695e-01
-8.244623794848716658e-01,1.262328205260665470e+00,4.776014303884962509e+00,-7.090570544185875734e-01,7.051029569101237016e-01
-8.242653765745833194e-01,1.257844433264514894e+00,4.796054089901287121e+00,-7.019618134075966687e-01,7.121774846741824039e-01
-8.242311074389236936e-01,1.254287121404148664e+00,4.812541994301009929e+00,-6.960684735065110207e-01,7.179418118944442817e-01
-8.234851086297432232e-01,1.250489516004579915e+00,4.830296595433203777e+00,-6.896707006242894789e-01,7.240957543858366208e-01
-8.232790090236586922e-01,1.246881876173757675e+00,4.846912102794796340e+00,-6.836308496862023576e-01,7.297997696921232347e-01
-8.229882634312369882e-01,1.242950199968896108e+00,4.862847714277457101e+00,-6.777944787596540399e-01,7.352237681953466275e-01
-8.229088046245254251e-01,1.241718961488255113e+00,4.867774458164604745e+00,-6.759812874301254215e-01,7.368911885325190037e-01
-8.228850389041095781e-01,1.241393081099889439e+00,4.869001072289055543e+00,-6.755291617591745457e-01,7.373055711851353999e-01
-8.228612730138015197e-01,1.241067198381926584e+00,4.870227695182112626e+00,-6.750770328561458422e-01,7.377199568000188945e-01
-8.228375071234934612e-01,1.240741315663963729e+00,4.871454318075168821e+00,-6.746249039531170277e-01,7.381343424149023891e-01
-8.207342441008650402e-01,1.222019676354834106e+00,4.941298481694163414e+00,-6.484464815195796206e-01,7.612445083437051618e-01
-8.197980003337167476e-01,1.217933337864138599e+00,4.957884726178255264e+00,-6.421055983157742952e-01,7.665892716268037921e-01
-8.191315941412633528e-01,1.214566896092389658e+00,4.970808987302073767e+00,-6.371367542342164514e-01,7.707205853590394229e-01
-8.185354958463973984e-01,1.210194667453226902e+00,4.989086585822295916e+00,-6.300713143155285412e-01,7.765165678104096747e-01
-8.190588557314745222e-01,1.207588188263888140e+00,5.000256512458069125e+00,-6.257202137112344298e-01,7.800177781647049668e-01
-8.185280167041524280e-01,1.205165883868507537e+00,5.009262291872656370e+00,-6.222007578268835548e-01,7.828264167696350473e-01
-8.184632892615122390e-01,1.204785224188064774e+00,5.010560259696839935e+00,-6.216925798827364069e-01,7.832300445720600246e-01
-8.183985613561598482e-01,1.204404561786428074e+00,5.011858236799711541e+00,-6.211843983058147334e-01,7.836336752598697108e-01
-8.183338334508073464e-01,1.204023899384791374e+00,5.013156213902583147e+00,-6.206762167288930598e-01,7.840373059476792861e-01
-8.149587084175832219e-01,1.190135517146599931e+00,5.067437178000412601e+00,-5.991500903076724116e-01,8.005644339405535437e-01
-8.131755529314321773e-01,1.184397507005473305e+00,5.090621447985664183e+00,-5.898538536899844420e-01,8.074882920812133102e-01
-8.122972001107773288e-01,1.181503833667604919e+00,5.102138559486112612e+00,-5.851937964599971398e-01,8.108711259484006062e-01
-8.107867913185172748e-01,1.176710397595732038e+00,5.121129736219245387e+00,-5.774688038058352069e-01,8.163926204206209958e-01
-8.093164980652316487e-01,1.172725761038396763e+00,5.137237577563951163e+00,-5.708755326200769531e-01,8.210177666079330194e-01
-8.079932244293110966e-01,1.168982188036978398e+00,5.152775803472784411e+00,-5.644709861164080023e-01,8.254150187941866612e-01
-8.064960463753535480e-01,1.165250145656096192e+00,5.167753090551826745e+00,-5.582371517539753691e-01,8.295639869639548358e-01
-8.049988576186284384e-01,1.161518076596234517e+00,5.182730484697910533e+00,-5.520032728281855094e-01,8.337129847931493698e-01
-8.035016688619033287e-01,1.157786007536372841e+00,5.197707878843993434e+00,-5.457693939023955387e-01,8.378619826223437927e-01
-8.017407421192259687e-01,1.153577187634639900e+00,5.213993950772722208e+00,-5.389551714696174667e-01,8.423192547244254813e-01
-8.003001309359721871e-01,1.150108374057050797e+00,5.226508470839053011e+00,-5.336705373468679792e-01,8.456695751403089378e-01
-7.981503234608590125e-01,1.145639681430498324e+00,5.244273168019356390e+00,-5.261434485048450682e-01,8.503851153010055786e-01
-7.962889343953362120e-01,1.141607156483122054e+00,5.259496365467404289e+00,-5.196561759315577733e-01,8.543663813648879612e-01
-7.943373006226236432e-01,1.137600019454764189e+00,5.274985218336555981e+00,-5.130251699245145236e-01,8.583669804173885698e-01
-7.927161921930824251e-01,1.134441638861475976e+00,5.287156023973146546e+00,-5.077921695419447268e-01,8.614729912372214304e-01
-7.927529517272299264e-01,1.134449888960515906e+00,5.286922246640277656e+00,-5.078918651135193585e-01,8.614119397025318259e-01
-7.927897115241576698e-01,1.134458139118532660e+00,5.286688467636221134e+00,-5.079915613977803446e-01,8.613508877314076662e-01
-7.928264713210855241e-01,1.134466389276549414e+00,5.286454688632164611e+00,-5.080912576820414417e-01,8.612898357602835064e-01
-7.826271871641975464e-01,1.116893509142079077e+00,5.341778219751087242e+00,-4.840783591961865251e-01,8.750190985870683891e-01
-7.793890960086006237e-01,1.111921522100182802e+00,5.357015247415096937e+00,-4.773979163857930419e-01,8.786814167175646118e-01
-7.763901397791843628e-01,1.107665273915891424e+00,5.369013179961967808e+00,-4.721175130319186786e-01,8.815282421736247986e-01
-7.738820538018611472e-01,1.103864850093981165e+00,5.380145221512272258e+00,-4.672035562432804712e-01,8.841422676104101486e-01
-7.701421610849675803e-01,1.098441707121041944e+00,5.400680890352319352e+00,-4.581013294109440581e-01,8.888936543969783166e-01
-7.678764098482213640e-01,1.094756860179606273e+00,5.406877194349538840e+00,-4.553448636877727163e-01,8.903079806637058669e-01
-7.672742326349096809e-01,1.093909234924026697e+00,5.409254297321363758e+00,-4.542863844202462698e-01,8.908485897361591022e-01
-7.670283207248466129e-01,1.093560883939362016e+00,5.410216884438032281e+00,-4.538575322650205135e-01,8.910670536375133732e-01
-7.667824088147834338e-01,1.093212532954697336e+00,5.411179471554701692e+00,-4.534286801097948127e-01,8.912855175388675333e-01
-7.657315272278816254e-01,1.091800279626827574e+00,5.415162383799818180e+00,-4.516452007458618412e-01,8.921713897991678799e-01
-7.513887979360537317e-01,1.073025062685598607e+00,5.467536766477560484e+00,-4.281343070662821382e-01,9.037017893950594072e-01
-7.478155355598473664e-01,1.068418495314210626e+00,5.480189601443803404e+00,-4.224078727145288426e-01,9.063907177306774754e-01
-7.445138551444653308e-01,1.064440211451955332e+00,5.490924282625228692e+00,-4.175349813870572468e-01,9.086406753553336602e-01
-7.405228220840941455e-01,1.059683331273862716e+00,5.504088067710225296e+00,-4.115445115635506523e-01,9.113671621741359363e-01
-7.374892665227573696e-01,1.056119043807229430e+00,5.513049088274023291e+00,-4.074530646295296266e-01,9.131930723170657016e-01
-7.353237381385075988e-01,1.053732811013735393e+00,5.519909916012914586e+00,-4.043076214804416368e-01,9.145616162487925083e-01
-7.331582252347020878e-01,1.051346595278407570e+00,5.526770694706656606e+00,-4.011622008167929909e-01,9.159301503973790171e-01
-7.309926968504523170e-01,1.048960362484913311e+00,5.533631522445547901e+00,-3.980167576677050012e-01,9.172986943291058237e-01
-7.288271684662024352e-01,1.046574129691419275e+00,5.540492350184439196e+00,-3.948713145186169560e-01,9.186672382608326304e-01
-7.266616555623969242e-01,1.044187913956091451e+00,5.547353128878181217e+00,-3.917258938549683656e-01,9.200357724094191392e-01
-7.149313837382470505e-01,1.032141478702816695e+00,5.584448108893210083e+00,-3.746016966420188110e-01,9.271586681529720986e-01
-7.133820419292495885e-01,1.030588978052016325e+00,5.589109702410306468e+00,-3.724394777777354504e-01,9.280288082064453992e-01
-7.084298098034970126e-01,1.025639323263384695e+00,5.603664802714064308e+00,-3.656722984122905973e-01,9.307055139727559157e-01
-7.023262556575050608e-01,1.019797772567925698e+00,5.620782441138932661e+00,-3.576969881193015066e-01,9.338108184836836356e-01
-6.992425782080304852e-01,1.017044688020859899e+00,5.629557158308840847e+00,-3.535967550474498622e-01,9.353715910422580881e-01
-6.988866757125180573e-01,1.016722234391350677e+00,5.630686574804014022e+00,-3.530685105423647663e-01,9.355711854726384002e-01
-6.985307706727914567e-01,1.016399778456740899e+00,5.631815999372964399e+00,-3.525402622610567249e-01,9.357707813298449251e-01
-6.981748656330647451e-01,1.016077322522131121e+00,5.632945423941914775e+00,-3.520120139797486836e-01,9.359703771870514499e-01
-6.805520235333829548e-01,1.000941941225216958e+00,5.678349286113085093e+00,-3.306735321676505523e-01,9.437162473569274956e-01
-6.759032089046205227e-01,9.973571379988568353e-01,5.689104793578105834e+00,-3.255929702875701159e-01,9.454787525167720474e-01
-6.719452307360486154e-01,9.943767208823469650e-01,5.699001167662150813e+00,-3.209106093005950622e-01,9.470783006823401129e-01
-6.666721688378094424e-01,9.904564570926425171e-01,5.711179418936022323e+00,-3.151376926285073266e-01,9.490144205326072058e-01
-6.618447614308611282e-01,9.867937575057432742e-01,5.722531456666898997e+00,-3.097448615245304571e-01,9.507842932360853760e-01
-6.583471655902981556e-01,9.844637888967888717e-01,5.728662115001249333e+00,-3.068314999996313852e-01,9.517372186251303878e-01
-6.580760593645627043e-01,9.842007453145021900e-01,5.729602749648889493e+00,-3.063833651414458736e-01,9.518799161641418038e-01
-6.578049512007899668e-01,9.839376998518148953e-01,5.730543391020776589e+00,-3.059352270797113804e-01,9.520226147232445646e-01
-6.575338430370172293e-01,9.836746543891276007e-01,5.731484032392663686e+00,-3.054870890179768872e-01,9.521653132823474364e-01
-6.572627368112818891e-01,9.834116108068408080e-01,5.732424667040304733e+00,-3.050389541597913756e-01,9.523080108213587414e-01
-6.312110480695451997e-01,9.657111352247703673e-01,5.780102357359207410e+00,-2.822512333100202775e-01,9.593041841491640742e-01
-6.282343507251113568e-01,9.637734121540381116e-01,5.784927788860372289e+00,-2.799354696006222110e-01,9.599809540380562778e-01
-6.219136294297860079e-01,9.598441967718412959e-01,5.795616394941751182e+00,-2.748011665372407930e-01,9.614636477879676679e-01
-6.151960455085818680e-01,9.556057451840171968e-01,5.807940025402046125e+00,-2.688723871916769426e-01,9.631413851027796902e-01
-6.099361665150367928e-01,9.520987716395760136e-01,5.817959773896693498e+00,-2.640455442476169479e-01,9.644826226361251642e-01
-6.095387822158724322e-01,9.518436724979346675e-01,5.818638223097898354e+00,-2.637183499766009298e-01,9.645721278906138618e-01
-6.091413950759559937e-01,9.515885715326846128e-01,5.819316677149083183e+00,-2.633911533665950766e-01,9.646616337849420741e-01
-6.087440079360394440e-01,9.513334705674346692e-01,5.819995131200268013e+00,-2.630639567565892234e-01,9.647511396792703975e-01
-5.874043356696986296e-01,9.391741152255792535e-01,5.849741387214746347e+00,-2.486870570995210195e-01,9.685589539920697044e-01
-5.809160349683776259e-01,9.355587660561109908e-01,5.857570291020999242e+00,-2.448933356214223478e-01,9.695232289762312217e-01
-5.748917035242234741e-01,9.321448902740431253e-01,5.864990548027576800e+00,-2.412941953764877745e-01,9.704235030386378913e-01
-5.693017180409107869e-01,9.289580322739190432e-01,5.872047382212110200e+00,-2.378688976171054181e-01,9.712698918071310805e-01
-5.633572968054442187e-01,9.257505133074533932e-01,5.879313608398027746e+00,-2.343392887284080905e-01,9.721305340294681407e-01
-5.573326863292590305e-01,9.227174949042953322e-01,5.886122999155889879e+00,-2.310283873231059326e-01,9.729238408592932874e-01
-5.514683361965739827e-01,9.198490557031961945e-01,5.893340128055802651e+00,-2.275111771301789876e-01,9.737299650679154261e-01
-5.454435548291168834e-01,9.169136374782550503e-01,5.901180709383831768e+00,-2.236882484987909592e-01,9.745975169436399410e-01
-5.394187303927443500e-01,9.139781982691035367e-01,5.909021346761253568e+00,-2.198652925387117041e-01,9.754650750211694143e-01
-5.333939059563718166e-01,9.110427590599520231e-01,5.916861984138674480e+00,-2.160423365786324490e-01,9.763326330986987767e-01
-5.267849774284062425e-01,9.078708439154885568e-01,5.925679186439420931e+00,-2.117399854018219840e-01,9.772938224192596612e-01
-5.202565243529440053e-01,9.024447894664785474e-01,5.943502917385976581e+00,-2.030284540013451988e-01,9.791722387549243178e-01
-5.147977072034883861e-01,8.999730561877271606e-01,5.950881103128511818e+00,-1.994148260853904897e-01,9.799145784108898027e-01
-5.083670988607732477e-01,8.971867114990592640e-01,5.959668107026454997e+00,-1.951076339449610564e-01,9.807811234228538400e-01
-5.023050959139926386e-01,8.946545653560793454e-01,5.967890086816894701e+00,-1.910740618154975756e-01,9.815751573892533832e-01
-5.002769082928471001e-01,8.938146628198384569e-01,5.971082935162807637e+00,-1.895068100987122306e-01,9.818789488375042618e-01
-4.997899986561356034e-01,8.936255892137860979e-01,5.971658098138923343e+00,-1.892244127754924843e-01,9.819333068163518252e-01
-4.993030855386886291e-01,8.934365142561170314e-01,5.972233265226665644e+00,-1.889420134335195733e-01,9.819876651837842196e-01
-4.988161724212417103e-01,8.932474392984479650e-01,5.972808432314407057e+00,-1.886596140915466624e-01,9.820420235512167251e-01
-4.711171180126765834e-01,8.823382867118807482e-01,6.012658785264675565e+00,-1.690560311193406440e-01,9.856055184697281035e-01
-4.688890797712654268e-01,8.809583915106949936e-01,6.027883606894303803e+00,-1.615484290906253062e-01,9.868642261315303532e-01
-4.637222253479632572e-01,8.790391595028024252e-01,6.034729995891139787e+00,-1.581691850468646132e-01,9.874109809429234552e-01
-4.563808160976322026e-01,8.761241365712653106e-01,6.044356482525409469e+00,-1.534147414956691935e-01,9.881609732545189040e-01
-4.501888407291685379e-01,8.739360150501211955e-01,6.052437105460412248e+00,-1.494210537237636305e-01,9.887729585463883586e-01
-4.462616679250716589e-01,8.727514640775917432e-01,6.057327990861143263e+00,-1.470026355803165652e-01,9.891354954210116457e-01
-4.458050335913365525e-01,8.726210844893430574e-01,6.057842322905774957e+00,-1.467482476905014599e-01,9.891731927401576918e-01
-4.453483959932929004e-01,8.724907039690592558e-01,6.058356658627174873e+00,-1.464938579821622178e-01,9.892108903287878396e-01
-4.448917583952491928e-01,8.723603234487754543e-01,6.058870994348574790e+00,-1.462394682738229479e-01,9.892485879174178764e-01
-4.364072252318402234e-01,8.697095563770206317e-01,6.065941849657398244e+00,-1.427391948192650861e-01,9.897456953526776458e-01
-4.100888562914243862e-01,8.616168487235238427e-01,6.087296531678743960e+00,-1.321647072749357332e-01,9.912233003375324758e-01
-4.040241389230780356e-01,8.599484294128757478e-01,6.091652250841950611e+00,-1.300058045893037750e-01,9.915099611251712020e-01
-3.985562628656700301e-01,8.583636747503097242e-01,6.095297847754707732e+00,-1.281982818154178694e-01,9.917454046348382901e-01
-3.906265462795563970e-01,8.559892108977940062e-01,6.100211389649540017e+00,-1.257612575384937370e-01,9.920561932454485810e-01
-3.845722204225704988e-01,8.541283192176467587e-01,6.103765618952949445e+00,-1.239977725408879516e-01,9.922758002777476438e-01
-3.838843607194137308e-01,8.539235223085672732e-01,6.104166787748941836e+00,-1.237987147069954386e-01,9.923004892685985956e-01
-3.831964960990044688e-01,8.537187239354712132e-01,6.104567959412739775e+00,-1.235996554501126860e-01,9.923251784359420347e-01
-3.809043131286475314e-01,8.531171804339333642e-01,6.105293573058853340e+00,-1.232395753744513073e-01,9.923695534271480545e-01
-3.643963997797039500e-01,8.490001118638974553e-01,6.108894038032775420e+00,-1.214527042544678026e-01,9.925883627368123907e-01
-3.509342976338652997e-01,8.453488902689288986e-01,6.108602635247946111e+00,-1.215972287262464674e-01,9.925699017644398214e-01
-3.439043398981792565e-01,8.444838619611134689e-01,6.100530912304596320e+00,-1.256017094801936684e-01,9.920679454886034421e-01
-3.373992451861192454e-01,8.428967363045151151e-01,6.100117409136373681e+00,-1.258070181806594245e-01,9.920435312951887408e-01
-3.303887626710552694e-01,8.411173645177537628e-01,6.099857694907985461e+00,-1.259355003157816011e-01,9.920245021997966539e-01
-3.239792767360933912e-01,8.393670447358599906e-01,6.099404901891618991e+00,-1.261600109030254213e-01,9.919953593209586140e-01
-3.178077560418019476e-01,8.377578907975594680e-01,6.099103822968368505e+00,-1.263094261888016989e-01,9.919770013298508937e-01
-3.116262598047835342e-01,8.361447064067797363e-01,6.098948649392568200e+00,-1.263864651238059966e-01,9.919677867041477581e-01
-3.054447635677651762e-01,8.345315220160000047e-01,6.098793475816767007e+00,-1.264635040588102943e-01,9.919585720784446226e-01
-2.994474209415102228e-01,8.329600071088006930e-01,6.098723807628170235e+00,-1.264981126647172216e-01,9.919545960346158875e-01
-2.918226457705171417e-01,8.309224989858996491e-01,6.099000593482574395e+00,-1.263606957624422156e-01,9.919710239498754634e-01
-2.852729035512142075e-01,8.291872671128868166e-01,6.098251955805730873e+00,-1.267321106005297182e-01,9.919245178680600183e-01
-2.801550295928742496e-01,8.278409494677503311e-01,6.097774372543885768e+00,-1.269691276893556431e-01,9.918954571748712645e-01
-2.725110647927447838e-01,8.258327665202940260e-01,6.097177032288622733e+00,-1.272656149889166699e-01,9.918593884065092237e-01
-2.660847156594624008e-01,8.241180463428348091e-01,6.098113466394791793e+00,-1.268012687391592286e-01,9.919194397583315226e-01
-2.645970258236073347e-01,8.237178030508424120e-01,6.098301347008138862e+00,-1.267080672216441550e-01,9.919311926482833330e-01
-2.640965841243750889e-01,8.235891124415055664e-01,6.098297955101520174e+00,-1.267097411021287645e-01,9.919309120901536048e-01
-2.635961388476717460e-01,8.234604209122075025e-01,6.098294563170653326e+00,-1.267114149945793022e-01,9.919306315300182586e-01
-2.630956935709684030e-01,8.233317293829094385e-01,6.098291171239787367e+00,-1.267130888870298400e-01,9.919303509698830235e-01
-2.339091507898278521e-01,8.154776853641959589e-01,6.098862409692483944e+00,-1.264298954779383699e-01,9.919674918801087982e-01
-2.274913393769803782e-01,8.137515896381166680e-01,6.099395123248246620e+00,-1.261657424311677100e-01,9.920016723055287144e-01
-2.219495713569426265e-01,8.122700608831503466e-01,6.099604066290162052e+00,-1.260620994201951117e-01,9.920147972504088640e-01
-2.146921237951730232e-01,8.103089848356942460e-01,6.100003537567000755e+00,-1.258638932948874800e-01,9.920394607696602085e-01
-2.081799770850659703e-01,8.085031403302941344e-01,6.100137451559977997e+00,-1.257972949628844983e-01,9.920465133090836662e-01
-2.049400314936186407e-01,8.076203981446369307e-01,6.100023599063839619e+00,-1.258538153937322768e-01,9.920397221764097884e-01
-2.044939503704928385e-01,8.074999637505904104e-01,6.100025633923047863e+00,-1.258528172223308261e-01,9.920399381881240819e-01
-2.040478660584994497e-01,8.073795284956032381e-01,6.100027668796801805e+00,-1.258518190437938611e-01,9.920401542013824736e-01
-2.036017817465060331e-01,8.072590932406160658e-01,6.100029703670556636e+00,-1.258508208652568683e-01,9.920403702146408653e-01
-1.758118566896221535e-01,7.999709924722977483e-01,6.100531968782750170e+00,-1.256012698287254925e-01,9.920686786298033022e-01
-1.690611015751195545e-01,7.981597891901313080e-01,6.100650538100888198e+00,-1.255423567869769497e-01,9.920753457676256826e-01
-1.631090092017051518e-01,7.965178046993076633e-01,6.100650621125497608e+00,-1.255423531492889377e-01,9.920756477216529090e-01
-1.566317161034734284e-01,7.947566399759923295e-01,6.100875663698549722e+00,-1.254307271383959532e-01,9.920898032832978775e-01
-1.496271904703093125e-01,7.929459542321858345e-01,6.100646901011528733e+00,-1.255441661397343200e-01,9.920751587112247583e-01
-1.442550041551459716e-01,7.915417919276116487e-01,6.100355766775467536e+00,-1.256885917368660011e-01,9.920569789100133207e-01
-1.428519069170268718e-01,7.911802808196188863e-01,6.100202465259487283e+00,-1.257646322789273130e-01,9.920473339176677507e-01
-1.316271558171677458e-01,7.881460149303288754e-01,6.100202842746877963e+00,-1.257644587546687120e-01,9.920474658828476455e-01
-1.296231967579712097e-01,7.876170773752160237e-01,6.100323445442874970e+00,-1.257046725982553514e-01,9.920553308696056227e-01
-1.278976141038899172e-01,7.871645697437028577e-01,6.100302109990295207e+00,-1.257152998782508913e-01,9.920543394874452581e-01
-1.261720191142616798e-01,7.867120588773812706e-01,6.100280774385195670e+00,-1.257259272342168832e-01,9.920533480981978958e-01
-1.053612077853262191e-01,7.812421699554247256e-01,6.101336507709148371e+00,-1.252023237048306148e-01,9.921202567424248775e-01
-9.839198062090738495e-02,7.793072378843552972e-01,6.101347450536061423e+00,-1.251969017049648081e-01,9.921209917106735832e-01
-9.151334057837501312e-02,7.775297639740340605e-01,6.101432273623454527e+00,-1.251549266866255894e-01,9.921271129969899683e-01
-8.663271403277225668e-02,7.763375597758165325e-01,6.101495107370445758e+00,-1.251238253864789263e-01,9.921315859718172758e-01
-8.628850667363777149e-02,7.762537791237934526e-01,6.101511038463512726e+00,-1.251159212588771885e-01,9.921325726789580468e-01
-8.594429685389323725e-02,7.761699978728536786e-01,6.101526969670464595e+00,-1.251080170747717879e-01,9.921335593931525088e-01
-8.560008703414870301e-02,7.760862166219139047e-01,6.101542900877417352e+00,-1.251001128906664150e-01,9.921345461073469707e-01
-8.525587967501421782e-02,7.760024359698908247e-01,6.101558831970484320e+00,-1.250922087630646773e-01,9.921355328144878527e-01
-8.491166985526968358e-02,7.759186547189510508e-01,6.101574763177437077e+00,-1.250843045789592767e-01,9.921365195286822036e-01
-4.585044208905478258e-02,7.660358357826665410e-01,6.104821821930823234e+00,-1.234735206644940048e-01,9.923394392895275029e-01
-3.936590101132135533e-02,7.643292183950074481e-01,6.105063525526005286e+00,-1.233538137633570786e-01,9.923561239889323593e-01
-3.324943160853793128e-02,7.626710351033242352e-01,6.105028095850602021e+00,-1.233716088650497616e-01,9.923556736960796876e-01
-2.690463208936689707e-02,7.609575398451530193e-01,6.104745928888611672e+00,-1.235117171494396343e-01,9.923390977507461352e-01
-2.618842909869397578e-02,7.607719794230985988e-01,6.104634215679104692e+00,-1.235671423679939041e-01,9.923321709004477853e-01
-2.576108361813904749e-02,7.606611388698726328e-01,6.104521274464518754e+00,-1.236231797869281335e-01,9.923251915288550107e-01
-2.533373813758412266e-02,7.605502983166466668e-01,6.104408333249931928e+00,-1.236792172058623768e-01,9.923182121572622361e-01
-2.490639265702919783e-02,7.604394577634207009e-01,6.104295392035345991e+00,-1.237352546247966062e-01,9.923112327856695725e-01
5.364954563178923538e-03,7.523373021738765098e-01,6.099571765521486277e+00,-1.260784018742346635e-01,9.920149723003766074e-01
1.150049188160527994e-02,7.506720005461553491e-01,6.098169945347175158e+00,-1.267737981802173897e-01,9.919272514722067280e-01
1.780648576226834950e-02,7.488577065133293909e-01,6.096894063458187851e+00,-1.274063199637269217e-01,9.918442808655875131e-01
2.471077760434638171e-02,7.469027762552673533e-01,6.095361764144179517e+00,-1.281654961851136643e-01,9.917410582139760677e-01
3.158556699293586095e-02,7.450586302178305864e-01,6.093795536836036142e+00,-1.289417979007165260e-01,9.916380408635726562e-01
3.413642232950705319e-02,7.443740242877333602e-01,6.093232168158015938e+00,-1.292210717984992874e-01,9.916012977729526945e-01
3.461860318941226144e-02,7.442332622164720135e-01,6.093098922680372453e+00,-1.292871378008345062e-01,9.915927102227609646e-01
3.510078749624863381e-02,7.440924991389550325e-01,6.092965676250207352e+00,-1.293532042754509670e-01,9.915841226111800077e-01
3.558297180308500618e-02,7.439517360614381625e-01,6.092832429820042250e+00,-1.294192707500674000e-01,9.915755349995990509e-01
6.284498468976253138e-02,7.360357211003363265e-01,6.085952897157230979e+00,-1.328304217203730986e-01,9.911329684653317207e-01
6.936071802893098437e-02,7.341323516227695745e-01,6.084513921326882624e+00,-1.335433787465576116e-01,9.910362755342523311e-01
7.358976594860454357e-02,7.329455900654513467e-01,6.082282525966239639e+00,-1.346487507075630474e-01,9.908848870151861776e-01
8.246569070097352350e-02,7.303472373126267403e-01,6.077796457625737503e+00,-1.368709150403658037e-01,9.905797665273662345e-01
8.881727703314526434e-02,7.284671648684756251e-01,6.073984585903901667e+00,-1.387587724158699243e-01,9.903179968888635720e-01
9.286557677145861056e-02,7.273185754948640058e-01,6.071575290830844907e+00,-1.399518690458100290e-01,9.901516331355610934e-01
9.328819830191895091e-02,7.272038911847727993e-01,6.071312461509006830e+00,-1.400820124487343055e-01,9.901334032177737665e-01
9.371082285354302710e-02,7.270892060548461711e-01,6.071049630308300138e+00,-1.402121567820052150e-01,9.901151731696676839e-01
9.413344740516708942e-02,7.269745209249195428e-01,6.070786799107592557e+00,-1.403423011152761246e-01,9.900969431215614902e-01
9.455606893562742976e-02,7.268598366148283363e-01,6.070523969785755369e+00,-1.404724445182004011e-01,9.900787132037742744e-01
1.259925212979175757e-01,7.169813223170597993e-01,6.048753545352876237e+00,-1.512413071906925088e-01,9.884921961517417754e-01
1.311387652937319737e-01,7.153873082758619439e-01,6.044650049643355949e+00,-1.532690918658604351e-01,9.881795984589238913e-01
1.382496901680651813e-01,7.131327956867248297e-01,6.038465987920968558e+00,-1.563239160768370439e-01,9.877014673172629378e-01
1.445195023195403605e-01,7.110828369995955134e-01,6.033283763011184853e+00,-1.588828336281096765e-01,9.872943395959250523e-01
1.486462884494788306e-01,7.097479940614916938e-01,6.028503712293348471e+00,-1.612419606094553926e-01,9.869113243905345279e-01
1.490516625437406650e-01,7.096157563740412844e-01,6.028038655671998036e+00,-1.614714446483331844e-01,9.868738258889970805e-01
1.494570395358707504e-01,7.094835177412728289e-01,6.027573595726130051e+00,-1.617009303277067989e-01,9.868363271193968389e-01
1.498624165280008358e-01,7.093512791085044844e-01,6.027108535780262066e+00,-1.619304160070804133e-01,9.867988283497965973e-01
1.502677906222626703e-01,7.092190414210539640e-01,6.026643479158911632e+00,-1.621599000459582052e-01,9.867613298482592610e-01
1.809140152413663272e-01,6.976723302829775930e-01,5.988104123081000374e+00,-1.811435692897623850e-01,9.834556127816753701e-01
1.867913079229700513e-01,6.954163016406528230e-01,5.980900759351603035e+00,-1.846845057389820410e-01,9.827969456657800196e-01
1.916464383054949372e-01,6.935189273342197147e-01,5.974850223594458498e+00,-1.876568786886574358e-01,9.822337215744642025e-01
1.990230988252128796e-01,6.905604156185061182e-01,5.965635139533167930e+00,-1.921805840614484173e-01,9.813588156287680331e-01
2.046381567935715295e-01,6.881808092133179233e-01,5.959068435397973040e+00,-1.954017056042161304e-01,9.807226146104088826e-01
2.051240494206635623e-01,6.879692385946672983e-01,5.958472695959468268e+00,-1.956938001313786590e-01,9.806642448501106113e-01
2.056099455212208049e-01,6.877576664635772774e-01,5.957876952262243897e+00,-1.959858967466160395e-01,9.806058746725486719e-01
2.060958416217780476e-01,6.875460943324871455e-01,5.957281208565020414e+00,-1.962779933618533923e-01,9.805475044949868435e-01
2.285322963908410776e-01,6.776606332272603339e-01,5.932167750572844511e+00,-2.085746475908617503e-01,9.780055747351277251e-01
2.346895975268750711e-01,6.748603748240915579e-01,5.924880982828389264e+00,-2.121364626731526148e-01,9.772389708989313029e-01
2.407006591042549493e-01,6.721424358400008847e-01,5.918233200225666124e+00,-2.153835054547859618e-01,9.765283861011786470e-01
2.462036861713758629e-01,6.696359157301680076e-01,5.911970956309326120e+00,-2.184400657250540057e-01,9.758491705666750837e-01
2.521996658873105202e-01,6.667380117634972292e-01,5.904835432982340038e+00,-2.219203070392109234e-01,9.750638025523885588e-01
2.581958081842711250e-01,6.638063017797861676e-01,5.897421918636979399e+00,-2.255331621785055529e-01,9.742347744037826995e-01
2.599210412988484098e-01,6.629530515110193534e-01,5.895366351362845592e+00,-2.265343448222652267e-01,9.740024581866031372e-01
2.603460517844896627e-01,6.627436632687938589e-01,5.894825073418004102e+00,-2.267979123907689909e-01,9.739409969331711547e-01
2.607710622701309711e-01,6.625342750265682534e-01,5.894283795473162613e+00,-2.270614799592727551e-01,9.738795356797391722e-01
2.611960727557722239e-01,6.623248867843427590e-01,5.893742517528321123e+00,-2.273250475277765470e-01,9.738180744263071897e-01
2.870495029167424161e-01,6.487704883908146369e-01,5.854101990939213351e+00,-2.465805470359815343e-01,9.691217791711250751e-01
2.927611688371078991e-01,6.454174557041914007e-01,5.846257373311672723e+00,-2.503797007913028394e-01,9.681466418968092125e-01
2.980447606985906495e-01,6.425525240736920107e-01,5.838725753559975473e+00,-2.540238134675871784e-01,9.671970504734758167e-01
3.038177203371384416e-01,6.392696329056684057e-01,5.828902204937006282e+00,-2.587714699072541924e-01,9.659380021372296898e-01
3.090970936350791454e-01,6.361519156906909611e-01,5.819338824349698847e+00,-2.633874043804294018e-01,9.646899438837334140e-01
3.142300260507744913e-01,6.329434262558204516e-01,5.811711135406606665e+00,-2.670605717207811813e-01,9.636638965808621560e-01
3.191752595326555197e-01,6.298920354594119697e-01,5.802991994671955034e+00,-2.712545686344983165e-01,9.624740181652561288e-01
3.241205283661666714e-01,6.268406228497486188e-01,5.794272791607417261e+00,-2.754485955295355448e-01,9.612841312436529728e-01
3.290657971996777675e-01,6.237892102400851568e-01,5.785553588542879488e+00,-2.796426224245727177e-01,9.600942443220499278e-01
3.348266585785960037e-01,6.197733547617433336e-01,5.776605149825080332e+00,-2.839381150433443746e-01,9.588425063100215473e-01
3.400422439456459167e-01,6.163846080255068749e-01,5.764463476045164292e+00,-2.897536615655790238e-01,9.571005708951232371e-01
3.452617666562353693e-01,6.128983963997723938e-01,5.755427769187421383e+00,-2.940747713395701068e-01,9.557818781420264198e-01
3.504185623498321522e-01,6.093084391746496076e-01,5.747041921005932252e+00,-2.980797196431315688e-01,9.545405242264107804e-01
3.552994641959882904e-01,6.058410920780749054e-01,5.739742328752021727e+00,-3.015615597085183341e-01,9.534460961949976499e-01
3.580376137580731366e-01,6.035868845264975580e-01,5.734096698565641859e+00,-3.042518444464007432e-01,9.525913209009395644e-01
3.584486657833037548e-01,6.032953117691550737e-01,5.733307231076802957e+00,-3.046277961116473088e-01,9.524710088577624800e-01
3.588597207469920169e-01,6.030037369274676706e-01,5.732517757944354919e+00,-3.050037504644320663e-01,9.523506959545195993e-01
3.592707757106802791e-01,6.027121620857803785e-01,5.731728284811906882e+00,-3.053797048172168793e-01,9.522303830512766076e-01
3.802444494816615839e-01,5.868158500033486824e-01,5.690337422748188878e+00,-3.250194989204832074e-01,9.457063085329315832e-01
3.853280140488691274e-01,5.828364102588229345e-01,5.680932252638067226e+00,-3.294628974479421046e-01,9.441666928515664026e-01
3.894376943880082931e-01,5.793713169527404672e-01,5.670876987573282513e+00,-3.342055563436588383e-01,9.424981224120694279e-01
3.942291247789743713e-01,5.755455004443513767e-01,5.661855274699590268e+00,-3.384537056134553912e-01,9.409812356438788106e-01
3.994625268062755863e-01,5.714522810812231457e-01,5.652681843855339672e+00,-3.427663891230275928e-01,9.394196254886509889e-01
4.031701346188377166e-01,5.681781434249891793e-01,5.644815316661653704e+00,-3.464589016190898763e-01,9.380646820476836734e-01
4.035540790418698509e-01,5.678465506974109678e-01,5.644355294011658586e+00,-3.466746119672279303e-01,9.379848434642695798e-01
4.039380262095774721e-01,5.675149555994001282e-01,5.643895268073134019e+00,-3.468903238573988745e-01,9.379050043101192502e-01
4.043219733772850932e-01,5.671833605013891777e-01,5.643435242134608565e+00,-3.471060357475697633e-01,9.378251651559690316e-01
4.223489174104800292e-01,5.513664699630850263e-01,5.607753404037924660e+00,-3.637815923659107886e-01,9.314836077545272097e-01
4.273295703530387013e-01,5.469564608882236945e-01,5.597872901062133089e+00,-3.683787389065466544e-01,9.296746751668476527e-01
4.316573727464743659e-01,5.431306491122384061e-01,5.590788804274237300e+00,-3.716693406150892720e-01,9.283639475760099291e-01
4.379659295365361249e-01,5.397999241684471317e-01,5.588133538018736246e+00,-3.728983996614733676e-01,9.278618870764773208e-01
4.423853041887264581e-01,5.354203688979878306e-01,5.579997261337638292e+00,-3.766697892738915532e-01,9.263367314167856303e-01
4.473160315392760156e-01,5.304170574822355544e-01,5.570900685418830989e+00,-3.808806595201045253e-01,9.246176929895824070e-01
4.501836425902492334e-01,5.273857638829766437e-01,5.565979882613683039e+00,-3.831513943732057226e-01,9.236704988816831774e-01
4.532387644409662797e-01,5.241765729768177451e-01,5.560719847647010106e+00,-3.855767175301942351e-01,9.226533192679737816e-01
4.562938862916833815e-01,5.209673820706588465e-01,5.555459812680338061e+00,-3.880020406871828031e-01,9.216361396542644968e-01
4.593489863026297138e-01,5.177582141056450427e-01,5.550199815315425056e+00,-3.904273465065644655e-01,9.206189673119408168e-01
4.700063163386286602e-01,5.062277481913682875e-01,5.539233696677941410e+00,-3.954732194263479439e-01,9.184736623708817937e-01
4.744358941208227654e-01,5.013154746634075343e-01,5.537535369980252753e+00,-3.962531577431175900e-01,9.181378501194265018e-01
4.788094473991547084e-01,4.964537906472053508e-01,5.537362602838672210e+00,-3.963325973090612853e-01,9.181039158039464576e-01
4.831946411668641139e-01,4.915676146854255357e-01,5.539478183830155444e+00,-3.953610573295197606e-01,9.185222745828044433e-01
4.877728917585845703e-01,4.865381350925541137e-01,5.540978224387644424e+00,-3.946720807321045799e-01,9.188186494758938672e-01
4.886193532999057454e-01,4.856788373960480021e-01,5.541677597159567981e+00,-3.943507035945161276e-01,9.189564774069152175e-01
4.890795339279596088e-01,4.852429607240977272e-01,5.542392888763887804e+00,-3.940220065402274541e-01,9.190974311839544830e-01
4.895397178456731280e-01,4.848070809362276523e-01,5.543108185481560035e+00,-3.936933071362060388e-01,9.192383859686198422e-01
5.044650441408943253e-01,4.681157794899071800e-01,5.543004025230549026e+00,-3.937407649549246602e-01,9.192169104612554209e-01
5.100932470296611898e-01,4.621793594382161419e-01,5.542912845390634224e+00,-3.937830940851412831e-01,9.191999451636329033e-01
5.145317673910551060e-01,4.574619352753803159e-01,5.543426506737840320e+00,-3.935471525083906186e-01,9.193014011678908304e-01
5.192601977354163179e-01,4.522480697007588146e-01,5.544024843044964790e+00,-3.932718100980359677e-01,9.194183975194536451e-01
5.272035841391262689e-01,4.450721677565779300e-01,5.548562311870972152e+00,-3.911751050086369474e-01,9.202852545282621533e-01
5.319081414746806846e-01,4.401604583203493348e-01,5.549739424291859180e+00,-3.906329520798113020e-01,9.205142736412414983e-01
5.341331651664491531e-01,4.379024642199474404e-01,5.550706705427645105e+00,-3.901860894898522836e-01,9.206992714939999933e-01
5.344358055960544140e-01,4.375582152528142421e-01,5.550566535847003102e+00,-3.902511202944886071e-01,9.206731135622900908e-01
5.347384481891231944e-01,4.372139638247735660e-01,5.550426365264341300e+00,-3.903161515640059531e-01,9.206469554435869895e-01
5.350410907821920858e-01,4.368697123967329454e-01,5.550286194681678609e+00,-3.903811828335232437e-01,9.206207973248838883e-01
5.509462542967524801e-01,4.154235606259917279e-01,5.537448252257131998e+00,-3.962903000792089014e-01,9.181139853305060328e-01
5.555919010396356272e-01,4.103060679031376723e-01,5.539525087967126282e+00,-3.953363364218604459e-01,9.185241590213051310e-01
5.597480494125957051e-01,4.058596911606539015e-01,5.542699882504566133e+00,-3.938776429285469338e-01,9.191502462424357978e-01
5.649697442346411913e-01,4.006147488441732518e-01,5.547084840810074802e+00,-3.918614990585094215e-01,9.200116493695610353e-01
5.696895501466129330e-01,3.957307426872619938e-01,5.552796443750600552e+00,-3.892315692443216180e-01,9.211246912982935520e-01
5.730500771525818271e-01,3.920491557735140131e-01,5.557951629811293870e+00,-3.868552041492798188e-01,9.221230275836904688e-01
5.734296274369893309e-01,3.916318074493113643e-01,5.558513221351303990e+00,-3.865961445085203119e-01,9.222313411252270887e-01
5.738091804346603375e-01,3.912144561416411870e-01,5.559074816905922312e+00,-3.863370830158400215e-01,9.223396554410568937e-01
5.741887334323312331e-01,3.907971048339710096e-01,5.559636412460541521e+00,-3.860780215231597312e-01,9.224479697568866987e-01
5.930593200555911437e-01,3.718623992974293135e-01,5.589845170459889268e+00,-3.721010918925184985e-01,9.281729560595193274e-01
5.983390140645512556e-01,3.667509442312046342e-01,5.600120397215754942e+00,-3.673283003042950301e-01,9.300741629236496388e-01
6.023213012285988377e-01,3.627017022670535051e-01,5.607751199089059391e+00,-3.637771154495364478e-01,9.314691146130246180e-01
6.073574866627088342e-01,3.576993641034348359e-01,5.615925876501704828e+00,-3.599661987514490846e-01,9.329465019274746362e-01
6.129756452772597841e-01,3.524904882963921793e-01,5.623992197883389998e+00,-3.562001148032386544e-01,9.343895487371122188e-01
6.181519250022396994e-01,3.478388667226083308e-01,5.631245371100852104e+00,-3.528093622883365366e-01,9.356757934132429178e-01
6.229793410293880118e-01,3.434960669767632702e-01,5.635679308137011567e+00,-3.507317793759180957e-01,9.364493524859215379e-01
6.278067915659334419e-01,3.391532361858621836e-01,5.640113276869733738e+00,-3.486541816116341397e-01,9.372229170884855964e-01
6.326342421024787610e-01,3.348104053949610970e-01,5.644547245602455909e+00,-3.465765838473501836e-01,9.379964816910496550e-01
6.373542794698107139e-01,3.306344105605313333e-01,5.648359443524423540e+00,-3.447905009967104362e-01,9.386620540291158443e-01
6.436822499431992251e-01,3.253574645502400053e-01,5.652323104427544820e+00,-3.429297493341196823e-01,9.393440558143433261e-01
6.485734601797868981e-01,3.209885465037395913e-01,5.655083258662854107e+00,-3.416333115798937947e-01,9.398171336599947523e-01
6.534276003289299917e-01,3.166358406930604996e-01,5.656268716417780062e+00,-3.410768929108177749e-01,9.400213883614355614e-01
6.585009115434399263e-01,3.123001045351425087e-01,5.655857958907686722e+00,-3.412703877030393573e-01,9.399525348170070238e-01
6.635410151379452781e-01,3.080336455003938045e-01,5.655330311995554027e+00,-3.415173948196257858e-01,9.398598180396454671e-01
6.639461491302943719e-01,3.076790543142262080e-01,5.655348949443196993e+00,-3.415085959179213204e-01,9.398628887811394383e-01
6.643512860187952285e-01,3.073244605932184403e-01,5.655367587024072051e+00,-3.414997969533167810e-01,9.398659595445849613e-01
6.647564229072961961e-01,3.069698668722106727e-01,5.655386224604946221e+00,-3.414909979887122971e-01,9.398690303080304842e-01
6.834119375854980083e-01,2.901498004923087071e-01,5.655882703237445241e+00,-3.412591652894107486e-01,9.399578775947803333e-01
6.887891687579498212e-01,2.856990850737914922e-01,5.654938804636897132e+00,-3.417024422938834127e-01,9.397958978767139149e-01
6.941830874818591957e-01,2.814925331570284350e-01,5.654509740750850888e+00,-3.419025295290107347e-01,9.397183892771426850e-01
6.990633219144168908e-01,2.774016211674972809e-01,5.654183620469237503e+00,-3.420557901433266546e-01,9.396627209411450021e-01
7.043195584197448067e-01,2.725862957252894736e-01,5.653425939267103573e+00,-3.424118330417633138e-01,9.395333023434414566e-01
7.094976898151735822e-01,2.683015726996085260e-01,5.648826695438822654e+00,-3.445734076290977721e-01,9.387486059166444408e-01
7.111326595729390299e-01,2.669212894881493603e-01,5.647309763708697083e+00,-3.452855237943159294e-01,9.384875502520148016e-01
7.115242774137184867e-01,2.665956041394057507e-01,5.646954928879406310e+00,-3.454520365585689867e-01,9.384263142417819115e-01
7.119158980540278847e-01,2.662699164624590664e-01,5.646600091513533037e+00,-3.456185505131596503e-01,9.383650777937957432e-01
7.123075186943372827e-01,2.659442287855123821e-01,5.646245254147659764e+00,-3.457850644677503138e-01,9.383038413458094640e-01
7.343618539819539714e-01,2.462440752652188536e-01,5.619866144532850605e+00,-3.581281205493390130e-01,9.336555636443660822e-01
7.391886343470597254e-01,2.420322753199489474e-01,5.612025355408172267e+00,-3.617866454607522320e-01,9.322469354721977242e-01
7.421137106160351493e-01,2.393042785035064679e-01,5.606446618284888217e+00,-3.643859176706235603e-01,9.312349274066253901e-01
7.478331750221717256e-01,2.335835723637496586e-01,5.591708832178695410e+00,-3.712376469473787632e-01,9.285233324931663201e-01
7.525424332695018759e-01,2.293471949087673434e-01,5.582058891084414221e+00,-3.757130539572677286e-01,9.267204517339551195e-01
7.553512320365219912e-01,2.266500328567270239e-01,5.576964487679648030e+00,-3.780720703169481722e-01,9.257596798217933021e-01
7.557303954250661482e-01,2.262775832221830818e-01,5.576236859853252348e+00,-3.784088367480191173e-01,9.256220392187977097e-01
7.561095615241077983e-01,2.259051309251355610e-01,5.575509226825316134e+00,-3.787456055865077165e-01,9.254843976318607446e-01
7.564887276231495594e-01,2.255326786280880402e-01,5.574781593797379919e+00,-3.790823744249963156e-01,9.253467560449237794e-01
7.742134823944226696e-01,2.074155515138838557e-01,5.532938131916844249e+00,-3.983550421382884288e-01,9.172072849038972464e-01
7.781611040358801246e-01,2.033544508510248261e-01,5.521833058663936811e+00,-4.034423985888485609e-01,9.149828544499498673e-01
7.811895859272035558e-01,2.001957112008500295e-01,5.513867765801033549e+00,-4.070840060274767969e-01,9.133705467751066509e-01
7.851608929248519164e-01,1.946427066286383345e-01,5.494775399012384653e+00,-4.157822157682344866e-01,9.094378729987157017e-01
7.888467000336237822e-01,1.901263213284000164e-01,5.484581454856657601e+00,-4.204112565155824766e-01,9.073048192260362299e-01
7.910671963010131869e-01,1.873457868521458403e-01,5.477852030030564201e+00,-4.234610439413714622e-01,9.058837413599241106e-01
7.912402645735439055e-01,1.868940034938753325e-01,5.476511433020183617e+00,-4.240676773272636924e-01,9.055986611052463386e-01
7.914133340832751884e-01,1.864422169059740675e-01,5.475170826426375648e+00,-4.246743150497517827e-01,9.053135788126360772e-01
7.915864035930064713e-01,1.859904303180728025e-01,5.473830219832566790e+00,-4.252809527722398730e-01,9.050284965200258158e-01
8.052730948252093679e-01,1.688671426061246761e-01,5.429732451590147058e+00,-4.451318767224690665e-01,8.954344024082667719e-01
8.091760774468509387e-01,1.634822612108073059e-01,5.416243323210455429e+00,-4.511618800828751663e-01,8.924135368303481863e-01
8.123563123074905024e-01,1.594594479706369361e-01,5.405255393391531271e+00,-4.560584221126670612e-01,8.899223644289471213e-01
8.158579792198704661e-01,1.547942736183389734e-01,5.393047539288946979e+00,-4.614807495385522262e-01,8.871198180968434821e-01
8.189957023792093782e-01,1.502325140178364105e-01,5.381652682984078062e+00,-4.665274616989883438e-01,8.844760442991468352e-01
8.214933609945100912e-01,1.462979453623329262e-01,5.371306669251604937e+00,-4.710949492417585427e-01,8.820477804034361213e-01
8.217224433162768626e-01,1.459753976138461751e-01,5.370357897080443088e+00,-4.715130937506894493e-01,8.818237639372497050e-01
8.219515272756677815e-01,1.456528475595858518e-01,5.369409118126862168e+00,-4.719312412487795538e-01,8.815997458696530620e-01
8.221806112350587004e-01,1.453302975053255286e-01,5.368460339173281248e+00,-4.723493887468696584e-01,8.813757278020563080e-01
8.259262897019450378e-01,1.394580512270416073e-01,5.349456507217347223e+00,-4.806712864476076486e-01,8.767906871324292473e-01
8.348192111419596717e-01,1.252455901331869237e-01,5.300956279893791034e+00,-5.018246897498205294e-01,8.649370429068224952e-01
8.371555252610485276e-01,1.209809709044348813e-01,5.286360292918502957e+00,-5.081238823955496198e-01,8.612522491652897516e-01
8.392117415690321103e-01,1.171064636014255422e-01,5.274151037174330980e+00,-5.133723120591647815e-01,8.581348250086762164e-01
8.418793507251290942e-01,1.121601382685833009e-01,5.258643996557142763e+00,-5.200100047540634485e-01,8.541280125889716413e-01
8.442581231839896283e-01,1.075660791424351836e-01,5.244245939304566839e+00,-5.261431277043355781e-01,8.503587228877702575e-01
8.447804131049880816e-01,1.065039111700271518e-01,5.240847894275207253e+00,-5.275870515155473006e-01,8.494634147875583796e-01
8.449332350377827261e-01,1.061917280808893083e-01,5.239889765319352577e+00,-5.279937046719163085e-01,8.492101929016492301e-01
8.450860569705774816e-01,1.058795449917514647e-01,5.238931636363497013e+00,-5.284003578282852054e-01,8.489569710157400806e-01
8.452388789033722372e-01,1.055673619026136212e-01,5.237973507407641449e+00,-5.288070109846542133e-01,8.487037491298308201e-01
8.542839547215695939e-01,8.537786978414342587e-02,5.176941518813670484e+00,-5.544590924592301961e-01,8.321789414070049906e-01
8.561368060753528075e-01,8.082125606978921017e-02,5.163416725072256241e+00,-5.600730058247478382e-01,8.284091538921358744e-01
8.584595695019584527e-01,7.665177795051068832e-02,5.150278516918928240e+00,-5.655055028008338924e-01,8.247160860861141307e-01
8.603597289872266796e-01,7.174422556201080770e-02,5.136578900314391127e+00,-5.711404340661746515e-01,8.208218635662787310e-01
8.619923561367478504e-01,6.710756281243036858e-02,5.123077037954026913e+00,-5.766688026825728119e-01,8.169476203602684672e-01
8.628668212349276390e-01,6.490597248431317912e-02,5.116747919413192847e+00,-5.792511753077277392e-01,8.151186083007166960e-01
8.629639140725633428e-01,6.450643022633989476e-02,5.115586077527816578e+00,-5.797247883727909556e-01,8.147822395970856224e-01
8.630610076042796175e-01,6.410688511218798347e-02,5.114424227336866302e+00,-5.801984048235373503e-01,8.144458684888802313e-01
8.631581011359958922e-01,6.370733999803608605e-02,5.113262377145915138e+00,-5.806720212742837450e-01,8.141094973806747292e-01
8.696718052984800940e-01,4.336952074472171653e-02,5.055855099523228979e+00,-6.037960775417744452e-01,7.971071228386431562e-01
8.717684749161627167e-01,3.864317888857614347e-02,5.041509406563442042e+00,-6.095033048419858934e-01,7.927625894549520380e-01
8.728191450645355065e-01,3.529456509278536963e-02,5.032031425436372274e+00,-6.132530304302702406e-01,7.898648676359369958e-01
8.738045501409343885e-01,2.930384136529216171e-02,5.017025368787326300e+00,-6.191598239279006988e-01,7.852385464911455504e-01
8.755310947708884184e-01,2.437380229140967067e-02,5.001949877421068891e+00,-6.250635101278503303e-01,7.805522161497039368e-01
8.761125822166405674e-01,2.199914953191439010e-02,4.995315844695046970e+00,-6.276497707627841649e-01,7.784753238137563924e-01
8.761866599222885021e-01,2.160200553353085542e-02,4.994228540262156457e+00,-6.280725482452510500e-01,7.781335528404058621e-01
8.762607381574901710e-01,2.120485869611296939e-02,4.993141228056531489e+00,-6.284953287499964736e-01,7.777917794238621285e-01
8.763348163926919510e-01,2.080771185869507989e-02,4.992053915850906520e+00,-6.289181092547420082e-01,7.774500060073183949e-01
8.793529301517919450e-01,-5.316557833925290334e-04,4.936022942024547611e+00,-6.504412735216772434e-01,7.595186372454770796e-01
8.798947840122994801e-01,-5.482614285108602763e-03,4.922084434236277950e+00,-6.557192019850945908e-01,7.549677019761678043e-01
8.806209762573700139e-01,-9.746281511404258219e-03,4.911064747845181877e+00,-6.598704618532158506e-01,7.513450337665910084e-01
8.815046101617654006e-01,-1.485132000488989176e-02,4.898339012678428084e+00,-6.646387703548318759e-01,7.471322991626050403e-01
8.831402099060683408e-01,-1.951950683644267451e-02,4.882365545188898537e+00,-6.705917170693953544e-01,7.418080451811476239e-01
8.830879038091767885e-01,-2.303709311320447511e-02,4.873455897289604266e+00,-6.738873239063722931e-01,7.388107465570845633e-01
8.832194057050752889e-01,-2.338285557723495181e-02,4.871835904040253240e+00,-6.744854765978218758e-01,7.382645897764774645e-01
8.833509085410317097e-01,-2.372862051299235234e-02,4.870215899210174726e+00,-6.750836335652419251e-01,7.377184290915990150e-01
8.834824113769882414e-01,-2.407438544874974939e-02,4.868595894380097100e+00,-6.756817905326620854e-01,7.371722684067206766e-01
8.844257922122152893e-01,-3.643520072019105355e-02,4.826311633569606130e+00,-6.910596949374609999e-01,7.226648893985734290e-01
8.845169272135818828e-01,-4.579208817133777892e-02,4.796093445380314790e+00,-7.019530963678934921e-01,7.121966732611345607e-01
8.844908505331591231e-01,-5.040983650173033043e-02,4.780408920502863701e+00,-7.075149829289849590e-01,7.066682256116491034e-01
8.842140455944822452e-01,-5.439570605939460929e-02,4.769029505738397567e+00,-7.115213738831441814e-01,7.026284161378145710e-01
8.846645397566548219e-01,-5.959321274682886221e-02,4.749729817073325755e+00,-7.182711333796909514e-01,6.957323962249646332e-01
8.846233458550033513e-01,-6.385032902745071959e-02,4.735481886908832649e+00,-7.232097495067741910e-01,6.905983325497997427e-01
8.844427453842345077e-01,-6.438023135863037150e-02,4.734354576294896866e+00,-7.235979809302705013e-01,6.901897128684668647e-01
8.842637177916645719e-01,-6.476056071886560073e-02,4.733710793482346801e+00,-7.238190320865143246e-01,6.899557304555204995e-01
8.840846901990946360e-01,-6.514089007910082996e-02,4.733067010669796737e+00,-7.240400832427582589e-01,6.897217480425742453e-01
8.832122876190805494e-01,-8.089753299927017471e-02,4.677935978714327092e+00,-7.427752234365292416e-01,6.695037789646632875e-01
8.823241389559215442e-01,-8.531902472697831807e-02,4.664903571726392251e+00,-7.471198624746059336e-01,6.646475819774997351e-01
8.814603070186652900e-01,-8.984783103929691594e-02,4.651382555197208113e+00,-7.515910254766108300e-01,6.595770585217419768e-01
8.811931634729659457e-01,-9.409066466435017650e-02,4.636527012158891736e+00,-7.564725250530027756e-01,6.539789413440576515e-01
8.803555207106845693e-01,-9.868721623301186796e-02,4.622317550312377676e+00,-7.610959468478160073e-01,6.485847165459774910e-01
8.796908130896322620e-01,-1.029661083881987516e-01,4.607734382053719990e+00,-7.658059764373246203e-01,6.430188464961551498e-01
8.796342528501518432e-01,-1.033926815715806996e-01,4.606236782828252885e+00,-7.662871777532453965e-01,6.424451669830478773e-01
8.796004294733846818e-01,-1.037036646793566691e-01,4.605140986302804329e+00,-7.666390874928615817e-01,6.420252481118685628e-01
8.795666058548267108e-01,-1.040146500102348964e-01,4.604045181943915210e+00,-7.669909997481492159e-01,6.416053262388458078e-01
8.761575805809747042e-01,-1.197947717599825851e-01,4.552467781854326212e+00,-7.832804315858263866e-01,6.216145818216501917e-01
8.751785955475200884e-01,-1.239186994324722874e-01,4.541135690288149895e+00,-7.867944840184586397e-01,6.171700927025359773e-01
8.741471036139757400e-01,-1.278140894908610381e-01,4.530010705399804216e+00,-7.902172118473813622e-01,6.127855122122395359e-01
8.716375036679868682e-01,-1.344182891790814960e-01,4.504769429784404089e+00,-7.978710093560349437e-01,6.027512312504276215e-01
8.720195327591179213e-01,-1.386616247904897126e-01,4.484078537321837921e+00,-8.040812989304709779e-01,5.944776300885513676e-01
8.706569443781929651e-01,-1.419982489467631337e-01,4.477107549211650550e+00,-8.061520376846743607e-01,5.916740330995194919e-01
8.700991923406159456e-01,-1.436254872418379347e-01,4.471974645363146372e+00,-8.076683605164981516e-01,5.896034837599898326e-01
8.700246190690494874e-01,-1.438888160404102889e-01,4.471027955795713105e+00,-8.079473144692018716e-01,5.892210816684688712e-01
8.699500452643865733e-01,-1.441521467214220420e-01,4.470081259460748413e+00,-8.082262704160434463e-01,5.888386768432980478e-01
8.698754714597235482e-01,-1.444154774024337951e-01,4.469134563125784609e+00,-8.085052263628851321e-01,5.884562720181271134e-01
8.698008981881572010e-01,-1.446788062010061771e-01,4.468187873558351342e+00,-8.087841803155888520e-01,5.880738699266062630e-01
8.608831752713511642e-01,-1.647010227253134784e-01,4.393682801394153792e+00,-8.301080126721771535e-01,5.575320120712907723e-01
8.594354585732710827e-01,-1.681705506408023854e-01,4.381397087994819195e+00,-8.335157154664123436e-01,5.524213271331763764e-01
8.573516369173186380e-01,-1.727315616645893614e-01,4.364751254565389260e+00,-8.380844250143357765e-01,5.454649102964244101e-01
8.554734741917158214e-01,-1.768453416497959563e-01,4.350107049276152438e+00,-8.420545592666778267e-01,5.393129621871949331e-01
8.542441841467014463e-01,-1.795959609735322260e-01,4.339916733150664285e+00,-8.447896349605196198e-01,5.350143972540586379e-01
8.540708676881765271e-01,-1.799922468312109003e-01,4.338699242237780140e+00,-8.451145327948913488e-01,5.344996362612866037e-01
8.538975499906767963e-01,-1.803885355217894060e-01,4.337481742621506875e+00,-8.454394329518364337e-01,5.339848715886802433e-01
8.517764502489070244e-01,-1.856523836025890661e-01,4.319046247005542405e+00,-8.502703616437955469e-01,5.261351580257073168e-01
8.466135297858752295e-01,-1.978605174317743243e-01,4.274569557415207832e+00,-8.618312696773358095e-01,5.071401515346143363e-01
8.443057113490427534e-01,-2.018585039962726424e-01,4.259050055033879900e+00,-8.657422741743515671e-01,5.004383422676033089e-01
8.447114019343500146e-01,-2.064435781547203919e-01,4.243868109031636138e+00,8.695150430832401245e-01,-4.938515387483238261e-01
8.436068287581626191e-01,-2.120297928743302973e-01,4.224944362240548479e+00,8.741623576872179502e-01,-4.856098538409280296e-01
8.383958487690823524e-01,-2.149441238655269426e-01,4.211572473094484792e+00,8.773883935431902037e-01,-4.797538091511129865e-01
8.361386860351107675e-01,-2.183586835978900131e-01,4.197811748084763650e+00,8.806676761443549273e-01,-4.737053185575813008e-01
8.359346521231363347e-01,-2.186405560939874704e-01,4.196576133513852724e+00,8.809594067025060538e-01,-4.731607379181765882e-01
8.357306167525994089e-01,-2.189224306050862878e-01,4.195340510109994092e+00,8.812511393461300857e-01,-4.726161533857679564e-01
8.355265813820624832e-01,-2.192043051161851053e-01,4.194104886706135460e+00,8.815428719897541177e-01,-4.720715688533593246e-01
8.296140097762589871e-01,-2.363145849128913956e-01,4.153204456846761872e+00,8.910110031181514012e-01,-4.539459493903291176e-01
8.271325838477664449e-01,-2.398409852648850649e-01,4.138532581879789340e+00,8.943216067019331694e-01,-4.473996395798682801e-01
8.244782813864440785e-01,-2.433295554557491081e-01,4.124807278073848060e+00,8.973743242082863336e-01,-4.412534324748463299e-01
8.215479793152705712e-01,-2.467698855685146186e-01,4.112113479915395331e+00,9.001590649945184763e-01,-4.355501237526790415e-01
8.177740911837541038e-01,-2.491878893731999112e-01,4.077684242050052532e+00,9.074981769662149311e-01,-4.199788984560533511e-01
8.143332561173359796e-01,-2.519436294456046110e-01,4.064424335264558152e+00,9.102702962835729217e-01,-4.139565218239959488e-01
8.140240724077291157e-01,-2.521402685212155159e-01,4.063512630215134536e+00,9.104613005808080972e-01,-4.135426140868079248e-01
8.137148864878832599e-01,-2.523369090025258110e-01,4.062600918648270998e+00,9.106523062434617177e-01,-4.131287033907478090e-01
8.134057005680372932e-01,-2.525335494838360506e-01,4.061689207081407460e+00,9.108433119061153382e-01,-4.127147926946877488e-01
8.022841639729406671e-01,-2.662534319019448370e-01,4.003864083373018801e+00,9.223917116576345610e-01,-3.862103653978152251e-01
7.989044566437044637e-01,-2.703639549784919160e-01,3.985505232690514710e+00,9.258997861964829434e-01,-3.777279187622908929e-01
7.925932061689748842e-01,-2.710854447182124982e-01,3.976818202304869043e+00,9.275076795242378491e-01,-3.736929904229166488e-01
7.928881531106396485e-01,-2.764422508161352154e-01,3.958741979703121583e+00,9.308556594847277044e-01,-3.652982685190443446e-01
7.850384877004794593e-01,-2.765523007733505789e-01,3.950815838931006407e+00,9.322788357880982257e-01,-3.615996839146392028e-01
7.814131885979759273e-01,-2.797511930190922369e-01,3.936248121514085874e+00,9.348856833953788081e-01,-3.547987167341032366e-01
7.804476800147307491e-01,-2.806165215557059334e-01,3.932310636608087329e+00,9.355841529933973666e-01,-3.529581471725133923e-01
7.802599124146707421e-01,-2.809344467147140700e-01,3.931138256702289446e+00,9.357928828681680855e-01,-3.524104040382053937e-01
7.800721434723303371e-01,-2.812523741464506011e-01,3.929965868415584929e+00,9.360016142350708890e-01,-3.518626569882860045e-01
7.798843745299898211e-01,-2.815703015781871321e-01,3.928793480128880411e+00,9.362103456019735814e-01,-3.513149099383665597e-01
7.664303897772017926e-01,-2.964386375033946086e-01,3.861049380377682638e+00,9.475891637113038612e-01,-3.194142637044896649e-01
7.635671859602125577e-01,-3.003018667066720271e-01,3.841250099822300701e+00,9.506987118021609229e-01,-3.100160190131601712e-01
7.598720730536001611e-01,-3.028246678539276426e-01,3.827453950495436796e+00,9.528183259182525511e-01,-3.034518887922850738e-01
7.560784897628893830e-01,-3.061718492869645036e-01,3.810161144550015422e+00,9.554060133752103612e-01,-2.952020665435768354e-01
7.518169886409954428e-01,-3.087674791189705115e-01,3.795641620484843326e+00,9.575300339973256136e-01,-2.882601697319461254e-01
7.499839957523448675e-01,-3.104807307436304731e-01,3.786264483160370009e+00,9.588673376688559014e-01,-2.837664795435139165e-01
7.496004976379868623e-01,-3.107072225759800466e-01,3.784991290746585246e+00,9.590478929317125534e-01,-2.831560413913736807e-01
7.492169967821438181e-01,-3.109337160274353029e-01,3.783718089231222770e+00,9.592284494852915122e-01,-2.825455988754387859e-01
7.387958128886511489e-01,-3.172627726243596458e-01,3.745775890596418911e+00,9.643672645544653088e-01,-2.642847160553020713e-01
7.324410875480384941e-01,-3.213705314298578863e-01,3.720954777310687245e+00,9.676126215947012943e-01,-2.523069444741222744e-01
7.285918340752123301e-01,-3.238667735044722384e-01,3.706572976123108987e+00,9.693915510601252006e-01,-2.453398647470209359e-01
7.251489120280509848e-01,-3.254437233416496711e-01,3.696936053140474243e+00,9.705699955812278068e-01,-2.406679261266326808e-01
7.224049870080648805e-01,-3.325729315345000714e-01,3.688732351125967313e+00,9.715205966752562539e-01,-2.366778420743375078e-01
7.159551706923710235e-01,-3.305391234445310689e-01,3.661918903981492335e+00,9.746311853922744461e-01,-2.236377790378437647e-01
7.122991986481540527e-01,-3.320145544833355000e-01,3.651305932360075168e+00,9.758124346437702101e-01,-2.184646347098824770e-01
7.118044836190517977e-01,-3.320597671533260797e-01,3.650610875152776380e+00,9.758900937923183916e-01,-2.181258985890239810e-01
7.113097650534162542e-01,-3.321049801465251750e-01,3.649915812976772589e+00,9.759677534960228273e-01,-2.177871600466672608e-01
7.108150464877805996e-01,-3.321501931397243257e-01,3.649220750800769242e+00,9.760454131997273741e-01,-2.174484215043105406e-01
6.861386293490215893e-01,-2.364650358812381004e-01,3.588640907429853755e+00,9.645536022402274590e-01,-1.877052657174725636e-01
6.903199276337316226e-01,-3.421493058622578354e-01,3.575340723788927200e+00,9.834001467261394014e-01,-1.812512808751582105e-01
6.866644237460580724e-01,-3.439777540087569641e-01,3.561421552570327886e+00,9.846389176851692016e-01,-1.744030954689035628e-01
6.784951263868540527e-01,-3.419461091738079661e-01,3.560012198976696407e+00,9.847391432611335427e-01,-1.737052407854848546e-01
6.755148334053622250e-01,-3.447033473563693162e-01,3.540394466182388289e+00,9.863930585283954278e-01,-1.640374000873441596e-01
6.743790522315150637e-01,-3.483336490205544145e-01,3.520512506415798271e+00,9.879954682323710546e-01,-1.542269851301935057e-01
6.740227287817420754e-01,-3.483895582491684517e-01,3.519804491590051931e+00,9.880499221719926117e-01,-1.538772049816002074e-01
6.736664027847457659e-01,-3.484454678774567271e-01,3.519096471702972018e+00,9.881043765008851176e-01,-1.535274223325590881e-01
6.733100767877493453e-01,-3.485013775057450025e-01,3.518388451815891660e+00,9.881588308297776235e-01,-1.531776396835179410e-01
6.572668824785158348e-01,-3.532724159986425083e-01,3.461619881473853244e+00,9.920750775861105764e-01,-1.250673618948638655e-01
6.515960983473663148e-01,-3.541151903596730932e-01,3.448973780745405726e+00,9.928572844929811625e-01,-1.187933189060204203e-01
6.430634109821667943e-01,-3.565737565651967977e-01,3.420878422750328163e+00,9.944458220621945621e-01,-1.048365817733536570e-01
6.377150766363510748e-01,-3.578253387169703648e-01,3.403091794520891611e+00,9.953418998739707035e-01,-9.598893455287706156e-02
6.324678735834879939e-01,-3.583283028745140597e-01,3.391205432434160283e+00,9.959060268218232759e-01,-9.007279283492589106e-02
6.316899555485191442e-01,-3.585419194604296811e-01,3.387730550888969461e+00,9.960587883505426232e-01,-8.834213158205701799e-02
6.311162481123095969e-01,-3.585366473685543398e-01,3.385802743710368379e+00,9.961423766112924572e-01,-8.738188896434771757e-02
6.305425406761000495e-01,-3.585313752766789430e-01,3.383874936531767741e+00,9.962259648720421801e-01,-8.642164634663841716e-02
6.109985207162076382e-01,-3.581588557951109197e-01,3.341889615608876429e+00,9.978064964927181313e-01,-6.548978552362495764e-02
6.065202194381751344e-01,-3.587803318227898997e-01,3.327577976635479384e+00,9.982494156747400149e-01,-5.834803625111549541e-02
6.020912763429940862e-01,-3.593062841222371961e-01,3.313599990235941206e+00,9.986327106264416553e-01,-5.136990191494156949e-02
5.975111242947199752e-01,-3.600397563686449920e-01,3.298469123696021299e+00,9.990027314042605466e-01,-4.381385371776774090e-02
5.928997833500657677e-01,-3.596772868448890881e-01,3.289651907268276165e+00,9.991830913311263718e-01,-3.940910665529515772e-02
5.882333714381553502e-01,-3.602909731633271440e-01,3.276829120853560706e+00,9.994182459803457874e-01,-3.300228475801162548e-02
5.861387997208393763e-01,-3.603416235293570580e-01,3.270890447098802500e+00,9.995113577958153472e-01,-3.003452187816083030e-02
5.856509973750795295e-01,-3.603665971028315873e-01,3.269010286101448060e+00,9.995389171366082515e-01,-2.909488007105673693e-02
5.851631915422026431e-01,-3.603915708548329766e-01,3.267130111663524517e+00,9.995664766744125629e-01,-2.815523154680375090e-02
5.769307478067452477e-01,-3.605781203926766709e-01,3.242814981341881175e+00,9.997765307851770311e-01,-1.600017665342376091e-02
5.698242433391217387e-01,-3.684724675919555104e-01,3.205364274916803868e+00,9.999542858033250159e-01,2.722803181329080426e-03
5.591957894800523299e-01,-3.582935262428180168e-01,3.187854367479000306e+00,9.999056608853326145e-01,1.147731013467542110e-02
5.556917805558119206e-01,-3.582377545953677189e-01,3.180801587502809280e+00,9.998561548975951618e-01,1.500322150888351233e-02
5.553435453749085982e-01,-3.672175051788901801e-01,3.161355804776409872e+00,9.996608004155048688e-01,2.472381000920671063e-02
5.504265195702597868e-01,-3.669447482634459745e-01,3.148587579183627305e+00,9.994716973170492125e-01,3.110486426516647154e-02
5.483335430540280386e-01,-3.671386328839162383e-01,3.143756223687839579e+00,9.994064350685445408e-01,3.351960723208812637e-02
5.479578054937691567e-01,-3.672524431107022092e-01,3.142470607968486540e+00,9.993858444542640385e-01,3.416206740293242783e-02
5.475820652475025252e-01,-3.673662541510750446e-01,3.141184983058746383e+00,9.993652536927888352e-01,3.480453216648492221e-02
5.296821771300197490e-01,-3.573738685462661269e-01,3.110313525835692428e+00,9.986381038277271083e-01,5.022211933239580095e-02
5.156706138691672381e-01,-3.522591201915142300e-01,3.082111265053124605e+00,9.978558898953627798e-01,6.430022983348678001e-02
5.192352033145019030e-01,-3.641939165184546745e-01,3.070835442528455861e+00,9.975205954696133581e-01,6.992802205805606630e-02
5.065171163505637342e-01,-3.508148528230691787e-01,3.056633348702099351e+00,9.969342359220377814e-01,7.700463095724284501e-02
5.086642236254347305e-01,-3.633742692191735402e-01,3.042801219449544625e+00,9.963929064674393876e-01,8.389887246577766577e-02
5.035671649614482659e-01,-3.617456453426827756e-01,3.032858672353861973e+00,9.959795214196995872e-01,8.885254913809639832e-02
4.918266870320338047e-01,-3.474826707416048821e-01,3.026254987208891745e+00,9.956342447505590609e-01,9.213637089433517058e-02
4.914923701341555873e-01,-3.473956076421698680e-01,3.025992950640941537e+00,9.956277530058988967e-01,9.226733632110391270e-02
4.911580508463705419e-01,-3.473085439203532077e-01,3.025730912199789735e+00,9.956212612148317431e-01,9.239830268409565672e-02
4.908237315585854410e-01,-3.472214801985364918e-01,3.025468873758637489e+00,9.956147694237645895e-01,9.252926904708740075e-02
4.904894146607072236e-01,-3.471344170991014777e-01,3.025206837190687281e+00,9.956082776791045363e-01,9.266023447385615674e-02
4.668216110782703043e-01,-3.453054758317458117e-01,2.960355955797353111e+00,9.920877150234702624e-01,1.248897629708217577e-01
4.632021521692625265e-01,-3.445468151761424958e-01,2.948369063297135995e+00,9.913377328317642956e-01,1.308356632801003783e-01
4.589957289860281953e-01,-3.434483599339257509e-01,2.936529003229361834e+00,9.905525337630066707e-01,1.367030644279470797e-01
4.579623975423788851e-01,-3.461177116829196598e-01,2.920821039315435019e+00,9.894008402195483276e-01,1.444721148857417148e-01
4.535385025552935434e-01,-3.492960159205161230e-01,2.905045673844564913e+00,9.883005220434969429e-01,1.522818582151863886e-01
4.532206566710340057e-01,-3.492071071856390763e-01,2.904032451091060896e+00,9.882230629775249353e-01,1.527824945411012381e-01
4.529028085146127869e-01,-3.491181978151866594e-01,2.903019221094405022e+00,9.881456033578268627e-01,1.532831344458784606e-01
4.525849603581915681e-01,-3.490292884447342425e-01,2.902005991097749149e+00,9.880681437381289012e-01,1.537837743506557109e-01
4.326851389283939975e-01,-3.420331635451538954e-01,2.848866954972323118e+00,9.836104125174625068e-01,1.799745872717626038e-01
4.275730764799987038e-01,-3.399641255543529028e-01,2.836398445876872731e+00,9.824845119589895592e-01,1.861060233912104900e-01
4.158278182985423177e-01,-3.256694744697090083e-01,2.826106367544487519e+00,9.814891063962540851e-01,1.911546296123623756e-01
4.109010288935076582e-01,-3.225676860347974628e-01,2.812767913703640765e+00,9.802033851493360261e-01,1.976983145752202187e-01
4.068129878824806589e-01,-3.211361759691596096e-01,2.802491055180304169e+00,9.791493279930671978e-01,2.027271493635030286e-01
4.031997233162399885e-01,-3.194214870896980862e-01,2.790263785536982954e+00,9.778999807002721756e-01,2.087113287709138620e-01
4.022892794573131314e-01,-3.202587111649100038e-01,2.784377379164359567e+00,9.772989942152930931e-01,2.115923216366683568e-01
4.031767400318220784e-01,-3.227086203467294245e-01,2.782963744024425257e+00,9.771508540559378231e-01,2.122834060666300982e-01
4.040642006063309699e-01,-3.251585295285488453e-01,2.781550108884491390e+00,9.770027138965825531e-01,2.129744904965918395e-01
4.049516611808398614e-01,-3.276084387103682660e-01,2.780136473744557080e+00,9.768545737372272830e-01,2.136655749265535809e-01
4.058391154112694355e-01,-3.300583303788257039e-01,2.778722848710101445e+00,9.767064346368632410e-01,2.143566544162457399e-01
3.852965291221762123e-01,-3.208124291840410702e-01,2.719076798792622540e+00,9.698289401011517263e-01,2.433728793542294655e-01
3.705027969140530231e-01,-3.078746410479629159e-01,2.670469683254067750e+00,9.635624980734107670e-01,2.668501350744271194e-01
3.702931240620537245e-01,-3.099630973459027161e-01,2.681493873740629308e+00,9.651301437792764171e-01,2.615652593679575477e-01
3.666136202247101128e-01,-3.106803138836979339e-01,2.663753982314112090e+00,9.627602245343171994e-01,2.701121654435603703e-01
3.650222820277440050e-01,-3.090157549413189986e-01,2.663134508298585335e+00,9.626910269291092392e-01,2.704144289666160494e-01
3.646454664431680315e-01,-3.087742469628310116e-01,2.661940577061919999e+00,9.625274714690935651e-01,2.709885220703932562e-01
3.642686481648779728e-01,-3.085327372578924865e-01,2.660746637290285044e+00,9.623639148398809295e-01,2.715626192781480097e-01
3.638918298865879142e-01,-3.082912275529539614e-01,2.659552697518650088e+00,9.622003582106682940e-01,2.721367164859027632e-01
3.392981587680488631e-01,-2.841041369238829772e-01,2.607242216312740002e+00,9.547351101872793011e-01,2.972013881050616368e-01
3.345787976468442282e-01,-2.797767617641840343e-01,2.596288187838022843e+00,9.530800470948492809e-01,3.024218778679174657e-01
3.309997502723258100e-01,-2.767226573188822369e-01,2.586139473871497341e+00,9.515617590346248100e-01,3.072634710025764493e-01
3.256164266297705279e-01,-2.728925719344309497e-01,2.572883131768237241e+00,9.494743776126192136e-01,3.135539094115666336e-01
3.273027895890033845e-01,-2.824572525107347243e-01,2.557101383116606730e+00,9.470045429059958941e-01,3.210477532915332888e-01
3.198361903965649122e-01,-2.693314073063999281e-01,2.562806856530417399e+00,9.474765198351794426e-01,3.181971141263047476e-01
3.194731740497955275e-01,-2.690169432409263428e-01,2.562696680169247010e+00,9.474664886803551012e-01,3.182518282444825042e-01
3.191101551079577048e-01,-2.687024769274664604e-01,2.562586503020467088e+00,9.474564574538216766e-01,3.183065427537911662e-01
3.187471361661198266e-01,-2.683880106140065225e-01,2.562476325871687166e+00,9.474464262272882520e-01,3.183612572630997728e-01
3.028747100299380435e-01,-2.600643012745591509e-01,2.502231126864750799e+00,9.378418065143105942e-01,3.469050571446581910e-01
2.996001998713984094e-01,-2.592495932057488628e-01,2.482369195094962677e+00,9.343229197944609155e-01,3.561906595372043571e-01
2.958091081676504919e-01,-2.559101178891331485e-01,2.469761955207927961e+00,9.320537807140761855e-01,3.620712638723402321e-01
2.924025346434216965e-01,-2.526217308852360399e-01,2.466260263130286567e+00,9.314453307204401122e-01,3.637132304696444329e-01
2.876615214358679284e-01,-2.487537854901629986e-01,2.452242349175336678e+00,9.288736988015591223e-01,3.702328968228116302e-01
2.850414104457929532e-01,-2.462389967134949176e-01,2.443966000590726662e+00,9.273291190101533576e-01,3.740714595880041404e-01
2.836479004159084272e-01,-2.448967302694697035e-01,2.435927448847895249e+00,9.257778202786708377e-01,3.777788931819456852e-01
2.822543804243403121e-01,-2.435544542300821791e-01,2.427888839640455210e+00,9.242265104575320134e-01,3.814863532789474765e-01
2.808608604327721969e-01,-2.422121781906946825e-01,2.419850230433015170e+00,9.226752006363931891e-01,3.851938133759493232e-01
2.794673504028876709e-01,-2.408699117466694684e-01,2.411811678690184202e+00,9.211239019049106691e-01,3.889012469698908681e-01
2.627371772420569185e-01,-2.232834718064028445e-01,2.386676889127838930e+00,9.162496079482942424e-01,4.004839217315480093e-01
2.591185025310028256e-01,-2.196323617263656325e-01,2.374625516864097730e+00,9.138086822916883234e-01,4.059927203253246297e-01
2.521410156334119024e-01,-2.080125561804561374e-01,2.366957744460700841e+00,9.122405802933661878e-01,4.094909701583111516e-01
2.472325190169073206e-01,-2.011771498651051537e-01,2.363340916430119787e+00,9.114854696290863867e-01,4.111341155795220081e-01
2.443249666807565945e-01,-1.982043775992108625e-01,2.353442205532131126e+00,9.094553891574898019e-01,4.156476081562459068e-01
2.440886647506399221e-01,-1.980781265899754229e-01,2.352140876262780900e+00,9.091886152810036981e-01,4.162410522381913003e-01
2.438523611312888861e-01,-1.979518746782185645e-01,2.350839537690713410e+00,9.089218394974506454e-01,4.168345005624471966e-01
2.436160575119378224e-01,-1.978256227664617062e-01,2.349538199118645476e+00,9.086550637138974817e-01,4.174279488867030374e-01
2.433797555818211777e-01,-1.976993717572262665e-01,2.348236869849295250e+00,9.083882898374113779e-01,4.180213929686484309e-01
2.295900356837283218e-01,-1.833190689897093439e-01,2.284112533030102643e+00,8.945080121519191074e-01,4.469199370570315355e-01
2.264162537667373798e-01,-1.784285382382853891e-01,2.275984821129279911e+00,8.926929255035729316e-01,4.505556863655187372e-01
2.238367709838272879e-01,-1.749799181903342604e-01,2.267316850812287843e+00,8.907330647580748995e-01,4.544209814384686519e-01
2.199870368991936331e-01,-1.694322490128813419e-01,2.253417801359910211e+00,8.875532318243687380e-01,4.605999469498429089e-01
2.167687241979133483e-01,-1.651572833054452960e-01,2.241934298746978360e+00,8.848854793010388908e-01,4.656839709608361355e-01
2.157405989569446680e-01,-1.636855066452224394e-01,2.238423509306918913e+00,8.840699007217760474e-01,4.672383038133190447e-01
2.150053660625588781e-01,-1.624187651513298025e-01,2.237691142793508892e+00,8.839049422572310410e-01,4.675652846936224627e-01
2.142701279122672664e-01,-1.611520146019745636e-01,2.236958771044684102e+00,8.837399826134594294e-01,4.678922679113903249e-01
2.081477672683001157e-01,-1.511878256241675211e-01,2.214342598268530526e+00,8.783713249260556299e-01,4.778439891536352402e-01
1.985276879566109376e-01,-1.329333862790212095e-01,2.200422552297327083e+00,8.750245458906600327e-01,4.839459657965512474e-01
1.959945606927836481e-01,-1.298633648154141340e-01,2.178941377291866210e+00,8.698021579057839681e-01,4.933308035239843958e-01
1.975391090469719446e-01,-1.331945625164163705e-01,2.156152931024343911e+00,8.641266973723367162e-01,5.032104516912979664e-01
1.944795491398424447e-01,-1.243103455897802828e-01,2.145447493571654540e+00,8.613265320424225990e-01,5.077730402768099172e-01
1.961020257311530957e-01,-1.272559114928009938e-01,2.113662325315492030e+00,8.531508078268330575e-01,5.213990226430262886e-01
1.939347839634798509e-01,-1.210843703937458105e-01,2.109913240099415166e+00,8.521291550332806830e-01,5.229708410602474933e-01
1.935005350005695179e-01,-1.210907338387145621e-01,2.103692451009028908e+00,8.505103668806671680e-01,5.256262849750915622e-01
1.930662829333752439e-01,-1.210970973291732034e-01,2.097471617448541270e+00,8.488915671559408294e-01,5.282817478727139804e-01
1.871825788286994308e-01,-1.139724160080629323e-01,2.009385782826354383e+00,8.248729671779634343e-01,5.651889319358291974e-01
1.890307585190151851e-01,-1.114038390239763254e-01,2.013374124630162409e+00,8.260010293346607968e-01,5.635445032576082980e-01
1.868568531749011941e-01,-1.054405656364673927e-01,2.004786268035638308e+00,8.235735023060737348e-01,5.670860189564265186e-01
1.815336839731270802e-01,-9.215515678132375765e-02,2.010915955215148099e+00,8.252615804031832036e-01,5.645277135655631939e-01
1.768729105070180330e-01,-8.633633402818159663e-02,1.974537929106015666e+00,8.149301409101372684e-01,5.794959961865896458e-01
1.757808805556059784e-01,-8.244862002897868081e-02,1.967010692422045182e+00,8.127191968399675170e-01,5.825418218557762984e-01
1.710593991064779662e-01,-7.483801623174393680e-02,1.953982124781361351e+00,8.089513256617688608e-01,5.878555389927705432e-01
1.709135474342886873e-01,-7.420678015369075453e-02,1.953049549365219129e+00,8.086751815951953581e-01,5.882312589572119554e-01
1.707676947194602113e-01,-7.357553956316623123e-02,1.952116967282442772e+00,8.083990355545709328e-01,5.886069816075353289e-01
1.706218420046317075e-01,-7.294429897264170792e-02,1.951184385199666638e+00,8.081228895139465074e-01,5.889827042578587024e-01
1.704759903324424564e-01,-7.231306289458852565e-02,1.950251809783524193e+00,8.078467454473730047e-01,5.893584242223001146e-01
1.699562310882678784e-01,-6.713355735242601541e-02,1.948625531490663976e+00,8.073562207285422954e-01,5.900070447949564700e-01
1.595208101219724173e-01,-3.552827189787037543e-02,1.925519325514453817e+00,8.004908755958805022e-01,5.992985437065181387e-01
1.576185597162525764e-01,-2.826929461757610867e-02,1.927495853004406401e+00,8.010871186507375619e-01,5.985104200779247652e-01
1.592978999351094549e-01,-2.658861567501519252e-02,1.934830530794935610e+00,8.032562421753284276e-01,5.955536680101225500e-01
1.606303560314847334e-01,-2.392586581612352048e-02,1.942458836073752249e+00,8.055112082490533121e-01,5.924774509643909726e-01
1.605476608486571810e-01,-2.346075581330889573e-02,1.942729668117859188e+00,8.055916454671928628e-01,5.923685234048845505e-01
1.604649650746726164e-01,-2.299564248559629598e-02,1.943000502098043425e+00,8.056720832603482263e-01,5.922595950666956766e-01
1.603822693006880518e-01,-2.253052915788369970e-02,1.943271336078227662e+00,8.057525210535035898e-01,5.921506667285068026e-01
1.467036768340867214e-01,9.319598476303814216e-03,1.933071604122444720e+00,8.027443318194766864e-01,5.962686422686930277e-01
1.440404672843263734e-01,1.686926017522384635e-02,1.928934308668428965e+00,8.015149278326704207e-01,5.979322741539994102e-01
1.426521771248840664e-01,2.357975353436022811e-02,1.933507093342573091e+00,8.028782085605765673e-01,5.960968503214194580e-01
1.402029239040170350e-01,2.993633045280802776e-02,1.931599290387119305e+00,8.023082353306544290e-01,5.968617087232300777e-01
1.382891677239300177e-01,3.634654882539786053e-02,1.935798441198264053e+00,8.035590406578525524e-01,5.951754573643942559e-01
1.363208818312968973e-01,4.291084211439728097e-02,1.942267845782972069e+00,8.054811424239722850e-01,5.925738783665335241e-01
1.361607359070965972e-01,4.349324433592348382e-02,1.943002886939519058e+00,8.056985886088479099e-01,5.922776000182735645e-01
1.360153295948687557e-01,4.402710877029299835e-02,1.943695153081157034e+00,8.059033655927879680e-01,5.919985522182757975e-01
1.358699232826409142e-01,4.456097320466251288e-02,1.944387419222794788e+00,8.061081425767280262e-01,5.917195044182780306e-01
1.286220061199774556e-01,6.672836886502210574e-02,1.977224941149883009e+00,8.157193195970036115e-01,5.784085670612163499e-01
1.272694771757075516e-01,7.201292130468929520e-02,1.992926477837038579e+00,8.202306670451993131e-01,5.719837028515368793e-01
1.257562589216087157e-01,7.683694893307793650e-02,2.007814076262669278e+00,8.244623738811452940e-01,5.658600412323374629e-01
1.239450692075995536e-01,8.151321835503730351e-02,2.021554582832837621e+00,8.283310693693038962e-01,5.601828575691079060e-01
1.218922516997915095e-01,8.674565617238287618e-02,2.036659582312175143e+00,8.325360535065975398e-01,5.539095549668821006e-01
1.199326145353065282e-01,9.144735729096127586e-02,2.048699903434234137e+00,8.358568676179961576e-01,5.488883948824216930e-01
1.189346522187635508e-01,9.351876533309574913e-02,2.054893761449189338e+00,8.375555609023093151e-01,5.462990294067938679e-01
1.186592119101836929e-01,9.423748283877654564e-02,2.056214051495784290e+00,8.379158932341074228e-01,5.457459228648535721e-01
1.130174117445481990e-01,1.065838399079391680e-01,2.084773393199754299e+00,8.456239226423225563e-01,5.337259356881098871e-01
1.113632365800889118e-01,1.104305629076845624e-01,2.091716743742026985e+00,8.474747228093703066e-01,5.307888585071894871e-01
1.070498535113559302e-01,1.190734094826502304e-01,2.100686500387567435e+00,8.498355311332339568e-01,5.269757802589918327e-01
1.041127255034630938e-01,1.250795345063604180e-01,2.102981444135262112e+00,8.504352161234370877e-01,5.259975184416491034e-01
1.004406033554037930e-01,1.312650355526772117e-01,2.106873433446159627e+00,8.514389969677825798e-01,5.243303756042664299e-01
9.666525431322080253e-02,1.387060335559178736e-01,2.104595868165966444e+00,8.508585731522494422e-01,5.253102744688851189e-01
9.348192183152460866e-02,1.451323576694972528e-01,2.104720500635449465e+00,8.508946579189538006e-01,5.252593197578023787e-01
9.250172581030284558e-02,1.472923109228274074e-01,2.105111923575017752e+00,8.509953521465495330e-01,5.250914913751876245e-01
9.233904214905010177e-02,1.477143813583580712e-01,2.105491717332958590e+00,8.510944933225054188e-01,5.249295374256337521e-01
9.217635732483255018e-02,1.481364548111128998e-01,2.105871513805903206e+00,8.511936352071846068e-01,5.247675823183315380e-01
9.201367250061498471e-02,1.485585282638677285e-01,2.106251310278847821e+00,8.512927770918637949e-01,5.246056272110293239e-01
7.929324627365057221e-02,1.747360018022708628e-01,2.102282779538305224e+00,8.502427272384682766e-01,5.262891923222290380e-01
7.612709230443649722e-02,1.810540070676150970e-01,2.102672787050159364e+00,8.503444099608229445e-01,5.261228066991612273e-01
7.390259534566234745e-02,1.858661717711481420e-01,2.104445670193439089e+00,8.508199342137574561e-01,5.253746747033566367e-01
7.047482602389086581e-02,1.928122748155919608e-01,2.105046237235076667e+00,8.509765213682888296e-01,5.251184622974008898e-01
6.751832640617616565e-02,1.987166632839851843e-01,2.105560412316766161e+00,8.511130163679960781e-01,5.249006079391076440e-01
